0,0.0442,0.189,0.4671,0.3183,0.1926,0.1699,0.2085,0.5766,0.0002,0.0001,0.0658,0.2315,1.8667,1.9161,10.5534,1.6657,14.3084,
1,0.0444,0.2957,0.4858,0.3176,0.2058,0.1829,0.2206,0.6191,0.0003,0.0002,0.0967,0.3732,2.2061,2.2543,9.6635,1.4563,13.5863,
2,0.044,0.3542,0.4792,0.328,0.2022,0.1757,0.2212,0.6064,0.0002,0.0002,0.0859,0.2506,2.1236,2.1715,8.6625,1.4263,12.4635,
3,0.0412,0.3217,0.4896,0.3152,0.2007,0.1746,0.2236,0.6078,0.0002,0.0002,0.0829,0.2418,2.0757,2.1202,10.4813,1.4804,14.2873,
4,0.0437,0.3047,0.4654,0.3109,0.2022,0.1634,0.217,0.586,0.0002,0.0002,0.0692,0.2539,2.0026,2.0499,10.0885,1.6143,13.9689,
5,0.0429,0.3152,0.4644,0.3156,0.2013,0.1678,0.2207,0.5971,0.0002,0.0002,0.0739,0.2436,2.0252,2.0718,9.2049,0.9072,12.3889,
6,0.0412,0.3697,0.4724,0.305,0.2027,0.1767,0.2209,0.6102,0.0002,0.0001,0.0714,0.2434,2.089,2.1336,10.1272,1.3813,13.8458,
7,0.0442,0.2968,0.4868,0.3215,0.219,0.2195,0.2308,0.6775,0.0002,0.0002,0.085,0.2592,2.1423,2.1902,9.4117,1.7464,13.5609,
8,0.0419,0.293,0.4539,0.3297,0.1989,0.227,0.2126,0.6474,0.0003,0.0002,0.0729,0.2436,2.0584,2.1052,10.5391,1.8283,14.6779,
9,0.0452,0.3195,0.4783,0.3103,0.2159,0.2052,0.235,0.6596,0.0002,0.0002,0.0632,0.2763,2.1219,2.1707,10.0291,1.8812,14.3056,
10,0.0413,0.3052,0.4682,0.3006,0.2167,0.212,0.2311,0.6656,0.0002,0.0002,0.0628,0.2427,2.0568,2.1015,9.9961,1.9162,14.2333,
11,0.0429,0.311,0.4798,0.3245,0.22,0.2269,0.2339,0.6902,0.0002,0.0002,0.079,0.2603,2.1658,2.2128,9.8825,1.1563,13.4759,
12,0.044,0.3079,0.4863,0.3122,0.2188,0.1709,0.2414,0.6377,0.0002,0.0002,0.0607,0.2443,2.0693,2.1169,10.0732,1.8622,14.2781,
13,0.041,0.3671,0.4805,0.3126,0.2477,0.2194,0.2477,0.7203,0.0002,0.0001,0.0861,0.259,2.2401,2.2846,10.4995,1.9315,14.9295,
14,0.0407,0.3118,0.4895,0.3157,0.3299,0.2203,0.2547,0.8104,0.0003,0.0002,0.0884,0.2752,2.3092,2.3535,10.074,1.7204,14.3583,
15,0.0419,0.3055,0.4741,0.4302,0.2326,0.2222,0.2477,0.712,0.0002,0.0002,0.0819,0.2449,2.267,2.3122,10.7493,1.6764,14.9492,
16,0.0457,0.2747,0.4689,0.337,0.217,0.1783,0.2404,0.6417,0.0002,0.0002,0.062,0.2499,2.0512,2.1017,11.2919,1.9764,15.5736,
17,0.0413,0.3141,0.4811,0.3044,0.2182,0.2066,0.2278,0.6572,0.0002,0.0002,0.0601,0.25,2.0816,2.1265,10.9727,1.8574,15.1661,
18,0.0413,0.385,0.4761,0.3434,0.2167,0.2041,0.2416,0.67,0.0003,0.0002,0.0647,0.2592,2.2168,2.2617,10.9491,1.9742,15.3954,
19,0.0416,0.3554,0.4801,0.3177,0.2412,0.2328,0.2571,0.7393,0.0003,0.0001,0.061,0.2445,2.2156,2.2608,10.9004,1.9048,15.274,
20,0.0415,0.2975,0.4811,0.3124,0.2458,0.2098,0.2536,0.7182,0.0002,0.0002,0.0609,0.241,2.1297,2.1747,9.9042,1.6846,13.9765,
21,0.0417,0.3044,0.486,0.3295,0.2551,0.208,0.2686,0.7356,0.0002,0.0002,0.0722,0.265,2.2092,2.2542,11.0569,1.8361,15.3669,
22,0.0449,0.2978,0.4835,0.3067,0.2476,0.2139,0.2619,0.7336,0.0003,0.0002,0.0939,0.2582,2.197,2.2461,11.6635,1.9317,16.0643,
23,0.0415,0.3132,0.4616,0.334,0.2455,0.1768,0.2616,0.6892,0.0002,0.0001,0.0992,0.2606,2.1728,2.2178,10.2467,1.7282,14.4017,
24,0.0446,0.2778,0.4534,0.3397,0.2396,0.2237,0.2553,0.7257,0.0002,0.0002,0.062,0.2499,2.1262,2.1775,11.4826,1.9739,15.8511,
25,0.0411,0.3017,0.452,0.3463,0.2596,0.257,0.2644,0.7943,0.0003,0.0002,0.0809,0.2595,2.251,2.2957,11.2333,1.9625,15.7024,
26,0.0418,0.3163,0.4838,0.3061,0.2408,0.1764,0.2559,0.679,0.0002,0.0002,0.0627,0.2746,2.1428,2.1883,9.9697,1.3268,13.7045,
27,0.0412,0.3083,0.479,0.3024,0.247,0.2107,0.2564,0.7184,0.0002,0.0002,0.0592,0.2465,2.1319,2.1767,10.0559,1.1595,13.605,
28,0.0426,0.3179,0.4794,0.358,0.2616,0.2207,0.2639,0.7509,0.0002,0.0001,0.0814,0.2692,2.2696,2.3157,10.5862,1.2814,14.4155,
29,0.0426,0.3032,0.4894,0.32,0.2613,0.2217,0.2658,0.7575,0.0002,0.0001,0.0644,0.2523,2.2069,2.253,11.7817,1.7249,15.9716,
30,0.0412,0.3341,0.4837,0.3163,0.2492,0.1648,0.2562,0.6737,0.0002,0.0002,0.0651,0.2576,2.1455,2.1915,11.4661,1.7728,15.653,
31,0.0415,0.2947,0.4829,0.3172,0.2487,0.2146,0.2477,0.7165,0.0001,0.0002,0.0693,0.2667,2.1645,2.2092,11.8609,1.9479,16.2335,
32,0.0414,0.2916,0.4596,0.3141,0.257,0.2235,0.2585,0.7439,0.0003,0.0002,0.072,0.2437,2.1437,2.1895,12.2228,1.7896,16.4042,
33,0.0418,0.3319,0.4869,0.3249,0.2469,0.2248,0.2662,0.7977,0.0003,0.0002,0.073,0.2624,2.2964,2.3422,11.3756,2.0303,15.963,
34,0.0416,0.3599,0.4704,0.3074,0.2508,0.2165,0.3072,0.7839,0.0003,0.0002,0.0632,0.2501,2.2496,2.2946,11.9025,1.7907,16.2024,
35,0.0438,0.2958,0.4742,0.3162,0.2496,0.2232,0.2629,0.7419,0.0002,0.0002,0.0811,0.2548,2.1822,2.2296,11.0418,1.8999,15.3902,
36,0.0453,0.3155,0.4709,0.3083,0.2507,0.2132,0.2577,0.7273,0.0002,0.0002,0.0736,0.2472,2.1571,2.2059,12.7787,1.9929,17.1918,
37,0.0425,0.3658,0.4669,0.3071,0.2422,0.2091,0.2511,0.7093,0.0003,0.0002,0.0746,0.2504,2.1878,2.2336,10.0211,1.7876,14.2563,
38,0.0419,0.3211,0.4689,0.3146,0.2651,0.2229,0.2661,0.7604,0.0002,0.0002,0.0663,0.2624,2.2118,2.257,10.6573,1.6114,14.7405,
39,0.0427,0.3872,0.5316,0.2956,0.251,0.2165,0.2629,0.7374,0.0003,0.0001,0.0714,0.2593,2.2989,2.3453,12.1656,2.041,16.7615,
40,0.0462,0.2768,0.4513,0.3097,0.2609,0.233,0.2637,0.7676,0.0003,0.0002,0.0816,0.2532,2.1609,2.212,13.4983,2.0231,17.9497,
41,0.0422,0.3206,0.4893,0.3206,0.251,0.2202,0.2611,0.7396,0.0002,0.0002,0.0639,0.2621,2.2149,2.2608,13.5702,2.0113,18.0504,
42,0.0419,0.3775,0.4803,0.3142,0.2553,0.2312,0.2723,0.7709,0.0002,0.0002,0.0715,0.4046,2.4333,2.4786,12.6323,2.038,17.3547,
43,0.0416,0.3127,0.4784,0.3066,0.2456,0.222,0.2648,0.7433,0.0002,0.0001,0.0593,0.2537,2.1715,2.2167,12.9216,1.975,17.3175,
44,0.0418,0.3684,0.4747,0.3123,0.2512,0.2137,0.2663,0.7384,0.0002,0.0002,0.0614,0.2624,2.2367,2.2818,12.8853,2.2056,17.574,
45,0.0417,0.3082,0.4675,0.322,0.2537,0.2195,0.2663,0.7478,0.0002,0.0002,0.0695,0.2859,2.2203,2.2654,12.6283,2.051,17.1474,
46,0.0421,0.3633,0.4789,0.302,0.2469,0.1942,0.2622,0.7068,0.0002,0.0002,0.0596,0.2571,2.1814,2.2269,14.6029,2.1454,19.176,
47,0.0405,0.4776,0.4781,0.332,0.2414,0.2146,0.2558,0.7168,0.0002,0.0002,0.0851,0.2757,2.3865,2.4304,14.451,1.2039,18.2838,
48,0.0444,0.2784,0.4648,0.3318,0.2442,0.2344,0.2607,0.7461,0.0002,0.0002,0.0626,0.2579,2.1625,2.212,14.2222,2.0771,18.7098,
49,0.0415,0.3111,0.4922,0.3366,0.2583,0.2215,0.2682,0.7576,0.0002,0.0002,0.065,0.2559,2.2388,2.2841,14.3772,2.1461,19.0111,
50,0.0414,0.3602,0.4769,0.3149,0.2513,0.224,0.2684,0.7497,0.0002,0.0002,0.0856,0.2653,2.2715,2.3164,14.4538,1.321,18.2899,
51,0.0414,0.3142,0.4817,0.32,0.2534,0.2266,0.26,0.7457,0.0002,0.0001,0.0598,0.258,2.1987,2.2435,12.6566,2.111,17.2082,
52,0.0419,0.498,0.4711,0.3176,0.2615,0.3277,0.2728,0.87,0.0062,0.0002,0.0833,0.2774,2.5402,2.5854,13.4341,1.8929,18.1143,
53,0.0417,0.3115,0.4664,0.3079,0.2539,0.2126,0.2647,0.7366,0.0003,0.0001,0.064,0.2622,2.1623,2.2077,13.9735,2.133,18.5115,
54,0.042,0.4024,0.4791,0.3077,0.2547,0.2136,0.2695,0.7492,0.0002,0.0001,0.0795,0.2806,2.3193,2.3649,13.4197,1.933,17.9187,
55,0.0412,0.3134,0.4723,0.2994,0.2505,0.2246,0.2654,0.7484,0.0002,0.0001,0.0708,0.26,2.1816,2.2263,13.7507,2.0821,18.2634,
56,0.0431,0.2059,0.4512,0.345,0.2449,0.2335,0.2583,0.7467,0.0002,0.0002,0.0669,0.2799,2.1127,2.1606,15.7229,2.2124,20.2983,
57,0.042,0.3197,0.4746,0.3276,0.2518,0.2172,0.2716,0.7458,0.0002,0.0002,0.0645,0.2868,2.2362,2.2814,13.9386,1.9176,18.3447,
58,0.0439,0.3037,0.4515,0.3085,0.2496,0.2073,0.2693,0.7295,0.0003,0.0002,0.0596,0.2618,2.129,2.1768,15.3122,1.7591,19.46,
59,0.0416,0.3969,0.4815,0.3443,0.2521,0.2253,0.305,0.7885,0.0003,0.0002,0.0702,0.2776,2.3774,2.4224,14.2394,1.9522,18.8113,
60,0.041,0.3763,0.4706,0.321,0.2522,0.2224,0.2619,0.7439,0.0002,0.0001,0.0633,0.2628,2.2586,2.3033,13.4279,1.9883,17.9232,
61,0.0437,0.3168,0.4806,0.3133,0.2515,0.2119,0.2554,0.7265,0.0003,0.0002,0.0734,0.262,2.1939,2.2413,14.4252,1.9886,18.8612,
62,0.0408,0.4947,0.4911,0.3149,0.2492,0.2127,0.2535,0.7196,0.0002,0.0002,0.0607,0.2822,2.3791,2.4232,15.7508,2.0041,20.3782,
63,0.0417,0.3735,0.4698,0.3106,0.2476,0.2192,0.2605,0.7339,0.0002,0.0002,0.0599,0.2698,2.2369,2.2821,14.3226,1.9881,18.7991,
64,0.0444,0.2788,0.4685,0.3145,0.2392,0.2269,0.2565,0.7304,0.0003,0.0002,0.0666,0.2665,2.1428,2.1918,16.0299,2.3649,20.7847,
65,0.0426,0.3277,0.4926,0.3333,0.2517,0.2378,0.2674,0.771,0.0003,0.0002,0.0776,0.2663,2.2899,2.3363,15.0651,2.3098,19.9174,
66,0.042,0.3285,0.48,0.3089,0.2463,0.2215,0.2641,0.7382,0.0002,0.0002,0.0755,0.2771,2.2603,2.3059,13.9536,2.2482,18.7137,
67,0.0441,0.3034,0.4869,0.317,0.2477,0.2249,0.2676,0.7508,0.0002,0.0001,0.0805,0.2662,2.2184,2.2659,14.8996,2.2784,19.6448,
68,0.045,0.3717,0.4764,0.3976,0.2639,0.2216,0.2588,0.7526,0.0002,0.0002,0.0722,0.2699,2.3581,2.4066,15.1252,2.2276,19.9603,
69,0.0419,0.4086,0.4733,0.3121,0.2494,0.2255,0.2612,0.7422,0.0002,0.0002,0.0651,0.2937,2.3145,2.3602,14.4053,2.3333,19.3001,
70,0.0414,0.3735,0.4761,0.3025,0.2501,0.2205,0.2704,0.7531,0.0003,0.0002,0.0826,0.2779,2.2853,2.3302,15.1964,2.0065,19.7395,
71,0.0441,0.3204,0.4833,0.3218,0.2552,0.2154,0.2636,0.741,0.0003,0.0001,0.082,0.2999,2.2652,2.3128,15.4353,1.5953,19.5549,
72,0.0414,0.2737,0.4538,0.3245,0.2595,0.2231,0.2609,0.7499,0.0002,0.0002,0.0629,0.2662,2.1514,2.1975,16.3357,2.2975,21.0344,
73,0.0435,0.3097,0.4768,0.3343,0.2534,0.2223,0.2627,0.7477,0.0002,0.0002,0.0802,0.2661,2.2327,2.28,14.184,2.3542,19.0323,
74,0.0419,0.3038,0.4699,0.3153,0.2489,0.2079,0.263,0.725,0.0003,0.0002,0.0638,0.2679,2.1622,2.2077,16.1732,2.333,20.9218,
75,0.0416,0.3036,0.4834,0.3049,0.2497,0.2223,0.2672,0.7471,0.0002,0.0002,0.0645,0.2877,2.2084,2.2534,16.0552,2.2564,20.7629,
76,0.042,0.2867,0.4839,0.3258,0.2557,0.2228,0.2649,0.7507,0.0003,0.0001,0.069,0.2791,2.2111,2.2563,13.18,1.9566,17.6037,
77,0.0414,0.3649,0.4628,0.3129,0.2533,0.2209,0.2666,0.7484,0.0002,0.0001,0.0632,0.2621,2.23,2.2751,15.7905,2.0798,20.3488,
78,0.0418,0.3541,0.4713,0.3289,0.2484,0.2127,0.2673,0.7373,0.0003,0.0002,0.0646,0.266,2.2395,2.2847,16.3436,2.418,21.2536,
79,0.0451,0.3716,0.4753,0.3024,0.2476,0.2264,0.267,0.7491,0.0002,0.0002,0.0696,0.2796,2.2636,2.3121,15.9703,2.2965,20.7889,
80,0.0419,0.225,0.4553,0.3229,0.2385,0.2216,0.2553,0.7223,0.0002,0.0002,0.0665,0.273,2.0837,2.1304,16.6172,1.2501,20.1958,
81,0.0462,0.3306,0.4896,0.3609,0.2541,0.2385,0.2702,0.7717,0.0003,0.0002,0.0703,0.3053,2.351,2.4009,15.3642,2.0315,19.9993,
82,0.0458,0.4226,0.4795,0.3163,0.2512,0.2254,0.2655,0.7502,0.0002,0.0002,0.0648,0.2737,2.328,2.3775,15.6094,2.0963,20.2917,
83,0.0454,0.3682,0.4713,0.3194,0.2507,0.2111,0.2643,0.7298,0.0003,0.0002,0.0839,0.2795,2.271,2.3202,15.7353,2.1461,20.4258,
84,0.0432,0.3292,0.5032,0.3732,0.2556,0.2436,0.2834,0.7911,0.0002,0.0001,0.0863,0.2746,2.3743,2.4211,14.0559,1.241,17.927,
85,0.0416,0.4137,0.5724,0.3228,0.2502,0.2222,0.2626,0.7441,0.0003,0.0002,0.0819,0.2578,2.4128,2.4578,14.0259,2.2985,18.9813,
86,0.0409,0.3006,0.4756,0.3209,0.2548,0.2211,0.2644,0.7479,0.0002,0.0001,0.06,0.2751,2.1972,2.2413,14.514,2.0418,18.9954,
87,0.0417,0.4313,0.4632,0.29,0.2572,0.2215,0.2682,0.7519,0.0002,0.0002,0.0738,0.2732,2.2975,2.3426,15.262,2.0993,19.9129,
88,0.0437,0.1853,0.4494,0.3301,0.2377,0.2261,0.2543,0.726,0.0002,0.0002,0.0715,0.2687,2.0497,2.0982,15.8861,2.336,20.5244,
89,0.0418,0.3286,0.4723,0.3159,0.2484,0.171,0.267,0.6899,0.0002,0.0003,0.0601,0.2582,2.1394,2.1846,14.2256,2.4132,19.029,
90,0.0413,0.3151,0.4735,0.3087,0.2525,0.2273,0.2714,0.762,0.0002,0.0002,0.08,0.2701,2.2297,2.2746,15.9617,2.2292,20.6726,
91,0.0432,0.2898,0.4799,0.3127,0.2506,0.2229,0.2649,0.743,0.0002,0.0001,0.0619,0.2729,2.1786,2.2253,15.7435,1.9952,20.1807,
92,0.0457,0.3414,0.4597,0.2926,0.2482,0.2136,0.2643,0.7298,0.0002,0.0001,0.061,0.2611,2.1578,2.2066,15.5789,2.2758,20.262,
93,0.041,0.4415,0.5728,0.3026,0.2422,0.205,0.2677,0.7182,0.0002,0.0002,0.0668,0.2715,2.3847,2.4289,16.4038,2.1186,21.158,
94,0.0442,0.4277,0.4787,0.3148,0.2504,0.2212,0.2659,0.7444,0.0003,0.0002,0.0688,0.2627,2.3155,2.3633,15.797,2.347,20.715,
95,0.0417,0.4162,0.4741,0.3308,0.2522,0.2203,0.2692,0.7489,0.0002,0.0002,0.0698,0.2878,2.3448,2.3899,15.9616,2.1006,20.6552,
96,0.0439,0.2734,0.4607,0.3072,0.2474,0.2208,0.2597,0.7355,0.0003,0.0002,0.0745,0.2611,2.1335,2.1822,16.5295,2.4468,21.3619,
97,0.0418,0.3093,0.485,0.3187,0.2546,0.2198,0.263,0.7462,0.0002,0.0002,0.0762,0.2673,2.2219,2.2676,15.6598,2.247,20.378,
98,0.0419,0.3079,0.4857,0.3176,0.251,0.2171,0.2693,0.7443,0.0003,0.0002,0.0643,0.2653,2.201,2.2465,15.2079,2.315,19.9786,
99,0.047,0.4375,0.4963,0.308,0.2508,0.1708,0.281,0.7122,0.0003,0.0002,0.0602,0.2611,2.2926,2.3432,14.9168,2.1395,19.6308,
100,0.043,0.3787,0.4966,0.3015,0.3088,0.2243,0.2731,0.8096,0.0002,0.0002,0.0659,0.2732,2.3418,2.3886,15.1638,2.0644,19.8306,
101,0.0456,0.4852,0.4712,0.3066,0.2604,0.2184,0.2686,0.7558,0.0002,0.0002,0.0611,0.2657,2.3685,2.4176,16.5275,2.3274,21.4742,
102,0.0416,0.3692,0.473,0.3047,0.2546,0.2146,0.2661,0.7409,0.0002,0.0001,0.0652,0.2763,2.2465,2.2914,14.4189,2.1988,19.1104,
103,0.0408,0.3494,0.4727,0.322,0.2538,0.1717,0.2675,0.6993,0.0002,0.0002,0.0707,0.263,2.1929,2.2371,15.3695,1.9618,19.7755,
104,0.0443,0.2864,0.4381,0.3229,0.2384,0.1752,0.2568,0.6805,0.0002,0.0002,0.063,0.273,2.08,2.1292,15.1823,1.9951,19.506,
105,0.0407,0.3225,0.4792,0.3223,0.2539,0.2203,0.2658,0.7475,0.0002,0.0001,0.0609,0.2883,2.24,2.2843,15.985,2.4054,20.8774,
106,0.0414,0.3045,0.4597,0.3155,0.2508,0.1757,0.2727,0.7067,0.0002,0.0001,0.0593,0.2616,2.1235,2.1683,15.2104,2.2853,19.8663,
107,0.0418,0.3175,0.4813,0.3198,0.2518,0.2238,0.2756,0.7634,0.0003,0.0002,0.0804,0.2731,2.2526,2.2977,14.6106,2.2737,19.3804,
108,0.0414,0.4287,0.4895,0.3151,0.2526,0.2287,0.2639,0.7532,0.0003,0.0002,0.0624,0.2606,2.3261,2.3709,15.6658,2.2484,20.4934,
109,0.0416,0.3548,0.451,0.3135,0.255,0.2094,0.266,0.7353,0.0002,0.0002,0.0817,0.2687,2.2214,2.2664,15.377,2.2513,20.1037,
110,0.0414,0.3881,0.4652,0.3077,0.2384,0.177,0.2643,0.6847,0.0002,0.0002,0.0672,0.2792,2.2059,2.2508,14.1714,2.3452,18.9693,
111,0.0415,0.4102,0.4782,0.3333,0.2535,0.2271,0.2642,0.7522,0.0002,0.0002,0.0649,0.2896,2.3504,2.3956,15.9445,2.0695,20.6098,
112,0.0413,0.2799,0.4553,0.3087,0.2448,0.2063,0.2589,0.7183,0.0002,0.0001,0.0714,0.2726,2.1268,2.1728,16.1677,2.1029,20.6419,
113,0.0447,0.3281,0.4901,0.3232,0.2567,0.2154,0.2751,0.7528,0.0002,0.0002,0.062,0.2653,2.2417,2.2902,15.8656,2.181,20.5534,
114,0.0407,0.423,0.483,0.3063,0.2539,0.1611,0.2687,0.6872,0.0002,0.0001,0.0616,0.2695,2.2449,2.2891,15.2723,2.0915,19.8709,
115,0.0413,0.4556,0.4869,0.3195,0.2543,0.2269,0.2693,0.7581,0.0002,0.0002,0.0571,0.2625,2.3596,2.4046,15.9319,1.6236,20.1582,
116,0.042,0.3718,0.4829,0.3126,0.259,0.1681,0.2719,0.7056,0.0002,0.0002,0.0726,0.2603,2.2264,2.2719,16.21,2.1501,20.8354,
117,0.0441,0.3718,0.4744,0.3056,0.2548,0.21,0.2711,0.7409,0.0002,0.0002,0.0668,0.2959,2.2717,2.3194,15.0599,1.6164,19.2114,
118,0.0445,0.3063,0.4765,0.3218,0.2564,0.1683,0.2669,0.6972,0.0002,0.0001,0.0612,0.2627,2.1446,2.1933,15.9855,1.6391,20.0277,
119,0.0421,0.2889,0.4878,0.3238,0.2511,0.2165,0.2736,0.7494,0.0002,0.0001,0.0812,0.2773,2.2255,2.2709,16.2182,2.3516,21.042,
120,0.0431,0.3285,0.4517,0.316,0.248,0.2164,0.2638,0.7363,0.0002,0.0002,0.0965,0.2552,2.2067,2.2545,15.5718,2.3312,20.3586,
121,0.0441,0.3036,0.495,0.3179,0.2665,0.2372,0.2662,0.7796,0.0003,0.0001,0.0689,0.2731,2.2611,2.3091,15.1234,2.1405,19.7858,
122,0.0436,0.2736,0.4957,0.3148,0.2557,0.2224,0.2748,0.761,0.0002,0.0002,0.0623,0.2764,2.2041,2.2514,16.022,2.1292,20.6183,
123,0.0439,0.4176,0.4771,0.3047,0.2571,0.1773,0.276,0.7185,0.0002,0.0002,0.0643,0.2749,2.2756,2.3231,15.6366,2.2784,20.4482,
124,0.042,0.3716,0.4497,0.3297,0.2526,0.1686,0.276,0.7062,0.0003,0.0002,0.0678,0.2702,2.21,2.2555,14.6452,2.0558,19.168,
125,0.0438,0.4709,0.4812,0.3152,0.2573,0.169,0.2694,0.7,0.0002,0.0001,0.0611,0.3749,2.4239,2.4712,15.8296,2.0962,20.615,
126,0.0419,0.4542,0.4849,0.3011,0.2589,0.1694,0.2715,0.704,0.0002,0.0002,0.0703,0.2762,2.3062,2.3517,14.398,2.1884,19.1387,
127,0.0417,0.3402,0.4737,0.3172,0.2553,0.1663,0.2718,0.702,0.0002,0.0002,0.0831,0.2845,2.2191,2.2644,16.17,2.0857,20.721,
128,0.0443,0.2977,0.4581,0.3325,0.2484,0.2168,0.2628,0.7364,0.0003,0.0002,0.0635,0.2746,2.1843,2.2333,15.9011,2.1629,20.4995,
129,0.0437,0.3223,0.4916,0.3074,0.2589,0.1677,0.2681,0.7017,0.0003,0.0002,0.0609,0.2894,2.1936,2.241,11.096,1.2803,14.8322,
130,0.0419,0.3731,0.4851,0.3352,0.2671,0.2348,0.277,0.7879,0.0002,0.0002,0.0664,0.2731,2.3357,2.3811,15.9378,2.2399,20.7703,
131,0.0416,0.3763,0.4653,0.3118,0.2555,0.1715,0.2744,0.7059,0.0002,0.0002,0.0839,0.2675,2.2266,2.2717,16.0936,2.2433,20.8113,
132,0.0414,0.3688,0.4711,0.3158,0.2615,0.1673,0.2766,0.7105,0.0001,0.0002,0.0724,0.2634,2.2487,2.2937,14.5471,2.0519,19.0947,
133,0.0419,0.4235,0.4874,0.301,0.2598,0.1698,0.2806,0.72,0.0002,0.0002,0.0825,0.2765,2.3067,2.3522,15.5255,2.0387,20.1216,
134,0.0416,0.3135,0.4782,0.3104,0.2633,0.2237,0.2764,0.7732,0.0002,0.0002,0.0614,0.2811,2.2371,2.282,15.7772,2.1337,20.3962,
135,0.0456,0.3162,0.4831,0.305,0.2578,0.2243,0.2772,0.7679,0.0002,0.0001,0.0588,0.2753,2.2219,2.2714,14.9954,1.9891,19.4652,
136,0.044,0.181,0.4503,0.3296,0.2623,0.1789,0.2647,0.714,0.0003,0.0002,0.0789,0.2811,2.0542,2.1037,16.608,2.1429,21.0601,
137,0.0414,0.3145,0.4822,0.3181,0.2608,0.2197,0.2696,0.7552,0.0002,0.0002,0.0717,0.2628,2.2208,2.2659,14.3646,2.2288,19.0607,
138,0.0417,0.3865,0.4892,0.3301,0.26,0.1846,0.2742,0.7284,0.0003,0.0002,0.0729,0.2901,2.3167,2.3621,15.6427,2.3573,20.5643,
139,0.0457,0.3892,0.4718,0.4254,0.2621,0.2256,0.2773,0.772,0.0002,0.0001,0.0612,0.2653,2.4064,2.4556,14.3325,2.2717,19.2631,
140,0.0419,0.4119,0.4852,0.3169,0.2606,0.2238,0.273,0.7658,0.0002,0.0001,0.0742,0.2711,2.3411,2.3863,14.9209,1.8502,19.3645,
141,0.0441,0.3633,0.4732,0.3096,0.2615,0.1834,0.2735,0.7275,0.0002,0.0002,0.0815,0.2755,2.2498,2.2977,15.519,2.1732,20.1992,
142,0.0436,0.3166,0.4836,0.312,0.2636,0.1699,0.2691,0.7106,0.0004,0.0002,0.0603,0.279,2.1799,2.227,16.6716,2.1905,21.3009,
143,0.044,0.3703,0.4852,0.3065,0.2594,0.1758,0.2752,0.7177,0.0002,0.0002,0.081,0.2696,2.2432,2.2909,13.2685,1.9697,17.7558,
144,0.0442,0.2752,0.4503,0.3182,0.2642,0.1758,0.2699,0.7177,0.0002,0.0002,0.0649,0.2495,2.0941,2.1432,16.3629,1.8652,20.5731,
145,0.044,0.3025,0.4936,0.3182,0.2611,0.1801,0.2786,0.7272,0.0002,0.0002,0.0797,0.2761,2.2159,2.2639,15.21,2.3155,20.0003,
146,0.041,0.5057,0.4825,0.3241,0.2622,0.2118,0.2747,0.7573,0.0003,0.0002,0.0782,0.2776,2.4445,2.4901,15.6939,2.3004,20.6883,
147,0.0421,0.3877,0.5839,0.3214,0.2583,0.163,0.2732,0.6982,0.0002,0.0002,0.0692,0.2613,2.3366,2.3822,14.8878,2.204,19.678,
148,0.0417,0.3668,0.4656,0.3108,0.2531,0.2986,0.274,0.8291,0.0002,0.0002,0.0748,0.277,2.3337,2.3789,15.5103,2.1399,20.2328,
149,0.0417,0.3252,0.4751,0.3063,0.2596,0.1818,0.2809,0.73,0.0003,0.0002,0.0605,0.3833,2.2962,2.3413,14.8072,2.223,19.5747,
150,0.0414,0.414,0.4854,0.3052,0.2588,0.2267,0.276,0.7679,0.0003,0.0002,0.0669,0.2855,2.3476,2.3928,14.7697,1.3566,18.727,
151,0.0415,0.3051,0.482,0.3207,0.2607,0.2412,0.2757,0.7846,0.0003,0.0002,0.0586,0.2614,2.23,2.2753,13.8642,2.2993,18.6412,
152,0.0443,0.2872,0.5316,0.3421,0.2568,0.1809,0.2621,0.7102,0.0002,0.0001,0.0647,0.273,2.2262,2.2754,16.5406,2.272,21.2941,
153,0.0438,0.4464,0.4914,0.3217,0.2627,0.1805,0.2759,0.7297,0.0002,0.0002,0.0612,0.2868,2.3611,2.409,15.3293,2.3131,20.2607,
154,0.0409,0.3633,0.5772,0.3205,0.2618,0.1786,0.2749,0.7247,0.0002,0.0002,0.062,0.3153,2.3818,2.4262,15.0153,2.1877,19.8347,
155,0.0419,0.3313,0.4725,0.32,0.2613,0.175,0.3676,0.8135,0.0002,0.0001,0.073,0.2707,2.2995,2.3448,16.0584,2.1213,20.7304,
156,0.0416,0.3661,0.4774,0.3175,0.2585,0.1763,0.2742,0.7143,0.0002,0.0001,0.1538,0.2652,2.3136,2.3587,13.747,2.2489,18.5564,
157,0.042,0.3074,0.4767,0.3172,0.2583,0.1798,0.2779,0.7241,0.0002,0.0002,0.0839,0.2765,2.203,2.2488,14.2556,1.6393,18.3479,
158,0.0462,0.3076,0.4951,0.368,0.2711,0.2094,0.2722,0.7642,0.0002,0.0002,0.0711,0.2863,2.3107,2.3603,16.1913,2.3161,21.0727,
159,0.0418,0.3048,0.4734,0.3191,0.2537,0.1802,0.271,0.7127,0.0002,0.0002,0.067,0.2833,2.1788,2.2242,15.2648,1.9502,19.6427,
160,0.044,0.1825,0.4555,0.324,0.2504,0.2369,0.262,0.7602,0.0003,0.0002,0.0909,0.2715,2.1051,2.1542,16.4852,2.2373,21.0771,
161,0.042,0.3229,0.4927,0.307,0.2601,0.2026,0.2745,0.7407,0.0002,0.0001,0.0595,0.2602,2.1928,2.2383,14.6333,2.0033,19.077,
162,0.0414,0.3861,0.4692,0.4471,0.2693,0.1679,0.2685,0.709,0.0002,0.0002,0.0605,0.2863,2.3722,2.4168,15.1178,2.3407,20.0769,
163,0.042,0.3666,0.4648,0.2939,0.2576,0.169,0.2714,0.7063,0.0002,0.0002,0.1615,0.2784,2.2864,2.3319,15.4408,2.0482,20.0247,
164,0.0417,0.3245,0.4764,0.3337,0.2639,0.2275,0.2789,0.7776,0.0003,0.0001,0.0829,0.2668,2.2806,2.3261,15.8005,2.3214,20.6587,
165,0.0443,0.4353,0.4744,0.3147,0.2595,0.2169,0.2744,0.7576,0.0002,0.0002,0.0627,0.2747,2.3497,2.3977,15.9754,2.2037,20.7887,
166,0.0418,0.3551,0.4835,0.2992,0.2587,0.1813,0.2761,0.7264,0.0002,0.0002,0.0616,0.2635,2.2059,2.2511,14.2566,2.0122,18.7266,
167,0.0416,0.3133,0.4802,0.3044,0.2608,0.1629,0.2721,0.6993,0.0002,0.0002,0.0679,0.2759,2.1564,2.2013,16.6053,2.2717,21.2805,
168,0.0444,0.2748,0.4589,0.3291,0.2473,0.1751,0.2702,0.6992,0.0003,0.0002,0.0647,0.2646,2.1125,2.162,16.4135,2.1818,20.9641,
169,0.0414,0.3131,0.4887,0.3205,0.2588,0.1735,0.2736,0.7115,0.0003,0.0002,0.0743,0.2633,2.1894,2.2344,15.4172,2.0168,19.8837,
170,0.0414,0.3732,0.477,0.3134,0.261,0.2213,0.2723,0.7628,0.0003,0.0002,0.0648,0.2806,2.2944,2.3394,15.6182,2.2018,20.361,
171,0.0409,0.3279,0.4753,0.3205,0.2527,0.166,0.2678,0.6921,0.0002,0.0002,0.0641,0.2715,2.1699,2.2142,14.403,2.1723,18.9951,
172,0.0438,0.315,0.4815,0.3138,0.2605,0.1725,0.2769,0.717,0.0002,0.0002,0.0693,0.2689,2.1831,2.2303,14.0152,2.0768,18.5382,
173,0.0415,0.3285,0.4855,0.3077,0.257,0.173,0.2722,0.7089,0.0002,0.0002,0.0663,0.3533,2.2659,2.3108,15.4125,2.2602,20.1854,
174,0.0417,0.3999,0.4837,0.3117,0.2557,0.2198,0.2732,0.7564,0.0002,0.0003,0.0801,0.2722,2.3268,2.3721,15.2608,2.1303,19.9704,
175,0.044,0.3513,0.4811,0.3025,0.2572,0.171,0.2792,0.7132,0.0002,0.0002,0.0758,0.2725,2.2108,2.2584,14.6614,2.238,19.368,
176,0.0447,0.2082,0.4589,0.3087,0.2471,0.1762,0.2623,0.6916,0.0002,0.0002,0.0615,0.2646,2.0134,2.0631,16.4356,2.2556,20.9821,
177,0.0435,0.3222,0.493,0.3128,0.2572,0.2151,0.2753,0.7559,0.0003,0.0002,0.0706,0.2944,2.2668,2.314,14.9416,2.2617,19.7254,
178,0.0417,0.2981,0.4645,0.3138,0.2639,0.1678,0.2792,0.7196,0.0002,0.0002,0.0772,0.2694,2.157,2.2024,16.4126,2.3865,21.213,
179,0.0441,0.3247,0.4923,0.3166,0.2529,0.1856,0.2778,0.7248,0.0002,0.0002,0.0896,0.2836,2.2563,2.3041,15.2697,2.3209,20.1047,
180,0.0434,0.3137,0.4963,0.3017,0.2516,0.1591,0.2731,0.6876,0.0002,0.0002,0.0729,0.268,2.1557,2.203,14.3792,1.8276,18.632,
181,0.0441,0.3607,0.4759,0.3075,0.2559,0.2157,0.2621,0.7413,0.0002,0.0002,0.0683,0.2673,2.2389,2.2867,14.9113,2.1427,19.5523,
182,0.0448,0.3428,0.4883,0.3162,0.2546,0.1649,0.2764,0.7042,0.0002,0.0001,0.0722,0.2666,2.2057,2.254,14.6897,1.8242,18.9827,
183,0.0441,0.3022,0.4731,0.3156,0.2565,0.1838,0.2745,0.7247,0.0002,0.0002,0.061,0.2649,2.1577,2.2052,15.4746,2.2441,20.1333,
184,0.0466,0.2802,0.4556,0.3264,0.2448,0.1794,0.2641,0.6976,0.0002,0.0002,0.0687,0.2748,2.1212,2.1729,15.8745,2.0793,20.3385,
185,0.0439,0.3192,0.4913,0.3201,0.2564,0.2173,0.2735,0.7558,0.0002,0.0002,0.0624,0.2618,2.2244,2.2722,15.3156,2.1719,19.9785,
186,0.0415,0.2924,0.4864,0.2934,0.2588,0.168,0.2717,0.7024,0.0002,0.0002,0.0612,0.2788,2.1293,2.1778,13.8404,2.3419,18.5709,
187,0.0412,0.3466,0.4824,0.3046,0.2595,0.1766,0.2771,0.7181,0.0002,0.0002,0.074,0.269,2.2104,2.2551,14.8664,1.4109,18.7431,
188,0.0441,0.3218,0.4794,0.3024,0.2525,0.1631,0.2801,0.7004,0.0002,0.0001,0.0618,0.2603,2.1408,2.1885,14.7613,2.2376,19.4096,
189,0.0447,0.3131,0.48,0.331,0.2625,0.2166,0.2778,0.7635,0.0002,0.0002,0.0626,0.2637,2.2269,2.2754,14.8195,2.1295,19.443,
190,0.0409,0.4569,0.4772,0.3079,0.2593,0.221,0.2737,0.761,0.0002,0.0002,0.0653,0.265,2.3522,2.3969,14.281,2.2205,19.1071,
191,0.0414,0.363,0.4797,0.3278,0.2599,0.1677,0.2743,0.7106,0.0001,0.0002,0.1792,0.27,2.3458,2.3907,13.6048,2.1143,18.3137,
192,0.0421,0.187,0.4651,0.3308,0.2532,0.1832,0.2634,0.7089,0.0002,0.0002,0.0623,0.2533,2.0253,2.0722,15.9224,2.0307,20.2255,
193,0.0418,0.3068,0.4939,0.3294,0.2619,0.1759,0.2832,0.7298,0.0002,0.0002,0.0794,0.2778,2.2383,2.2837,13.707,2.0855,18.2782,
194,0.0437,0.2954,0.4719,0.3337,0.264,0.2276,0.2771,0.7789,0.0002,0.0002,0.0637,0.2786,2.2407,2.2881,15.1996,2.3127,20.0075,
195,0.0416,0.459,0.5963,0.3127,0.2632,0.1989,0.2833,0.7561,0.0003,0.0002,0.062,0.2617,2.467,2.5125,16.3677,2.1603,21.2441,
196,0.0414,0.3994,0.48,0.3226,0.2631,0.2241,0.2825,0.776,0.0002,0.0002,0.0677,0.2685,2.3307,2.3755,14.2282,2.2311,19.0369,
197,0.0413,0.4444,0.4754,0.3193,0.2564,0.221,0.3204,0.8017,0.0002,0.0002,0.0624,0.2607,2.3765,2.4212,15.7712,2.0676,20.4625,
198,0.0414,0.3175,0.4791,0.3169,0.2652,0.186,0.2776,0.7395,0.0003,0.0002,0.0726,0.2619,2.2144,2.2594,14.9714,1.8925,19.3278,
199,0.0435,0.3504,0.4702,0.3078,0.2558,0.1794,0.2724,0.7171,0.0002,0.0002,0.0613,0.2723,2.1931,2.2401,14.6625,1.9365,19.0452,
200,0.0443,0.31,0.4695,0.3141,0.2424,0.2434,0.2643,0.7575,0.0002,0.0002,0.0744,0.259,2.2038,2.253,14.9769,2.2474,19.6701,
201,0.0413,0.3203,0.4839,0.3275,0.2493,0.1721,0.2828,0.7117,0.0002,0.0001,0.0632,0.2855,2.215,2.2598,16.1399,2.2257,20.8266,
202,0.0419,0.3087,0.4811,0.3136,0.2627,0.1736,0.2838,0.7287,0.0002,0.0001,0.0699,0.2756,2.1966,2.242,14.7666,2.2461,19.4567,
203,0.0418,0.3705,0.445,0.3235,0.2601,0.2258,0.2756,0.7711,0.0003,0.0002,0.0856,0.2829,2.2923,2.3376,14.4667,2.0336,19.0413,
204,0.0415,0.3787,0.487,0.3314,0.2599,0.1721,0.2757,0.718,0.0003,0.0002,0.063,0.2819,2.2827,2.3281,15.4363,1.566,19.5351,
205,0.0446,0.3112,0.4844,0.3145,0.2573,0.1952,0.2782,0.7408,0.0003,0.0002,0.0822,0.2681,2.2211,2.2698,14.3068,2.1937,18.9912,
206,0.0409,0.3252,0.4898,0.3112,0.2584,0.1643,0.273,0.7032,0.0003,0.0002,0.0599,0.2686,2.1748,2.2192,14.2285,2.0936,18.7412,
207,0.0413,0.367,0.4518,0.3206,0.2565,0.2136,0.2732,0.7498,0.0002,0.0001,0.0637,0.2722,2.2416,2.2861,14.3901,1.3792,18.2708,
208,0.0432,0.2775,0.4513,0.3259,0.2516,0.1787,0.2731,0.712,0.0002,0.0002,0.0714,0.273,2.1298,2.1778,15.3833,2.0859,19.8494,
209,0.0448,0.318,0.4786,0.3198,0.2596,0.1778,0.2803,0.7293,0.0002,0.0002,0.0735,0.2647,2.2005,2.2491,14.3354,2.1495,18.9601,
210,0.0441,0.3352,0.5001,0.3114,0.2541,0.1742,0.2753,0.7087,0.0002,0.0002,0.0621,0.2688,2.2068,2.2546,14.3839,1.853,18.7004,
211,0.0414,0.3765,0.4624,0.3162,0.2621,0.1738,0.2813,0.724,0.0003,0.0002,0.0719,0.2775,2.2503,2.2951,14.7016,2.096,19.3002,
212,0.0437,0.3659,0.4737,0.3194,0.2555,0.1704,0.2786,0.7086,0.0002,0.0001,0.0607,0.2575,2.2016,2.2489,13.5451,1.9644,17.9734,
213,0.0413,0.305,0.4668,0.2992,0.2537,0.2331,0.2805,0.7795,0.0002,0.0002,0.0835,0.2824,2.2309,2.2758,13.014,1.8601,17.3525,
214,0.0415,0.4466,0.4815,0.3131,0.3055,0.1818,0.2752,0.7699,0.0002,0.0002,0.0799,0.2618,2.3701,2.415,14.3477,1.9827,18.9491,
215,0.0419,0.3252,0.4662,0.3129,0.264,0.1742,0.2768,0.7212,0.0002,0.0001,0.0671,0.2767,2.1863,2.2316,15.4408,1.937,19.8123,
216,0.048,0.1891,0.4572,0.332,0.2451,0.2217,0.2655,0.7408,0.0002,0.0002,0.0605,0.2515,2.0493,2.1017,16.1085,2.348,20.7681,
217,0.0416,0.3012,0.478,0.3021,0.256,0.1627,0.272,0.6941,0.0002,0.0002,0.0662,0.263,2.1138,2.1586,15.631,1.8257,19.8201,
218,0.0415,0.427,0.4686,0.3126,0.2594,0.1842,0.2834,0.7352,0.0002,0.0001,0.0609,0.2751,2.2984,2.3437,13.083,1.7499,17.3779,
219,0.0416,0.3916,0.5764,0.3059,0.2629,0.2256,0.2801,0.779,0.0002,0.0001,0.0646,0.2677,2.3996,2.4448,13.7587,2.1242,18.5287,
220,0.0446,0.3957,0.4739,0.3098,0.2633,0.1761,0.2761,0.7237,0.0003,0.0001,0.0793,0.2716,2.2724,2.3208,13.4987,2.1364,18.17,
221,0.0419,0.3046,0.472,0.3126,0.2606,0.1812,0.2839,0.7366,0.0003,0.0001,0.0909,0.2733,2.2082,2.2536,15.4277,1.9661,19.8484,
222,0.0427,0.3036,0.4698,0.3133,0.2632,0.1781,0.2748,0.7231,0.0002,0.0002,0.0721,0.28,2.1821,2.2286,15.1277,2.0214,19.5844,
223,0.0442,0.3813,0.4717,0.4025,0.2681,0.1769,0.279,0.733,0.0002,0.0001,0.0656,0.2781,2.3495,2.3973,15.0779,2.2692,19.9616,
224,0.0443,0.2911,0.4569,0.3971,0.2495,0.2215,0.2656,0.744,0.0002,0.0002,0.0691,0.2749,2.2558,2.305,14.6798,1.9329,19.1311,
225,0.0445,0.3217,0.4789,0.3345,0.2629,0.1756,0.2804,0.7244,0.0002,0.0002,0.0624,0.2865,2.2245,2.2728,13.8327,2.0095,18.3345,
226,0.0417,0.3113,0.4828,0.3116,0.2599,0.1811,0.2759,0.7239,0.0002,0.0001,0.0713,0.2704,2.1895,2.2347,15.5503,2.1688,20.1562,
227,0.0415,0.3134,0.4712,0.3197,0.2603,0.1764,0.2734,0.7145,0.0002,0.0002,0.0685,0.2698,2.18,2.2254,13.7104,1.7973,17.9412,
228,0.0415,0.4351,0.4736,0.3002,0.2594,0.2688,0.2717,0.8032,0.0002,0.0002,0.0696,0.256,2.3524,2.3976,14.9491,1.9702,19.5292,
229,0.0417,0.3198,0.4814,0.3287,0.2621,0.1814,0.2782,0.7342,0.0003,0.0001,0.0848,0.2622,2.2324,2.2775,15.0009,2.1738,19.6569,
230,0.0444,0.375,0.4809,0.3109,0.2595,0.216,0.2779,0.7621,0.0002,0.0002,0.0612,0.2778,2.286,2.334,15.1024,2.3031,19.9514,
231,0.0418,0.3165,0.4763,0.3077,0.2602,0.2203,0.2731,0.7585,0.0002,0.0001,0.0716,0.2657,2.2262,2.2714,13.841,2.0554,18.3709,
232,0.0446,0.2817,0.5574,0.3311,0.2498,0.2059,0.2615,0.727,0.0002,0.0002,0.0706,0.2675,2.2537,2.303,16.1105,2.1777,20.7937,
233,0.0413,0.3381,0.5268,0.3488,0.2641,0.1754,0.2747,0.7229,0.0003,0.0002,0.0688,0.2694,2.2963,2.341,15.2708,2.242,20.0551,
234,0.0415,0.3809,0.4716,0.3269,0.2635,0.2626,0.2805,0.8186,0.0002,0.0002,0.0773,0.2736,2.3654,2.4103,14.4009,2.2493,19.2644,
235,0.0419,0.377,0.4783,0.3044,0.2581,0.1708,0.2774,0.7109,0.0002,0.0002,0.0711,0.2655,2.2259,2.2716,14.5619,2.1024,19.1411,
236,0.0417,0.344,0.476,0.3296,0.2577,0.1688,0.2805,0.717,0.0003,0.0002,0.0781,0.2598,2.2217,2.2668,16.4261,2.194,21.091,
237,0.0438,0.4008,0.4749,0.2975,0.2655,0.1702,0.2818,0.7243,0.0003,0.0001,0.0659,0.2926,2.2718,2.319,14.6935,2.1056,19.3367,
238,0.0413,0.3051,0.4725,0.2952,0.2603,0.1598,0.279,0.7064,0.0003,0.0002,0.0774,0.2693,2.1409,2.1858,15.2505,1.8342,19.4811,
239,0.0444,0.3863,0.572,0.3123,0.2603,0.1793,0.2825,0.7313,0.0002,0.0002,0.0806,0.2763,2.3752,2.423,15.2173,2.0712,19.9259,
240,0.0426,0.1836,0.4353,0.3329,0.2564,0.3093,0.2747,0.8499,0.0003,0.0002,0.0675,0.2699,2.1563,2.2039,15.0981,2.0985,19.6081,
241,0.0437,0.3018,0.4912,0.3056,0.2674,0.1852,0.2784,0.7376,0.0003,0.0002,0.082,0.2721,2.2116,2.259,15.2034,2.2404,19.9107,
242,0.0409,0.3599,0.508,0.3224,0.262,0.1731,0.2771,0.7197,0.0003,0.0002,0.0822,0.2779,2.2871,2.3313,14.7326,2.2454,19.5132,
243,0.0436,0.3022,0.4714,0.2825,0.2631,0.2173,0.2811,0.7684,0.0002,0.0002,0.0729,0.2821,2.1984,2.2452,14.9367,2.09,19.4812,
244,0.0416,0.3084,0.4783,0.3147,0.2645,0.1682,0.2828,0.724,0.0002,0.0002,0.0807,0.2808,2.2026,2.2475,14.4046,2.1102,18.9703,
245,0.0413,0.3866,0.4719,0.3927,0.2654,0.1944,0.2778,0.7462,0.0003,0.0002,0.0634,0.2609,2.3402,2.3848,15.4753,1.7695,19.8309,
246,0.0418,0.4675,0.4757,0.3136,0.2616,0.1788,0.2784,0.7268,0.0002,0.0002,0.0632,0.2553,2.3222,2.3675,14.7417,2.2683,19.5827,
247,0.0417,0.3677,0.4816,0.3158,0.2619,0.2091,0.2747,0.7518,0.0002,0.0002,0.0703,0.2612,2.2638,2.3091,13.1192,1.8057,17.4361,
248,0.0418,0.2084,0.4657,0.3209,0.2602,0.1825,0.2703,0.7224,0.0003,0.0001,0.0614,0.2652,2.0627,2.1093,15.4803,2.1972,19.9961,
249,0.0439,0.4528,0.4867,0.3418,0.2699,0.1825,0.2846,0.7432,0.0003,0.0002,0.0684,0.2792,2.3935,2.4416,13.7643,1.9468,18.3683,
250,0.0468,0.3606,0.5014,0.3132,0.261,0.2194,0.2825,0.7714,0.0002,0.0001,0.0693,0.2703,2.3027,2.3548,12.9359,1.679,17.1741,
251,0.0415,0.3016,0.4817,0.3085,0.2625,0.1702,0.2837,0.724,0.0002,0.0002,0.0812,0.2689,2.1835,2.2284,12.7999,2.2517,17.4897,
252,0.0418,0.3491,0.4739,0.3242,0.2612,0.2332,0.2792,0.7817,0.0002,0.0001,0.0644,0.2781,2.2879,2.333,14.2487,2.1808,18.966,
253,0.0412,0.3124,0.4703,0.3094,0.2654,0.2119,0.2773,0.7588,0.0003,0.0002,0.0689,0.2622,2.1974,2.2422,15.3356,2.0373,19.8213,
254,0.0414,0.3313,0.4771,0.305,0.2637,0.1732,0.2813,0.7247,0.0002,0.0002,0.0621,0.279,2.1999,2.245,13.2516,2.1498,17.8477,
255,0.0414,0.3719,0.4724,0.3012,0.2593,0.2112,0.2672,0.7411,0.0002,0.0002,0.0594,0.271,2.2325,2.2773,15.2364,2.2049,19.9202,
256,0.0432,0.2769,0.4469,0.3134,0.2603,0.1742,0.275,0.7159,0.0003,0.0002,0.0775,0.2865,2.1352,2.1833,15.1826,2.1295,19.6952,
257,0.0414,0.323,0.4882,0.3045,0.2603,0.213,0.2801,0.7568,0.0002,0.0002,0.0699,0.2606,2.2182,2.2631,15.6296,2.0559,20.1562,
258,0.0418,0.3148,0.4761,0.2955,0.263,0.2172,0.2784,0.7648,0.0002,0.0002,0.0609,0.2664,2.1939,2.2392,14.982,2.2044,19.629,
259,0.0421,0.3059,0.4731,0.3134,0.2604,0.1832,0.2816,0.7352,0.0003,0.0002,0.0649,0.2692,2.1779,2.2238,14.0909,2.0899,18.6169,
260,0.0419,0.3316,0.4738,0.4012,0.264,0.1866,0.2802,0.7422,0.0002,0.0002,0.0653,0.2626,2.2928,2.3384,15.0417,2.1713,19.7562,
261,0.045,0.3813,0.4672,0.3294,0.2659,0.1758,0.2829,0.733,0.0002,0.0002,0.1404,0.2829,2.3526,2.4015,14.5432,2.1564,19.3077,
262,0.0439,0.3602,0.4791,0.3162,0.2667,0.1731,0.2819,0.7296,0.0003,0.0002,0.0667,0.2731,2.2477,2.2952,14.3091,2.0941,18.9159,
263,0.0455,0.3123,0.4748,0.3364,0.2625,0.1778,0.2756,0.722,0.0002,0.0002,0.0872,0.2691,2.2187,2.2681,14.4019,1.9702,18.859,
264,0.0443,0.2918,0.4534,0.2909,0.2461,0.1661,0.2668,0.7185,0.0002,0.0002,0.0612,0.2614,2.0933,2.1423,16.065,2.2231,20.6413,
265,0.0452,0.3442,0.497,0.3122,0.2632,0.2101,0.2764,0.7535,0.0002,0.0002,0.0695,0.2626,2.253,2.3022,15.553,1.9216,20.0001,
266,0.0415,0.3074,0.4789,0.4066,0.2592,0.2071,0.2723,0.742,0.0002,0.0002,0.0578,0.2681,2.2701,2.3152,13.3022,1.9533,17.7852,
267,0.0486,0.3114,0.4748,0.3418,0.2642,0.1669,0.2711,0.7112,0.0001,0.0001,0.0725,0.2702,2.1965,2.2489,15.1156,2.3432,19.9236,
268,0.0417,0.3138,0.484,0.3364,0.269,0.1724,0.2761,0.7217,0.0002,0.0002,0.0595,0.274,2.2105,2.2561,14.517,1.2887,18.2709,
269,0.0432,0.3542,0.4431,0.3074,0.2607,0.1596,0.2719,0.6955,0.0002,0.0002,0.0579,0.2583,2.1289,2.1754,14.6212,2.1066,19.1208,
270,0.0452,0.3907,0.4746,0.3183,0.2666,0.2284,0.2794,0.7831,0.0002,0.0002,0.0609,0.3545,2.4007,2.4496,14.2025,2.0445,18.9154,
271,0.0413,0.3535,0.49,0.3123,0.2641,0.2133,0.2754,0.7619,0.0002,0.0002,0.08,0.2813,2.2976,2.3426,14.5432,2.0596,19.1488,
272,0.0447,0.2997,0.4641,0.3495,0.2554,0.1878,0.2673,0.7188,0.0002,0.0002,0.0656,0.2761,2.1907,2.2404,14.5847,2.0367,19.076,
273,0.044,0.3025,0.4792,0.3241,0.2607,0.1779,0.2783,0.726,0.0002,0.0002,0.0731,0.2739,2.1939,2.2418,14.186,1.9438,18.5876,
274,0.0415,0.3826,0.4735,0.3077,0.264,0.2184,0.2729,0.7642,0.0002,0.0002,0.0618,0.2724,2.2831,2.3283,15.4357,1.9646,19.9326,
275,0.0456,0.3837,0.4655,0.3092,0.2595,0.1778,0.2779,0.7221,0.0001,0.0001,0.0774,0.2813,2.2616,2.3109,14.672,1.9368,19.1281,
276,0.0439,0.3607,0.4821,0.3118,0.263,0.2213,0.2752,0.7669,0.0002,0.0002,0.0685,0.2673,2.2765,2.3237,14.8733,2.0221,19.4405,
277,0.0431,0.3053,0.4867,0.3171,0.2678,0.1839,0.2809,0.7443,0.0002,0.0001,0.0825,0.2724,2.2257,2.2725,14.5249,1.9205,18.9276,
278,0.0421,0.3601,0.56,0.3108,0.2665,0.1733,0.2786,0.7242,0.0002,0.0002,0.0637,0.2774,2.3143,2.36,14.2187,2.0646,18.855,
279,0.0413,0.3254,0.4936,0.3354,0.2641,0.2321,0.282,0.7885,0.0002,0.0002,0.0776,0.27,2.3116,2.3566,14.1654,1.9401,18.6738,
280,0.0427,0.3246,0.456,0.3261,0.253,0.1746,0.2758,0.7096,0.0002,0.0002,0.0834,0.2716,2.1881,2.2357,15.5814,2.2785,20.2974,
281,0.0441,0.3776,0.4941,0.3169,0.2669,0.173,0.2775,0.7262,0.0002,0.0002,0.0837,0.264,2.2804,2.3282,14.3011,1.4581,18.2983,
282,0.0408,0.3715,0.486,0.3255,0.2667,0.1774,0.2772,0.7274,0.0003,0.0002,0.072,0.2688,2.2723,2.3166,14.0587,2.0601,18.6366,
283,0.0413,0.3717,0.4773,0.3132,0.2681,0.2172,0.2802,0.7739,0.0002,0.0002,0.0636,0.2617,2.2814,2.326,14.653,2.0497,19.2294,
284,0.0413,0.3719,0.4762,0.3093,0.2656,0.1692,0.2747,0.7149,0.0002,0.0001,0.0674,0.2741,2.2304,2.2752,13.733,1.9424,18.1611,
285,0.045,0.3185,0.4785,0.314,0.2559,0.2243,0.2797,0.7683,0.0003,0.0002,0.0616,0.2768,2.2388,2.288,14.0949,1.9706,18.5689,
286,0.0415,0.3591,0.46,0.3053,0.2628,0.2196,0.3803,0.867,0.0002,0.0002,0.0739,0.2626,2.3414,2.3864,14.3802,1.9778,18.9498,
287,0.0409,0.3244,0.4741,0.3309,0.2559,0.1727,0.2766,0.7105,0.0003,0.0002,0.0904,0.2781,2.2294,2.2739,14.6313,1.9132,19.0243,
288,0.0441,0.1786,0.4573,0.3196,0.25,0.1839,0.2699,0.7129,0.0002,0.0001,0.0649,0.2624,2.0123,2.061,16.2964,2.2819,20.8431,
289,0.0417,0.3176,0.489,0.3159,0.2675,0.2154,0.2784,0.7693,0.0002,0.0002,0.085,0.2616,2.2565,2.3018,14.7595,1.2562,18.5253,
290,0.0415,0.2998,0.482,0.3239,0.2679,0.217,0.2786,0.7719,0.0003,0.0002,0.0733,0.2651,2.2327,2.2776,12.6322,1.9713,17.0854,
291,0.0422,0.3795,0.4749,0.3139,0.2642,0.2159,0.2823,0.7702,0.0003,0.0001,0.0603,0.2739,2.2953,2.3409,13.1873,1.9822,17.713,
292,0.0411,0.3183,0.4847,0.3212,0.263,0.2276,0.2823,0.7822,0.0003,0.0001,0.0797,0.27,2.2744,2.3193,14.9601,2.1383,19.6273,
293,0.0439,0.3685,0.4724,0.4237,0.2618,0.173,0.2801,0.7228,0.0002,0.0002,0.0762,0.2619,2.3449,2.3924,14.374,2.0375,19.0178,
294,0.041,0.3811,0.475,0.307,0.2713,0.1817,0.2839,0.7458,0.0002,0.0002,0.0627,0.2846,2.2705,2.3149,13.8825,1.8357,18.2367,
295,0.0412,0.3033,0.4871,0.3186,0.2677,0.1841,0.2814,0.7416,0.0002,0.0002,0.0691,0.2626,2.2015,2.2459,14.4433,2.0315,18.9261,
296,0.0443,0.2883,0.4627,0.3104,0.258,0.1704,0.2697,0.7022,0.0002,0.0001,0.0599,0.2649,2.1088,2.1579,15.5168,1.9686,19.857,
297,0.0419,0.3234,0.5788,0.3193,0.2639,0.22,0.2794,0.7863,0.0002,0.0002,0.0607,0.2815,2.3697,2.4152,15.0093,2.1657,19.7931,
298,0.0409,0.3004,0.4853,0.312,0.2625,0.3039,0.2885,0.8646,0.0002,0.0001,0.0971,0.2669,2.3464,2.3909,14.1369,1.2532,17.987,
299,0.0416,0.309,0.4807,0.306,0.2615,0.1725,0.2763,0.7179,0.0002,0.0002,0.0813,0.2768,2.1918,2.2367,14.8824,2.1237,19.4493,
300,0.0436,0.3018,0.4723,0.2962,0.2624,0.2118,0.2766,0.7551,0.0002,0.0002,0.0626,0.2614,2.1634,2.2108,13.6314,1.8887,17.9372,
301,0.0438,0.3118,0.4734,0.3204,0.2748,0.3236,0.2803,0.8914,0.0002,0.0002,0.0826,0.2678,2.3645,2.4119,15.9073,2.0878,20.6179,
302,0.0437,0.3483,0.4633,0.2974,0.2622,0.2107,0.351,0.8274,0.0002,0.0003,0.0613,0.2738,2.2838,2.331,13.9298,1.953,18.4238,
303,0.046,0.3131,0.4767,0.3037,0.2606,0.2237,0.2781,0.7709,0.0002,0.0002,0.0622,0.2622,2.2066,2.2562,15.2915,2.1266,19.8772,
304,0.0479,0.2783,0.4523,0.321,0.2491,0.1744,0.2687,0.6997,0.0002,0.0002,0.0693,0.2724,2.1098,2.1628,15.364,2.0375,19.7918,
305,0.043,0.3237,0.4878,0.3127,0.2608,0.1824,0.2771,0.7316,0.0003,0.0002,0.0707,0.2623,2.2031,2.25,15.6411,2.0017,20.1085,
306,0.0416,0.3061,0.4751,0.3004,0.2568,0.1674,0.2781,0.7114,0.0003,0.0001,0.0674,0.2659,2.1413,2.1865,13.4427,2.0489,17.8886,
307,0.0413,0.3226,0.4809,0.3185,0.2597,0.2214,0.281,0.7708,0.0002,0.0002,0.0653,0.2742,2.255,2.2997,15.3121,1.8305,19.6471,
308,0.0418,0.3313,0.4633,0.2944,0.2616,0.1564,0.274,0.6955,0.0002,0.0002,0.0714,0.2771,2.1435,2.1886,14.2447,1.9293,18.5684,
309,0.0445,0.319,0.4791,0.2909,0.2604,0.2084,0.2735,0.7464,0.0002,0.0002,0.0618,0.2724,2.1838,2.2321,13.0801,1.9568,17.478,
310,0.0413,0.3581,0.4694,0.295,0.2622,0.1545,0.2823,0.7065,0.0003,0.0002,0.0795,0.2725,2.1963,2.2412,14.464,2.1107,19.0257,
311,0.0453,0.3823,0.4754,0.3242,0.2674,0.1762,0.2768,0.7244,0.0002,0.0002,0.0744,0.2656,2.2655,2.3147,14.6151,1.7941,18.94,
312,0.0421,0.1825,0.4608,0.3013,0.2524,0.1674,0.2709,0.6999,0.0002,0.0002,0.0611,0.2502,1.9724,2.0194,14.942,1.9588,19.1204,
313,0.0415,0.2883,0.4885,0.3117,0.2626,0.1598,0.2788,0.7047,0.0002,0.0002,0.0702,0.2685,2.1491,2.194,13.891,1.659,17.949,
314,0.0415,0.3482,0.4679,0.2921,0.2597,0.2058,0.2766,0.7453,0.0001,0.0002,0.0571,0.2717,2.192,2.237,14.1773,1.8725,18.4891,
315,0.0413,0.3244,0.4751,0.3173,0.2657,0.175,0.2789,0.7267,0.0003,0.0002,0.0628,0.27,2.1951,2.2402,15.7339,2.2203,20.3989,
316,0.0433,0.3146,0.4772,0.3145,0.2621,0.177,0.28,0.7269,0.0003,0.0002,0.0674,0.2677,2.1866,2.2333,14.7976,1.7909,19.0311,
317,0.0438,0.3382,0.4587,0.3384,0.2696,0.1839,0.2806,0.7438,0.0002,0.0002,0.0659,0.2696,2.2325,2.2799,13.7773,1.8121,18.0843,
318,0.0416,0.3819,0.4721,0.3109,0.2682,0.1726,0.2825,0.7296,0.0002,0.0002,0.0608,0.2691,2.2385,2.2835,13.7305,2.077,18.2979,
319,0.042,0.3103,0.4747,0.3084,0.2629,0.2154,0.2866,0.7734,0.0002,0.0002,0.0587,0.2601,2.2017,2.2473,14.0461,1.8781,18.3742,
320,0.0428,0.1944,0.4517,0.3359,0.2648,0.179,0.2684,0.7211,0.0002,0.0002,0.0627,0.2715,2.0631,2.1108,15.5097,2.1456,19.974,
321,0.0447,0.3442,0.4852,0.4401,0.2699,0.1868,0.2832,0.7484,0.0002,0.0002,0.0673,0.3058,2.4143,2.4627,12.9617,2.1013,17.7393,
322,0.0418,0.3188,0.4884,0.3241,0.2648,0.233,0.2912,0.7977,0.0002,0.0002,0.0712,0.2702,2.2931,2.3388,14.4963,2.1105,19.1551,
323,0.0407,0.2917,0.469,0.3237,0.2635,0.1803,0.2843,0.7363,0.0003,0.0002,0.0823,0.2725,2.1928,2.2373,14.3141,2.1031,18.8624,
324,0.0439,0.3673,0.4748,0.4291,0.2675,0.1743,0.2801,0.7318,0.0003,0.0002,0.0675,0.2669,2.354,2.4014,13.234,2.0268,17.8717,
325,0.0408,0.3666,0.4817,0.3122,0.2648,0.1745,0.2787,0.7257,0.0002,0.0002,0.0658,0.2622,2.2298,2.2741,14.3303,2.1453,18.9593,
326,0.0414,0.3451,0.4781,0.3082,0.2627,0.2266,0.2819,0.7783,0.0002,0.0002,0.0845,0.2775,2.2925,2.3377,14.0707,2.1191,18.7377,
327,0.0413,0.3666,0.4798,0.4227,0.2691,0.1731,0.2814,0.7351,0.0002,0.0002,0.0623,0.2675,2.3485,2.3932,13.5598,1.9886,18.1443,
328,0.0442,0.2748,0.4485,0.3214,0.2548,0.1845,0.275,0.7223,0.0004,0.0002,0.0675,0.2603,2.1156,2.1648,15.3889,1.7757,19.5443,
329,0.0416,0.3358,0.4846,0.3215,0.2612,0.1845,0.2854,0.7375,0.0002,0.0002,0.0699,0.2641,2.2311,2.2763,14.257,2.1092,18.8447,
330,0.0406,0.3379,0.4802,0.3422,0.2688,0.1916,0.2877,0.7598,0.0002,0.0002,0.0743,0.2813,2.3089,2.3531,15.2435,2.1233,19.9229,
331,0.0446,0.2961,0.4756,0.316,0.265,0.176,0.2783,0.7249,0.0002,0.0002,0.068,0.2724,2.1681,2.216,14.7284,1.6911,18.843,
332,0.0417,0.372,0.4714,0.314,0.2619,0.1752,0.2685,0.7111,0.0002,0.0001,0.0617,0.2598,2.2062,2.2512,13.5493,1.8864,17.8887,
333,0.0416,0.3014,0.4756,0.3262,0.2679,0.1739,0.2802,0.7309,0.0003,0.0002,0.0653,0.2911,2.2111,2.2562,14.3766,1.2544,18.0877,
334,0.0418,0.3545,0.4857,0.322,0.2612,0.1862,0.2806,0.7369,0.0001,0.0001,0.0587,0.2643,2.2418,2.2871,14.7149,2.1081,19.3122,
335,0.0416,0.4169,0.4727,0.303,0.2585,0.1693,0.2762,0.7119,0.0003,0.0001,0.1818,0.2817,2.38,2.4252,14.0265,1.9002,18.5575,
336,0.0415,0.283,0.47,0.3214,0.252,0.1842,0.2725,0.7174,0.0002,0.0002,0.0744,0.262,2.1454,2.1917,15.1209,2.0175,19.5272,
337,0.042,0.3113,0.4882,0.3347,0.2673,0.1821,0.2883,0.7462,0.0003,0.0002,0.0901,0.2719,2.2635,2.3091,13.0154,1.6684,17.1953,
338,0.0416,0.3565,0.4832,0.3208,0.2677,0.2475,0.2829,0.8053,0.0003,0.0002,0.0867,0.2901,2.3639,2.409,14.4166,1.9718,18.9992,
339,0.0416,0.3133,0.4694,0.3099,0.2619,0.1742,0.2778,0.7199,0.0002,0.0002,0.0751,0.2692,2.1775,2.2226,13.3228,1.8689,17.6208,
340,0.0414,0.3121,0.4749,0.306,0.2665,0.1818,0.2828,0.7388,0.0002,0.0002,0.065,0.2696,2.182,2.2267,14.6225,2.0303,19.0865,
341,0.0415,0.3674,0.4749,0.3139,0.3685,0.1644,0.2887,0.8263,0.0002,0.0002,0.0668,0.271,2.3437,2.3891,14.9474,1.8682,19.4123,
342,0.044,0.38,0.4737,0.3178,0.2659,0.1772,0.2801,0.731,0.0002,0.0001,0.0796,0.2671,2.2658,2.3133,14.4184,1.7747,18.7228,
343,0.0419,0.3196,0.4757,0.309,0.2617,0.1598,0.2818,0.7116,0.0002,0.0002,0.0601,0.2621,2.1543,2.1993,14.5498,2.2856,19.2382,
344,0.0413,0.323,0.4415,0.3353,0.255,0.1767,0.2765,0.7148,0.0002,0.0002,0.0705,0.2624,2.164,2.21,14.7461,1.8171,18.9712,
345,0.042,0.3275,0.5427,0.3606,0.266,0.1977,0.2786,0.7555,0.0002,0.0002,0.0836,0.2729,2.3621,2.4076,14.7048,2.0078,19.3233,
346,0.0417,0.3629,0.4831,0.3005,0.2635,0.1644,0.2794,0.7133,0.0002,0.0002,0.065,0.2697,2.2133,2.2584,14.346,1.867,18.6773,
347,0.0439,0.3169,0.4706,0.311,0.2671,0.1685,0.2812,0.7252,0.0002,0.0002,0.0803,0.2746,2.1968,2.2441,13.6403,2.0041,18.0959,
348,0.0412,0.4266,0.4835,0.3216,0.2675,0.1788,0.2796,0.7333,0.0002,0.0001,0.0743,0.2725,2.3304,2.375,14.7116,2.2562,19.5455,
349,0.0419,0.3593,0.4802,0.3018,0.2665,0.2611,0.2832,0.8219,0.0002,0.0002,0.0868,0.2702,2.3377,2.3832,13.3879,1.8893,17.8714,
350,0.0414,0.3125,0.4738,0.2941,0.2625,0.1624,0.2815,0.71,0.0002,0.0002,0.0606,0.272,2.1323,2.1772,12.4747,1.7596,16.6196,
351,0.0411,0.3672,0.4617,0.2914,0.261,0.163,0.3124,0.7398,0.0002,0.0001,0.0665,0.2636,2.1991,2.2431,14.2392,1.7999,18.4865,
352,0.0498,0.1742,0.4543,0.2946,0.2541,0.1673,0.2712,0.7039,0.0002,0.0001,0.0761,0.2678,1.9825,2.0387,14.9446,1.8544,19.0451,
353,0.0411,0.3101,0.4722,0.3317,0.2688,0.1737,0.2794,0.7289,0.0002,0.0001,0.0689,0.27,2.1995,2.2439,13.1276,1.8865,17.4624,
354,0.0417,0.387,0.4756,0.3103,0.2642,0.2851,0.2928,0.8509,0.0002,0.0002,0.0677,0.2705,2.3763,2.4216,13.8654,2.1327,18.6214,
355,0.0416,0.3615,0.478,0.3231,0.2635,0.1754,0.2792,0.7238,0.0003,0.0002,0.074,0.2799,2.2618,2.3068,14.5348,2.0587,19.1035,
356,0.043,0.3122,0.4646,0.31,0.2569,0.1736,0.282,0.7233,0.0002,0.0001,0.0617,0.2669,2.1529,2.1992,13.8949,1.8828,18.1857,
357,0.0407,0.352,0.4783,0.3015,0.2563,0.1725,0.2917,0.7238,0.0002,0.0002,0.0613,0.2684,2.1948,2.2389,13.4209,1.2404,17.1059,
358,0.0414,0.3002,0.4705,0.3195,0.2714,0.1819,0.2813,0.7399,0.0002,0.0002,0.0597,0.2682,2.1771,2.2219,13.6981,1.9043,18.0317,
359,0.0439,0.3239,0.583,0.3331,0.2641,0.1652,0.2762,0.7097,0.0002,0.0002,0.0721,0.2839,2.3291,2.3767,14.6972,2.0621,19.3482,
360,0.0434,0.2762,0.4579,0.3386,0.2544,0.1916,0.2746,0.7317,0.0003,0.0002,0.0668,0.2623,2.1525,2.2008,13.7913,1.9924,18.1822,
361,0.041,0.3089,0.4934,0.3453,0.2598,0.1696,0.2821,0.7154,0.0002,0.0002,0.0671,0.2578,2.2065,2.2511,13.7831,1.7984,18.0413,
362,0.0442,0.352,0.4894,0.305,0.2778,0.187,0.2802,0.7531,0.0002,0.0002,0.0709,0.2856,2.2781,2.3262,12.9034,2.1154,17.5561,
363,0.0417,0.3809,0.4826,0.3237,0.2609,0.179,0.2823,0.7286,0.0002,0.0001,0.0638,0.2699,2.2833,2.3286,14.3254,2.1172,18.9757,
364,0.042,0.2968,0.4788,0.3146,0.2681,0.1773,0.2854,0.7375,0.0003,0.0002,0.0846,0.2718,2.1998,2.2451,14.2272,1.3942,18.0725,
365,0.0413,0.3757,0.446,0.3071,0.2682,0.1707,0.288,0.7363,0.0003,0.0002,0.0638,0.2677,2.2148,2.2597,14.44,2.0401,18.9472,
366,0.0417,0.3646,0.4773,0.3032,0.2721,0.1683,0.2884,0.7355,0.0002,0.0002,0.0685,0.2716,2.24,2.2853,14.1583,1.8562,18.5041,
367,0.0413,0.3087,0.473,0.3108,0.267,0.1836,0.2875,0.7477,0.0002,0.0002,0.0637,0.2666,2.1844,2.229,15.2977,1.9076,19.6365,
368,0.0472,0.2835,0.4503,0.3139,0.2538,0.1821,0.2736,0.7182,0.0002,0.0002,0.0577,0.2575,2.0973,2.1495,15.3932,1.8318,19.5952,
369,0.0502,0.4027,0.4935,0.3227,0.2672,0.1751,0.2766,0.7268,0.0003,0.0002,0.0718,0.2809,2.3206,2.3745,14.9325,2.0488,19.5644,
370,0.0415,0.3771,0.4754,0.3067,0.3175,0.2368,0.2881,0.8508,0.0003,0.0002,0.0596,0.2669,2.352,2.3972,14.2127,2.1351,18.9465,
371,0.0408,0.3565,0.4883,0.3092,0.262,0.2084,0.2787,0.7534,0.0003,0.0002,0.087,0.2768,2.2916,2.3359,12.8296,1.5705,16.9485,
372,0.0453,0.4709,0.4844,0.3197,0.2614,0.1834,0.2871,0.7411,0.0002,0.0001,0.0628,0.2592,2.3565,2.4055,13.5311,1.8383,17.987,
373,0.0461,0.4711,0.488,0.3041,0.2644,0.1767,0.2828,0.7297,0.0003,0.0001,0.0835,0.2683,2.3575,2.407,13.2463,1.9554,17.8129,
374,0.0419,0.2957,0.4828,0.3182,0.2653,0.1779,0.2795,0.7281,0.0002,0.0002,0.0624,0.2773,2.1857,2.231,14.7114,1.9028,19.05,
375,0.0419,0.3362,0.4791,0.4148,0.2657,0.2293,0.2785,0.7799,0.0002,0.0002,0.0691,0.2674,2.3634,2.4087,14.2844,1.2172,18.116,
376,0.043,0.274,0.4555,0.3135,0.2558,0.1703,0.2673,0.6995,0.0001,0.0001,0.0712,0.2561,2.0844,2.1318,14.315,1.9439,18.597,
377,0.0438,0.3209,0.4801,0.3387,0.262,0.175,0.2829,0.7275,0.0002,0.0002,0.0644,0.2666,2.2145,2.2621,13.4627,1.3324,17.2751,
378,0.0467,0.334,0.4825,0.317,0.262,0.2411,0.2749,0.7844,0.0002,0.0002,0.0657,0.2707,2.278,2.3286,14.1542,2.0846,18.7847,
379,0.0444,0.3081,0.4849,0.3246,0.265,0.1874,0.2823,0.742,0.0002,0.0002,0.0628,0.2689,2.2104,2.2585,14.4812,2.0228,18.9736,
380,0.0417,0.3531,0.4719,0.3048,0.2581,0.1781,0.2797,0.724,0.0002,0.0001,0.0639,0.269,2.2044,2.2497,15.0354,2.1985,19.6888,
381,0.0421,0.2946,0.4768,0.314,0.2674,0.1878,0.2825,0.7462,0.0002,0.0002,0.0823,0.2817,2.2109,2.2571,13.6432,1.9278,18.0405,
382,0.0414,0.3667,0.486,0.3262,0.2791,0.1886,0.29,0.7661,0.0002,0.0002,0.0784,0.2645,2.3032,2.3479,14.7695,2.1587,19.4784,
383,0.0415,0.38,0.4686,0.3348,0.2658,0.1753,0.2832,0.7326,0.0002,0.0002,0.0778,0.2766,2.2906,2.3357,13.4788,1.8812,17.9016,
384,0.0473,0.1796,0.4606,0.3269,0.2544,0.2032,0.2746,0.7408,0.0002,0.0001,0.075,0.2568,2.0629,2.1168,15.3037,1.3453,18.988,
385,0.0441,0.3229,0.4605,0.3475,0.263,0.1709,0.2778,0.719,0.0002,0.0001,0.0718,0.2607,2.2023,2.2502,14.9783,2.0546,19.4984,
386,0.0417,0.462,0.4795,0.313,0.2683,0.1824,0.2762,0.7371,0.0002,0.0002,0.0612,0.267,2.3348,2.3799,12.8917,1.8563,17.3337,
387,0.0408,0.2992,0.4781,0.3181,0.2626,0.1606,0.2776,0.7058,0.0003,0.0002,0.0643,0.2659,2.1455,2.1898,15.2954,1.7451,19.4361,
388,0.0439,0.3071,0.466,0.3123,0.2683,0.1741,0.2784,0.7292,0.0002,0.0001,0.0817,0.2783,2.1904,2.2378,13.4374,1.9164,17.8039,
389,0.0414,0.3604,0.4807,0.3195,0.2628,0.1797,0.2806,0.7303,0.0003,0.0001,0.0807,0.2616,2.2514,2.2962,13.3526,1.6935,17.5488,
390,0.0414,0.311,0.4629,0.2879,0.26,0.1693,0.2775,0.7145,0.0002,0.0002,0.0579,0.2595,2.1063,2.1512,12.8416,1.6961,16.8961,
391,0.0416,0.3613,0.4582,0.3028,0.2583,0.1732,0.2824,0.7188,0.0002,0.0002,0.0658,0.2674,2.1889,2.2339,14.4611,2.1177,19.0195,
392,0.0429,0.1941,0.4522,0.3038,0.2548,0.2237,0.2662,0.7493,0.0002,0.0002,0.0633,0.2511,2.0291,2.0767,15.4367,1.9755,19.6958,
393,0.0436,0.3121,0.4847,0.3092,0.2629,0.2091,0.2774,0.7549,0.0002,0.0002,0.0706,0.2761,2.2225,2.27,14.0259,2.0019,18.5117,
394,0.0416,0.3114,0.5525,0.3328,0.2711,0.172,0.2812,0.7315,0.0003,0.0001,0.0681,0.2676,2.2797,2.3248,14.0817,1.7931,18.4013,
395,0.0412,0.3725,0.4837,0.3047,0.2673,0.1872,0.2835,0.7512,0.0002,0.0002,0.0797,0.2635,2.2691,2.3137,14.4087,2.0985,19.0269,
396,0.0436,0.3298,0.4777,0.3071,0.2629,0.1739,0.2863,0.7326,0.0002,0.0002,0.0642,0.2599,2.2014,2.2486,12.9622,1.6592,17.083,
397,0.044,0.3523,0.4785,0.3141,0.3509,0.1779,0.2939,0.8302,0.0002,0.0002,0.0829,0.2606,2.3371,2.3851,14.3604,1.9038,18.8674,
398,0.0416,0.4129,0.4739,0.3183,0.264,0.1749,0.272,0.7175,0.0002,0.0002,0.0676,0.2735,2.282,2.3269,14.6194,2.1898,19.3442,
399,0.0433,0.3237,0.4789,0.3136,0.2586,0.1653,0.2786,0.7107,0.0003,0.0002,0.0621,0.2672,2.1696,2.2164,13.3261,1.758,17.5068,
400,0.0439,0.2763,0.4531,0.4112,0.2605,0.1909,0.2822,0.7441,0.0003,0.0002,0.0681,0.2716,2.243,2.2918,14.4342,1.9557,18.891,
401,0.0435,0.3242,0.4924,0.3056,0.2657,0.1693,0.2754,0.7135,0.0002,0.0002,0.0716,0.2576,2.1786,2.2258,13.6346,1.8811,17.958,
402,0.0442,0.3331,0.4812,0.3127,0.2718,0.237,0.2903,0.8049,0.0003,0.0001,0.0719,0.2668,2.2897,2.3378,14.2463,2.0969,18.8946,
403,0.0424,0.4479,0.5821,0.3179,0.2717,0.1743,0.289,0.7402,0.0002,0.0002,0.0623,0.258,2.4276,2.4735,12.1815,1.6836,16.5463,
404,0.0416,0.3185,0.4694,0.3029,0.2716,0.1776,0.2838,0.7394,0.0002,0.0001,0.0709,0.2613,2.1806,2.2258,13.7218,2.1073,18.2528,
405,0.041,0.3551,0.5831,0.3103,0.2641,0.1598,0.2893,0.7212,0.0002,0.0002,0.0657,0.2866,2.3374,2.3819,14.7292,2.0716,19.3854,
406,0.0419,0.307,0.4779,0.3358,0.2725,0.1753,0.2845,0.742,0.0003,0.0002,0.0692,0.3691,2.3237,2.369,14.6864,2.0136,19.2736,
407,0.0416,0.3725,0.479,0.3156,0.2716,0.2133,0.2837,0.7752,0.0002,0.0002,0.0804,0.2718,2.3072,2.3522,13.88,1.9343,18.372,
408,0.0415,0.2853,0.4622,0.3159,0.268,0.1695,0.2721,0.7147,0.0002,0.0001,0.0641,0.2504,2.1092,2.1554,14.9526,2.0989,19.4026,
409,0.0415,0.286,0.4857,0.3224,0.2688,0.1824,0.2884,0.7471,0.0002,0.0002,0.0833,0.2688,2.2083,2.2534,12.8314,1.757,17.0502,
410,0.0412,0.3877,0.4841,0.3061,0.2671,0.1641,0.2862,0.7249,0.0002,0.0002,0.0632,0.2788,2.2577,2.3023,14.0801,2.0914,18.6869,
411,0.0417,0.3218,0.4903,0.3296,0.2645,0.177,0.2849,0.7346,0.0002,0.0002,0.0685,0.2586,2.22,2.2654,12.6004,1.8253,16.8947,
412,0.0431,0.3528,0.4781,0.3065,0.2651,0.1789,0.2832,0.7343,0.0002,0.0001,0.0663,0.258,2.2166,2.2633,15.0315,2.0079,19.5031,
413,0.0415,0.3846,0.4785,0.3094,0.2656,0.1771,0.2888,0.7393,0.0002,0.0001,0.064,0.2766,2.273,2.3181,12.6442,1.7229,16.8926,
414,0.0482,0.3387,0.4744,0.42,0.2664,0.1709,0.2861,0.7293,0.0003,0.0002,0.0593,0.2667,2.3077,2.3599,12.911,1.2864,16.7753,
415,0.041,0.3205,0.4819,0.3206,0.2713,0.1808,0.283,0.7399,0.0003,0.0002,0.062,0.2588,2.2029,2.2475,15.2778,2.008,19.7398,
416,0.0438,0.3437,0.4554,0.3152,0.2572,0.1842,0.2752,0.726,0.0002,0.0002,0.0756,0.2481,2.1837,2.2323,14.1384,1.6428,18.2237,
417,0.0438,0.3056,0.4906,0.4208,0.2724,0.1785,0.2898,0.7511,0.0002,0.0002,0.0648,0.2884,2.3394,2.387,14.1906,1.9726,18.7655,
418,0.0439,0.3569,0.4816,0.313,0.2629,0.173,0.2848,0.729,0.0002,0.0002,0.059,0.2591,2.2151,2.2624,12.7549,1.858,17.081,
419,0.0439,0.3121,0.4774,0.311,0.2669,0.1858,0.2857,0.7468,0.0002,0.0002,0.0838,0.2856,2.2381,2.2854,13.5743,1.965,18.0277,
420,0.0416,0.446,0.4808,0.3208,0.2648,0.1676,0.2826,0.719,0.0002,0.0001,0.0615,0.2619,2.3077,2.3526,13.6067,2.0786,18.246,
421,0.0441,0.3138,0.4707,0.3309,0.2673,0.1811,0.2832,0.7424,0.0003,0.0001,0.0867,0.2593,2.2262,2.2741,12.7353,1.379,16.5995,
422,0.0442,0.3568,0.4782,0.3145,0.2676,0.1785,0.2826,0.7401,0.0003,0.0001,0.0915,0.2753,2.276,2.3239,12.4154,1.6357,16.5908,
423,0.0462,0.2918,0.4819,0.3005,0.2754,0.1691,0.2825,0.7355,0.0003,0.0002,0.0738,0.2624,2.1658,2.2161,13.3198,1.2277,16.9847,
424,0.0435,0.2761,0.4555,0.3061,0.2586,0.1689,0.2709,0.7066,0.0002,0.0002,0.0659,0.2572,2.0851,2.1333,14.0767,1.6379,18.0584,
425,0.0438,0.1905,0.5268,0.3291,0.2624,0.1856,0.2873,0.7443,0.0002,0.0002,0.0819,0.2704,2.1615,2.2102,13.1124,2.0305,17.5625,
426,0.0415,0.34,0.485,0.3301,0.2671,0.1795,0.2829,0.7374,0.0002,0.0002,0.0647,0.2713,2.2461,2.291,13.9899,2.0009,18.4881,
427,0.0415,0.3535,0.4891,0.3042,0.274,0.1739,0.2844,0.7394,0.0002,0.0002,0.0822,0.2668,2.2531,2.2981,12.3766,1.8124,16.6941,
428,0.0414,0.3677,0.4847,0.3157,0.2734,0.1735,0.2831,0.7358,0.0002,0.0001,0.1347,0.2693,2.3278,2.3727,11.8732,1.9194,16.3684,
429,0.0412,0.2831,0.4795,0.3032,0.2687,0.1743,0.2833,0.7335,0.0002,0.0002,0.0832,0.2899,2.1877,2.2448,13.0844,1.6779,17.2082,
430,0.0417,0.3653,0.4863,0.298,0.2645,0.1745,0.2861,0.7325,0.0002,0.0002,0.0643,0.2602,2.2276,2.2728,12.6071,1.4107,16.4925,
431,0.0415,0.3223,0.4537,0.319,0.2635,0.1803,0.281,0.7338,0.0003,0.0002,0.079,0.2664,2.1914,2.2363,14.0772,1.9927,18.5096,
432,0.044,0.2774,0.4461,0.3235,0.2591,0.2245,0.2802,0.7699,0.0002,0.0002,0.0931,0.2682,2.197,2.246,14.3756,1.5333,18.3585,
433,0.0408,0.2936,0.4798,0.3174,0.269,0.1693,0.2869,0.7326,0.0002,0.0002,0.0627,0.2599,2.1639,2.2085,14.2321,1.9939,18.6402,
434,0.0414,0.3402,0.585,0.3192,0.2662,0.177,0.2861,0.7382,0.0002,0.0002,0.0602,0.2706,2.3337,2.3788,12.0339,1.3303,15.9532,
435,0.0427,0.3326,0.4991,0.3395,0.2745,0.1797,0.2946,0.7631,0.0002,0.0002,0.0911,0.2789,2.3258,2.3722,13.8629,1.9797,18.4188,
436,0.0412,0.4286,0.5391,0.314,0.2648,0.2161,0.2872,0.7746,0.0002,0.0002,0.0728,0.2826,2.4328,2.4778,11.464,1.696,15.8445,
437,0.0431,0.3249,0.4731,0.3058,0.2655,0.1742,0.2833,0.7272,0.0002,0.0002,0.0669,0.2772,2.1915,2.2384,13.6096,1.9673,18.0288,
438,0.0415,0.3008,0.4761,0.3227,0.2713,0.1684,0.2721,0.7208,0.0003,0.0002,0.0678,0.2623,2.1687,2.2139,11.7398,1.3319,15.4967,
439,0.0419,0.283,0.4939,0.3276,0.2691,0.2137,0.2871,0.7769,0.0002,0.0002,0.0666,0.2674,2.236,2.2815,15.5037,2.038,20.024,
440,0.0436,0.3288,0.4678,0.3154,0.2533,0.1807,0.2726,0.7125,0.0002,0.0002,0.0728,0.2666,2.1793,2.2276,14.3996,1.9221,18.7567,
441,0.0415,0.3343,0.4846,0.331,0.2692,0.1788,0.2871,0.7431,0.0002,0.0001,0.0644,0.4051,2.3811,2.4263,14.011,1.9877,18.6376,
442,0.0415,0.4166,0.4743,0.3017,0.2656,0.1662,0.2816,0.7216,0.0002,0.0002,0.0606,0.2554,2.2468,2.2919,14.0915,1.9872,18.5735,
443,0.0422,0.2992,0.4747,0.3354,0.2724,0.175,0.277,0.7332,0.0002,0.0002,0.0738,0.276,2.2112,2.2572,11.9022,1.7646,16.1267,
444,0.0415,0.3175,0.4778,0.3038,0.2598,0.1682,0.2753,0.7091,0.0002,0.0001,0.0741,0.2732,2.1678,2.2125,13.2372,1.9609,17.6163,
445,0.0417,0.4352,0.4459,0.3113,0.2693,0.1805,0.2787,0.7372,0.0002,0.0002,0.0702,0.256,2.2658,2.3112,12.5408,2.0127,17.0679,
446,0.0415,0.4007,0.461,0.3016,0.2672,0.1686,0.2864,0.7335,0.0003,0.0002,0.0814,0.2688,2.2597,2.3047,12.5125,2.0404,17.0617,
447,0.0417,0.3658,0.4752,0.3227,0.2507,0.1899,0.2799,0.7266,0.0002,0.0001,0.0844,0.2696,2.2603,2.3054,12.3748,1.5497,16.4455,
448,0.0443,0.1888,0.4487,0.3376,0.2538,0.1697,0.2665,0.6968,0.0002,0.0002,0.0699,0.2765,2.0372,2.0863,14.9718,2.0265,19.2928,
449,0.0431,0.3169,0.4958,0.3154,0.2668,0.1786,0.2816,0.7339,0.0002,0.0002,0.0822,0.2714,2.2364,2.2831,13.0423,2.1774,17.7147,
450,0.0439,0.4886,0.4796,0.3167,0.2711,0.1761,0.2778,0.7333,0.0002,0.0002,0.0625,0.2725,2.3711,2.4187,13.8536,1.9068,18.3884,
451,0.0439,0.3117,0.4859,0.307,0.2681,0.1791,0.2842,0.7389,0.0002,0.0002,0.0646,0.28,2.2042,2.2517,13.4846,1.639,17.5833,
452,0.042,0.3975,0.4765,0.3116,0.3498,0.1756,0.2897,0.8211,0.0002,0.0002,0.0623,0.2587,2.3458,2.3912,11.9252,1.7336,16.2527,
453,0.0409,0.3155,0.4764,0.3107,0.2646,0.1665,0.2787,0.7141,0.0002,0.0001,0.0606,0.279,2.172,2.2163,12.4542,1.7795,16.6546,
454,0.0415,0.4924,0.48,0.3058,0.2666,0.1783,0.2857,0.7379,0.0002,0.0001,0.0587,0.2639,2.357,2.4021,12.1639,1.6727,16.4438,
455,0.0417,0.3672,0.4921,0.326,0.2645,0.2235,0.2829,0.781,0.0002,0.0002,0.086,0.2773,2.3467,2.392,12.6523,1.6997,16.9501,
456,0.0437,0.2742,0.4464,0.3219,0.2556,0.1766,0.2694,0.7097,0.0002,0.0002,0.0612,0.2488,2.0808,2.1292,12.9125,1.9515,17.2004,
457,0.0437,0.3135,0.5296,0.3234,0.2642,0.1799,0.2849,0.7431,0.0003,0.0002,0.0813,0.2674,2.2754,2.3228,13.0487,1.5742,17.1664,
458,0.0407,0.3109,0.4729,0.3059,0.2691,0.2176,0.2814,0.7764,0.0003,0.0002,0.0613,0.2715,2.2157,2.2601,13.6893,1.788,17.9434,
459,0.0415,0.4817,0.4737,0.3158,0.2669,0.1785,0.2844,0.7382,0.0002,0.0002,0.0748,0.2695,2.3751,2.4201,14.1032,1.9522,18.6824,
460,0.0441,0.3641,0.4778,0.3209,0.2699,0.1733,0.2814,0.7331,0.0002,0.0001,0.0808,0.2649,2.2603,2.3079,13.618,1.9863,18.1196,
461,0.0407,0.33,0.4854,0.3316,0.2649,0.2216,0.279,0.7723,0.0002,0.0002,0.0874,0.2583,2.2817,2.3258,13.9988,1.761,18.3016,
462,0.0413,0.3636,0.561,0.3315,0.2675,0.1768,0.2818,0.733,0.0002,0.0002,0.0625,0.2592,2.3275,2.3722,12.6865,1.9576,17.2192,
463,0.0409,0.3086,0.4745,0.3179,0.2674,0.1653,0.282,0.7224,0.0003,0.0002,0.0809,0.2644,2.1865,2.2307,13.4332,1.7346,17.6039,
464,0.0413,0.3049,0.4275,0.3353,0.2524,0.1775,0.2671,0.7022,0.0002,0.0002,0.0613,0.2472,2.0919,2.1383,13.9031,2.0183,18.2639,
465,0.0409,0.3061,0.4775,0.3038,0.2637,0.18,0.2794,0.7314,0.0002,0.0002,0.0793,0.2941,2.2095,2.2541,12.1841,1.7447,16.3859,
466,0.0415,0.2974,0.4739,0.3184,0.2711,0.1643,0.2803,0.7213,0.0002,0.0002,0.061,0.2642,2.1546,2.1996,12.4328,2.0193,16.8549,
467,0.0414,0.3813,0.468,0.319,0.2635,0.1699,0.2813,0.7203,0.0003,0.0002,0.0805,0.2725,2.253,2.2978,14.5459,2.058,19.1092,
468,0.0416,0.3221,0.4782,0.3115,0.2634,0.1705,0.2828,0.7246,0.0002,0.0002,0.0625,0.2676,2.1862,2.2314,13.0901,1.295,16.8245,
469,0.0436,0.357,0.4809,0.3201,0.2666,0.1703,0.2807,0.7264,0.0002,0.0002,0.0824,0.2569,2.2396,2.2867,13.4819,1.5041,17.4833,
470,0.0413,0.3465,0.4834,0.3184,0.2637,0.1853,0.2756,0.7337,0.0003,0.0001,0.0628,0.2707,2.2344,2.2791,12.7382,1.7293,16.9482,
471,0.0415,0.3621,0.4786,0.318,0.2663,0.168,0.2799,0.7204,0.0002,0.0002,0.0817,0.2601,2.2368,2.2817,14.0196,1.6531,18.1564,
472,0.0433,0.2763,0.455,0.3319,0.2556,0.1654,0.2777,0.7027,0.0003,0.0002,0.0678,0.2546,2.1072,2.1552,15.2113,2.0948,19.6723,
473,0.0438,0.3113,0.4818,0.3285,0.2607,0.1789,0.2795,0.7257,0.0003,0.0002,0.0615,0.2651,2.1941,2.2419,14.9665,2.0567,19.4787,
474,0.0417,0.428,0.5652,0.3344,0.2588,0.1697,0.2756,0.7076,0.0002,0.0002,0.0702,0.2595,2.3765,2.4216,12.1521,2.005,16.796,
475,0.0459,0.2876,0.491,0.322,0.264,0.172,0.2797,0.7216,0.0002,0.0002,0.0818,0.2595,2.1855,2.2352,11.9328,1.7076,16.087,
476,0.0413,0.3711,0.4732,0.2957,0.2623,0.1682,0.2774,0.7113,0.0002,0.0001,0.0843,0.2584,2.2064,2.2509,12.6212,1.7079,16.7819,
477,0.0412,0.2848,0.4638,0.2681,0.2566,0.1543,0.2718,0.686,0.0003,0.0001,0.0577,0.2677,2.0409,2.0855,13.2002,1.8526,17.35,
478,0.0438,0.3853,0.4353,0.2887,0.2632,0.1606,0.2687,0.6958,0.0002,0.0002,0.0666,0.2563,2.1381,2.1851,12.8308,2.0467,17.2743,
479,0.0413,0.3161,0.4985,0.3263,0.2683,0.2095,0.2843,0.7673,0.0002,0.0001,0.0711,0.2805,2.2687,2.3132,11.7047,1.6388,15.8539,
480,0.049,0.2744,0.4444,0.319,0.2574,0.1801,0.2751,0.7216,0.0003,0.0002,0.0623,0.2698,2.1118,2.1658,12.7146,1.6989,16.7967,
481,0.0407,0.3036,0.4831,0.3027,0.2677,0.1688,0.269,0.7103,0.0002,0.0002,0.0781,0.2772,2.1642,2.2084,12.8808,2.0219,17.3133,
482,0.0436,0.3133,0.4704,0.2933,0.2604,0.1613,0.2745,0.6994,0.0001,0.0002,0.0699,0.255,2.1099,2.1572,12.4614,1.7215,16.5453,
483,0.0414,0.4257,0.4696,0.2897,0.2592,0.1616,0.279,0.7032,0.0002,0.0002,0.0655,0.2514,2.2137,2.258,12.9339,1.1811,16.5772,
484,0.0413,0.29,0.4637,0.3056,0.2641,0.1681,0.2775,0.713,0.0001,0.0002,0.0644,0.2578,2.1034,2.1477,13.267,1.4067,17.0267,
485,0.0411,0.3677,0.4744,0.3213,0.2582,0.1729,0.2811,0.719,0.0003,0.0002,0.0664,0.2658,2.2347,2.2794,12.3119,1.9646,16.7581,
486,0.0411,0.3888,0.5761,0.3366,0.2679,0.1735,0.2831,0.7338,0.0002,0.0002,0.0654,0.2821,2.4015,2.446,11.7125,1.5608,15.9206,
487,0.0419,0.2999,0.476,0.3236,0.2696,0.1709,0.2823,0.7293,0.0001,0.0002,0.0599,0.2599,2.1636,2.2086,11.6518,1.418,15.484,
488,0.0436,0.3008,0.4523,0.3175,0.2503,0.1802,0.2737,0.7137,0.0002,0.0002,0.0609,0.2593,2.1225,2.1711,14.1772,1.6773,18.2391,
489,0.0415,0.2299,0.4699,0.3339,0.2676,0.1741,0.2856,0.7371,0.0004,0.0002,0.0799,0.2787,2.1503,2.1958,12.8094,1.6585,16.8672,
490,0.0416,0.3094,0.4815,0.3187,0.2632,0.1682,0.2798,0.7174,0.0003,0.0002,0.0603,0.2566,2.1641,2.2091,9.0933,1.1836,12.6909,
491,0.0415,0.3174,0.4944,0.3217,0.2755,0.2449,0.2885,0.8178,0.0002,0.0002,0.0807,0.2669,2.3206,2.3657,13.0159,1.6703,17.2551,
492,0.0418,0.3471,0.5869,0.3196,0.266,0.2101,0.2838,0.7651,0.0002,0.0002,0.0704,0.2654,2.3703,2.4157,11.7314,1.5785,15.928,
493,0.0417,0.2966,0.4755,0.3068,0.2734,0.1803,0.2866,0.7512,0.0003,0.0002,0.081,0.269,2.1974,2.2425,15.0007,2.0815,19.5274,
494,0.0416,0.3085,0.4934,0.3141,0.2689,0.1766,0.2826,0.736,0.0003,0.0002,0.0823,0.265,2.2173,2.2623,11.9529,2.0923,16.526,
495,0.0414,0.4448,0.4814,0.3115,0.2669,0.2162,0.2741,0.7633,0.0002,0.0002,0.0713,0.2631,2.3476,2.3925,11.8503,1.4114,15.856,
496,0.0445,0.2716,0.4511,0.3249,0.2624,0.2221,0.2733,0.7666,0.0003,0.0002,0.0735,0.2705,2.1767,2.2258,13.7238,1.6627,17.8194,
497,0.0477,0.3236,0.4822,0.3052,0.2667,0.1782,0.2878,0.7407,0.0002,0.0001,0.0657,0.2584,2.1914,2.2425,12.1472,1.6064,16.2073,
498,0.0417,0.3799,0.4747,0.3067,0.2752,0.1753,0.2831,0.7424,0.0002,0.0002,0.0608,0.2632,2.2498,2.295,13.1816,2.1193,17.8044,
499,0.0418,0.3197,0.4716,0.3178,0.2667,0.1858,0.2843,0.7422,0.0002,0.0001,0.0628,0.2651,2.1979,2.2435,11.4775,1.8312,15.7531,
500,0.041,0.3578,0.4718,0.3,0.2761,0.2176,0.2775,0.7762,0.0003,0.0002,0.073,0.2645,2.2621,2.3068,11.6847,1.641,15.8345,
501,0.0422,0.3799,0.4822,0.3181,0.2758,0.301,0.2952,0.8791,0.0002,0.0002,0.0629,0.2882,2.429,2.4748,14.0125,1.6399,18.3337,
502,0.0408,0.3771,0.4857,0.3234,0.2744,0.1826,0.29,0.757,0.0002,0.0002,0.066,0.2555,2.2832,2.3275,14.1342,2.1695,18.8397,
503,0.0417,0.3287,0.4821,0.315,0.2757,0.1787,0.2879,0.7498,0.0003,0.0002,0.0894,0.2691,2.2506,2.296,12.2509,2.0707,16.8213,
504,0.0423,0.2775,0.4728,0.3255,0.2608,0.225,0.2787,0.7709,0.0002,0.0002,0.0667,0.2522,2.1867,2.2341,15.0746,1.6701,19.1815,
505,0.0417,0.3047,0.4913,0.3235,0.2829,0.1781,0.2883,0.7582,0.0002,0.0002,0.086,0.2607,2.2483,2.2936,11.9909,1.6494,16.1386,
506,0.0417,0.3897,0.4782,0.3378,0.3096,0.2279,0.2848,0.8296,0.0003,0.0002,0.0842,0.2799,2.416,2.4613,12.4819,1.3625,16.5088,
507,0.0411,0.3249,0.4784,0.3243,0.2765,0.1752,0.2885,0.7454,0.0002,0.0001,0.081,0.2768,2.2523,2.2971,13.1851,1.7986,17.4837,
508,0.0421,0.3336,0.488,0.3251,0.2733,0.2192,0.2891,0.7892,0.0003,0.0002,0.0803,0.2691,2.3096,2.3552,11.8229,1.6555,16.0436,
509,0.0411,0.2868,0.4706,0.3288,0.2741,0.224,0.2884,0.7977,0.0003,0.0002,0.0909,0.256,2.2524,2.2972,13.0102,2.0499,17.5637,
510,0.0441,0.4269,0.5113,0.3448,0.282,0.199,0.2933,0.7848,0.0003,0.0002,0.0667,0.2859,2.4486,2.4966,15.0567,1.9875,19.752,
511,0.043,0.3099,0.4798,0.3299,0.2704,0.2265,0.2904,0.7953,0.0003,0.0002,0.0876,0.2723,2.2976,2.3443,15.2412,2.0674,19.8708,
512,0.0437,0.2684,0.4614,0.3055,0.259,0.2093,0.2781,0.7521,0.0002,0.0002,0.0807,0.2833,2.1711,2.2196,15.0344,2.0057,19.4374,
513,0.0441,0.357,0.5012,0.3444,0.2758,0.2244,0.2924,0.8009,0.0002,0.0002,0.0639,0.2837,2.3702,2.4183,15.3149,1.6988,19.6505,
514,0.0441,0.3873,0.4931,0.333,0.29,0.2794,0.3047,0.8879,0.0002,0.0002,0.0966,0.2859,2.5101,2.5585,15.1351,1.962,19.8791,
515,0.0418,0.3778,0.487,0.3916,0.27,0.2171,0.2936,0.7907,0.0003,0.0001,0.0814,0.2774,2.4221,2.468,14.7614,1.8706,19.293,
516,0.0444,0.4728,0.5054,0.347,0.2809,0.2281,0.2948,0.8158,0.0003,0.0001,0.0796,0.3479,2.5913,2.6401,12.6168,1.1863,16.6603,
517,0.0411,0.3017,0.4744,0.3035,0.2724,0.2092,0.2818,0.7678,0.0002,0.0001,0.0674,0.2527,2.183,2.2282,12.3965,1.1751,16.0237,
518,0.0445,0.3814,0.4821,0.3129,0.2701,0.2212,0.283,0.7826,0.0002,0.0002,0.0618,0.2629,2.3043,2.3522,11.7495,1.7069,16.0215,
519,0.0417,0.3694,0.4818,0.3156,0.2735,0.2286,0.2869,0.798,0.0002,0.0002,0.0708,0.3601,2.4178,2.4629,12.7056,2.0225,17.3997,
