0,0.0425,0.2556,1.0211,0.0697,0.0047,0.2601,0,0.07,0.1758,0.0014,0.4099,1.0107,0.1334,2.4806,24.9926,4.0427,31.9127,
1,0.0376,0.2844,1.0032,0.0608,0.0037,0.3332,0.0001,0.0888,0.1868,0.0002,0.3975,1.0919,0.1481,2.5809,22.3778,3.8892,29.2985,
2,0.0384,0.2931,0.9834,0.0611,0.0039,0.2681,0.0001,0.0717,0.1973,0.0002,0.4132,1.0331,0.1342,2.4957,23.0038,3.9982,29.9705,
3,0.039,0.2711,0.9838,0.0485,0.0018,0.2685,0.0001,0.0721,0.1921,0.0002,0.4148,1.0166,0.1445,2.4726,23.68,3.8815,30.5021,
4,0.041,0.4165,1.0044,0.0526,0.0039,0.271,0.0001,0.0758,0.1755,0.0003,0.4091,1.0065,0.1479,2.6302,21.5634,3.6666,28.3406,
5,0.0415,0.3205,1.105,0.0645,0.002,0.2738,0.0001,0.0823,0.1884,0.0002,0.4155,1.0408,0.1497,2.6706,21.9351,2.251,27.3377,
6,0.0433,0.3326,0.9522,0.0583,0.0016,0.2518,0.0001,0.0676,0.1956,0.0002,0.4193,1.008,0.1616,2.5118,22.0298,4.4618,29.4666,
7,0.0391,0.2464,1.0101,0.0546,0.0019,0.331,0.0001,0.0819,0.1868,0.0003,0.4157,1.0906,0.1481,2.5456,23.3156,4.5337,30.8905,
8,0.0385,0.1537,0.9941,0.0614,0.002,0.3142,0.0001,0.0758,0.1761,0.0002,0.3919,1.0362,0.135,2.3715,25.1374,4.0333,32.0226,
9,0.0432,0.2785,1.0266,0.0616,0.0019,0.3303,0.0001,0.1178,0.1868,0.0002,0.4116,1.1269,0.1621,2.6518,25.5032,4.0495,32.7176,
10,0.0396,0.3194,1.0157,0.0571,0.0043,0.3199,0,0.0711,0.1964,0.0002,0.4147,1.0803,0.1424,2.6095,24.3976,4.5302,32.0378,
11,0.0391,0.3225,1.0075,0.0484,0.0037,0.328,0.0001,0.0697,0.1875,0.0002,0.3994,1.0553,0.153,2.5891,25.4245,4.3298,32.829,
12,0.0391,0.2777,0.9923,0.0616,0.0016,0.3176,0.0001,0.078,0.1886,0.0002,0.4225,1.08,0.1439,2.5445,23.7697,2.9884,29.7902,
13,0.0382,0.3745,1.0257,0.0666,0.0044,0.2684,0.0001,0.08,0.1877,0.0002,0.4288,1.0542,0.1523,2.6581,22.8374,4.4436,30.4367,
14,0.039,0.3159,1.1261,0.054,0.0021,0.3128,0.0002,0.0827,0.1851,0.0002,0.4102,1.0631,0.1429,2.6973,22.6843,4.4985,30.3771,
15,0.0377,0.2729,0.9969,0.0571,0.0042,0.312,0,0.0905,0.1869,0.0002,0.4177,1.0832,0.1563,2.5607,24.8376,2.8488,30.731,
16,0.0429,0.2476,1.0359,0.0604,0.002,0.3074,0.0001,0.0779,0.1822,0.0003,0.4106,1.0578,0.1387,2.5396,24.2786,4.2935,31.5649,
17,0.0423,0.2713,1.0093,0.0598,0.0021,0.293,0.0001,0.0714,0.1936,0.0002,0.4056,1.0456,0.1426,2.5254,19.8502,2.9747,25.8558,
18,0.0399,0.3234,1.1001,0.0678,0.006,0.3342,0.0001,0.0926,0.1947,0.0002,0.4249,1.1383,0.1488,2.7634,21.7851,3.0083,28.0452,
19,0.0399,0.3196,0.9796,0.0586,0.0043,0.3216,0.0001,0.0926,0.195,0.0002,0.4266,1.1165,0.1466,2.6145,23.3225,4.5098,30.9427,
20,0.0399,0.2664,0.9802,0.0568,0.004,0.3248,0.0001,0.0671,0.1996,0.0002,0.4339,1.1025,0.146,2.5478,25.8205,4.1755,33.0463,
21,0.039,0.2643,1.0011,0.0545,0.0019,0.3331,0.0001,0.0837,0.1983,0.0001,0.428,1.1173,0.1442,2.5777,25.5034,3.4435,32.011,
22,0.039,0.3295,0.9866,0.0511,0.0038,0.3336,0.0001,0.0752,0.2044,0.0002,0.4234,1.1108,0.1634,2.6427,25.8733,4.5169,33.5194,
23,0.0393,0.3191,0.9999,0.0588,0.0058,0.3315,0.0001,0.0833,0.199,0.0002,0.4128,1.1094,0.1316,2.6114,24.4605,4.5959,32.1477,
24,0.043,0.2516,1.0417,0.0625,0.0066,0.2822,0.0001,0.0717,0.1864,0.0002,0.4108,1.0383,0.1695,2.5606,26.4234,4.5609,34.012,
25,0.0403,0.2733,1.0153,0.0518,0.0024,0.3251,0.0001,0.0957,0.2023,0.0002,0.4148,1.1089,0.149,2.5995,22.112,4.5351,29.7358,
26,0.0385,0.3202,0.9867,0.0587,0.002,0.2766,0,0.0779,0.2037,0.0002,0.4224,1.0542,0.1436,2.5534,24.4544,4.0823,31.5655,
27,0.0382,0.3605,0.9955,0.0637,0.0047,0.3318,0.0001,0.0662,0.1983,0.0001,0.4209,1.0998,0.1394,2.6479,24.1284,3.5628,30.8318,
28,0.0391,0.2656,1.0023,0.0544,0.0045,0.3403,0.0001,0.0814,0.2046,0.0003,0.4359,1.1418,0.1453,2.6085,24.7026,4.2186,32.0254,
29,0.0429,0.2834,0.9779,0.0523,0.0016,0.3178,0.0001,0.0708,0.204,0.0001,0.4342,1.0959,0.1473,2.5613,27.1983,4.2372,34.5079,
30,0.0395,0.4321,0.9962,0.0581,0.0042,0.3343,0.0001,0.0699,0.2061,0.0002,0.4313,1.1233,0.1361,2.7415,23.4195,4.2854,30.9382,
31,0.0386,0.3199,0.9626,0.0657,0.007,0.2858,0.0001,0.0766,0.214,0.0002,0.4326,1.0991,0.1558,2.5879,24.7531,4.8156,32.6461,
32,0.043,0.1452,0.9902,0.0564,0.0023,0.3225,0.0001,0.0739,0.1888,0.0002,0.4096,1.0692,0.1466,2.41,29.1791,4.6197,36.6697,
33,0.0407,0.2794,1.017,0.0589,0.004,0.3354,0.0001,0.0921,0.2061,0.0002,0.4217,1.1913,0.1561,2.6997,27.1439,4.387,34.7297,
34,0.0394,0.3224,0.9844,0.0546,0.0041,0.3329,0.0001,0.0714,0.2012,0.0002,0.431,1.111,0.132,2.6012,27.9094,3.3713,34.3576,
35,0.0386,0.3518,1.0082,0.0579,0.0017,0.3365,0,0.0869,0.2089,0.0002,0.44,1.146,0.1556,2.7132,26.0015,2.792,32.0188,
36,0.1595,0.2642,0.9732,0.0605,0.0046,0.3358,0.0001,0.0716,0.2204,0.0002,0.4449,1.1532,0.1421,2.7059,28.6887,4.8371,36.736,
37,0.0401,0.2602,0.997,0.0572,0.0072,0.3119,0.0001,0.0975,0.2054,0.0002,0.4334,1.1304,0.1491,2.5877,24.7246,3.4195,31.2166,
38,0.0387,0.3312,0.9772,0.1768,0.0019,0.3518,0.0001,0.0848,0.205,0.0002,0.4424,1.2813,0.1343,2.7765,26.309,4.9217,34.4954,
39,0.0398,0.3274,0.9711,0.0562,0.0065,0.4564,0.0001,0.0767,0.2064,0.0003,0.4419,1.2668,0.1567,2.7757,31.6253,4.7052,39.6023,
40,0.0409,0.1511,1.0064,0.0579,0.0021,0.3343,0.0001,0.0717,0.2001,0.0002,0.417,1.0994,0.1523,2.4655,28.414,4.9712,36.2944,
41,0.0408,0.326,1.0081,0.0667,0.0078,0.443,0,0.0725,0.214,0.0002,0.4417,1.2652,0.1425,2.7984,30.288,5.004,38.5781,
42,0.0392,0.2723,0.9936,0.0534,0.0049,0.333,0,0.0657,0.2077,0.0002,0.4408,1.1218,0.1532,2.5924,25.2996,4.9329,33.3218,
43,0.0412,0.2683,0.9926,0.0567,0.0038,0.3381,0,0.087,0.2039,0.0002,0.4411,1.1473,0.1547,2.619,28.1106,4.5482,35.7718,
44,0.0406,0.2725,0.9915,0.0545,0.0042,0.3408,0.0001,0.0697,0.2056,0.0002,0.4391,1.1311,0.1403,2.5879,29.6042,5.1734,37.8363,
45,0.0396,0.2769,0.9979,0.0548,0.0019,0.3166,0.0001,0.0719,0.2172,0.0002,0.45,1.127,0.1493,2.6067,29.7724,3.3122,36.1916,
46,0.0403,0.335,1.0861,0.0543,0.0019,0.3361,0.0001,0.0806,0.2082,0.0002,0.4231,1.1217,0.1434,2.7413,29.1759,5.2286,37.6339,
47,0.0434,0.3315,1.0073,0.06,0.006,0.3372,0.0001,0.0684,0.2027,0.0002,0.4456,1.1393,0.1355,2.6694,31.6751,3.436,38.2839,
48,0.042,0.2419,1.013,0.0594,0.0018,0.3598,0.0001,0.0881,0.2228,0.0003,0.4496,1.2026,0.1446,2.6585,30.6095,5.0941,38.8265,
49,0.0394,0.3694,1.0493,0.0543,0.0042,0.3499,0.0001,0.0754,0.2099,0.0003,0.4593,1.1759,0.1568,2.807,34.6893,5.2687,43.2727,
50,0.0389,0.2774,1.0044,0.0503,0.0039,0.3485,0.0001,0.0735,0.2112,0.0002,0.4475,1.1487,0.1321,2.6161,32.2997,4.9524,40.3572,
51,0.0395,0.346,0.9941,0.0541,0.0041,0.3301,0.0001,0.0776,0.2014,0.0002,0.4484,1.1312,0.1638,2.686,31.7078,5.2926,40.16,
52,0.0415,0.2736,1.0007,0.0591,0.004,0.3386,0.0001,0.0662,0.2099,0.0002,0.4513,1.147,0.1471,2.6233,35.0771,3.229,41.4517,
53,0.0428,0.2756,0.9925,0.051,0.0016,0.3209,0.0001,0.073,0.21,0.0002,0.4598,1.131,0.1505,2.6056,34.6121,5.4145,43.1528,
54,0.0388,0.3242,0.9974,0.054,0.0047,0.341,0.0001,0.0869,0.2079,0.0002,0.4679,1.18,0.1425,2.694,33.4498,4.0831,40.6989,
55,0.0408,0.2681,1.0292,0.0509,0.002,0.3387,0.0001,0.0978,0.2093,0.0002,0.4485,1.1665,0.1564,2.6788,33.9209,5.3347,42.4311,
56,0.0434,0.2457,0.9995,0.0607,0.002,0.3218,0.0001,0.0695,0.2004,0.0003,0.4436,1.1213,0.1418,2.5673,35.5934,4.8977,43.5123,
57,0.0404,0.3266,1.0137,0.0607,0.0043,0.3236,0.0001,0.1717,0.2123,0.0002,0.4463,1.2368,0.1639,2.7946,32.4746,5.3141,41.0735,
58,0.0387,0.3276,1.0277,0.0655,0.0036,0.3334,0.0001,0.0716,0.2116,0.0003,0.5836,1.2853,0.1459,2.8374,30.8785,2.99,37.1786,
59,0.0381,0.2378,1.0632,0.0628,0.0036,0.3401,0.0001,0.0921,0.2093,0.0003,0.4611,1.1937,0.1524,2.6986,34.8821,5.5272,43.574,
60,0.0382,0.2706,1.002,0.0565,0.006,0.3415,0.0001,0.078,0.2096,0.0002,0.4611,1.1679,0.1377,2.6301,35.2028,5.382,43.6825,
61,0.0393,0.3301,0.9985,0.0562,0.0047,0.3475,0.0001,0.0936,0.2254,0.0002,0.4625,1.2079,0.1382,2.7264,37.6581,5.321,46.1769,
62,0.0418,0.2735,0.9794,0.0524,0.0016,0.3345,0,0.074,0.2021,0.0001,0.4596,1.1338,0.1408,2.5792,37.5261,5.2233,45.7904,
63,0.0406,0.3525,1.0451,0.0571,0.002,0.3343,0.0001,0.0793,0.2105,0.0002,0.4674,1.1668,0.1396,2.7611,38.9901,5.5259,47.7622,
64,0.0432,0.2259,1.0747,0.0685,0.003,0.3222,0.0001,0.08,0.2093,0.0002,0.4446,1.143,0.1369,2.6427,38.81,5.7332,47.6318,
65,0.0382,0.3248,1.0425,0.0605,0.0016,0.4256,0.0001,0.0681,0.2085,0.0001,0.4565,1.2307,0.1402,2.7895,35.3044,5.5236,44.0848,
66,0.0386,0.2617,0.9974,0.0586,0.0018,0.3333,0.0001,0.0848,0.2154,0.0002,0.4872,1.197,0.1413,2.6519,38.8713,5.0963,47.0952,
67,0.0389,0.3276,0.9973,0.0494,0.0047,0.3286,0.0001,0.0825,0.2094,0.0003,0.4727,1.1689,0.1363,2.6817,39.6997,5.8197,48.6652,
68,0.0384,0.3628,1.1069,0.0589,0.0019,0.33,0.0001,0.0757,0.2137,0.0003,0.4637,1.1615,0.1368,2.8192,35.4297,5.3762,44.1024,
69,0.0384,0.2768,1.0106,0.0541,0.0039,0.3267,0.0001,0.0837,0.2119,0.0001,0.4621,1.1575,0.1511,2.644,35.5355,5.7539,44.4004,
70,0.0395,0.3294,0.9939,0.0512,0.0065,0.3435,0.0001,0.084,0.2107,0.0002,0.4626,1.1767,0.1916,2.7452,39.6706,5.6663,48.5644,
71,0.0411,0.2743,1,0.0604,0.0042,0.3355,0.0001,0.0799,0.2086,0.0002,0.4653,1.1787,0.2105,2.7171,34.1831,5.5635,42.9452,
72,0.0419,0.1581,1.0091,0.0727,0.0053,0.324,0.0001,0.0805,0.2009,0.0002,0.4616,1.1674,0.1385,2.5292,39.1996,5.6887,47.851,
73,0.0407,0.2756,1.0167,0.0525,0.0044,0.3979,0.0001,0.0877,0.2147,0.0003,0.4825,1.2537,0.149,2.7472,39.0628,5.6632,47.9397,
74,0.0387,0.3267,0.9967,0.0532,0.0019,0.3498,0.0001,0.0807,0.2079,0.0002,0.4667,1.1768,0.1438,2.6962,39.2168,5.6731,48.0643,
75,0.0391,0.3196,0.9848,0.0554,0.0023,0.3352,0.0001,0.075,0.203,0.0002,0.4794,1.1671,0.1537,2.6798,39.3328,5.5704,48.0584,
76,0.0387,0.339,0.9997,0.0546,0.0044,0.3329,0.0001,0.0886,0.2168,0.0002,0.449,1.1597,0.1415,2.688,39.3,5.4977,47.9563,
77,0.0408,0.2656,0.9707,0.0638,0.004,0.339,0,0.0771,0.2082,0.0002,0.4693,1.1798,0.1486,2.6191,39.2986,5.6838,48.0815,
78,0.041,0.2662,0.9818,0.057,0.0042,0.336,0.0001,0.0943,0.2113,0.0003,0.4775,1.2024,0.1446,2.6469,39.1277,5.8081,48.0444,
79,0.0383,0.2682,0.9924,0.0589,0.0018,0.3341,0.0001,0.0978,0.208,0.0002,0.4668,1.1868,0.1488,2.6497,38.7969,3.187,45.1068,
80,0.0416,0.1798,0.9873,0.0582,0.0018,0.3179,0.0001,0.0698,0.2099,0.0003,0.4513,1.1287,0.1443,2.4969,40.8468,5.8169,49.5984,
81,0.0412,0.2749,0.9876,0.0588,0.0035,0.3247,0.0001,0.074,0.1997,0.0002,0.461,1.1324,0.1469,2.5944,39.0507,5.7359,47.8558,
82,0.0389,0.2655,1.0143,0.0662,0.0041,0.3218,0.0001,0.0927,0.2022,0.0002,0.4696,1.1769,0.1435,2.6505,39.4885,5.8563,48.4919,
83,0.0435,0.2494,1.0191,0.0652,0.0042,0.3273,0.0001,0.068,0.202,0.0003,0.4758,1.1601,0.1361,2.6212,38.4169,5.5547,47.083,
84,0.0415,0.4148,1.1157,0.0575,0.0017,0.3422,0.0001,0.0802,0.2012,0.0002,0.4817,1.1752,0.1403,2.8988,39.4879,5.6631,48.524,
85,0.0408,0.3303,0.9842,0.054,0.0045,0.3438,0.0001,0.0892,0.209,0.0002,0.468,1.1897,0.1613,2.7227,38.8349,5.9425,47.974,
86,0.0402,0.3191,0.9833,0.0603,0.0034,0.323,0.0001,0.0786,0.2032,0.0003,0.4707,1.1593,0.1456,2.6606,38.6664,5.3266,47.1481,
87,0.0414,0.3235,0.9737,0.055,0.0017,0.3216,0.0001,0.0687,0.2037,0.0005,0.4796,1.1421,0.1537,2.6457,39.544,5.2998,47.9826,
88,0.039,0.2474,0.9939,0.058,0.0021,0.3209,0.0001,0.0766,0.2029,0.0002,0.4505,1.1331,0.1391,2.5721,39.9282,4.999,47.9214,
89,0.0408,0.3329,1.007,0.0661,0.0044,0.3256,0.0001,0.078,0.2018,0.0003,0.4555,1.1521,0.1502,2.6975,39.235,4.9813,47.4151,
90,0.0395,0.2687,0.9901,0.0794,0.0019,0.3335,0.0001,0.0747,0.2074,0.0002,0.489,1.2049,0.1356,2.6491,39.4904,5.8643,48.4789,
91,0.0421,0.2663,0.9818,0.0647,0.0052,0.3318,0.0001,0.0878,0.2053,0.0003,0.4775,1.1919,0.1471,2.6419,39.0891,5.7394,47.9613,
92,0.0426,0.2639,1.0085,0.0577,0.0042,0.3373,0.0001,0.073,0.2025,0.0002,0.4609,1.1498,0.1418,2.6184,39.0746,5.9226,48.0864,
93,0.0391,0.2706,0.9691,0.0555,0.0037,0.3361,0.0002,0.0751,0.2049,0.0002,0.4771,1.1715,0.1402,2.5999,38.7809,5.9142,47.7883,
94,0.0434,0.2705,1.0201,0.0541,0.0017,0.3238,0,0.0671,0.2045,0.0002,0.4795,1.14,0.1371,2.6213,39.2143,5.705,48.0376,
95,0.0394,0.4332,1.0959,0.0601,0.0074,0.3342,0.0001,0.072,0.2035,0.0002,0.4709,1.1687,0.1472,2.8968,38.6459,5.8703,47.8864,
96,0.0423,0.2413,1.0434,0.0576,0.0019,0.3135,0.0001,0.071,0.1926,0.0002,0.4649,1.1196,0.1321,2.5923,39.3899,5.8656,48.2847,
97,0.039,0.3877,1.1225,0.0612,0.0061,0.3316,0.0001,0.0842,0.2078,0.0003,0.4589,1.173,0.1498,2.888,39.774,5.5164,48.6473,
98,0.0396,0.3179,1.043,0.0538,0.0021,0.3323,0.0001,0.0706,0.2018,0.0002,0.4711,1.1489,0.1506,2.7111,38.0269,5.365,46.5881,
99,0.0391,0.3301,0.9882,0.061,0.0044,0.3287,0.0001,0.0705,0.2054,0.0002,0.4774,1.1653,0.1557,2.6904,39.7731,5.8874,48.8263,
100,0.0402,0.328,1.005,0.0571,0.002,0.3317,0.0001,0.0797,0.2153,0.0002,0.4715,1.1902,0.1461,2.7215,39.0135,5.389,47.5932,
101,0.0415,0.3771,0.9946,0.0588,0.0042,0.3242,0.0001,0.0671,0.2165,0.0002,0.4832,1.1705,0.1302,2.7286,39.9387,5.0199,48.177,
102,0.0406,0.2706,0.9941,0.0636,0.0018,0.3276,0.0001,0.0702,0.2036,0.0003,0.4906,1.1751,0.14,2.6348,39.4341,5.8944,48.4304,
103,0.0405,0.263,0.9938,0.0627,0.0018,0.3267,0,0.0944,0.2034,0.0003,0.4687,1.1742,0.1377,2.6213,39.5114,5.1777,47.7887,
104,0.0448,0.1453,1.0013,0.0607,0.0044,0.3277,0.0001,0.0741,0.1971,0.0002,0.4576,1.1377,0.1362,2.4799,39.7859,5.4556,48.1481,
105,0.0397,0.2808,1.0042,0.0654,0.0047,0.3177,0,0.0688,0.2067,0.0003,0.465,1.1483,0.165,2.6489,39.0248,5.1859,47.3579,
106,0.0416,0.2514,1.0013,0.0674,0.0037,0.3172,0,0.0714,0.2044,0.0001,0.48,1.1554,0.134,2.5959,39.5905,5.4185,48.1009,
107,0.0388,0.3229,1.0753,0.0656,0.0035,0.3089,0.0001,0.0832,0.2181,0.0002,0.4817,1.1758,0.144,2.7656,39.9933,5.2038,48.4414,
108,0.042,0.3873,1.0914,0.0603,0.004,0.3266,0.0001,0.0738,0.1986,0.0002,0.4769,1.1579,0.1402,2.8327,38.7635,5.8979,47.9742,
109,0.0381,0.32,0.991,0.1605,0.0025,0.3237,0,0.0892,0.2118,0.0003,0.4754,1.2823,0.1477,2.795,38.8476,5.7892,47.904,
110,0.04,0.3136,1.0003,0.0542,0.0065,0.3365,0.0001,0.0781,0.2029,0.0002,0.49,1.1854,0.1464,2.6978,39.3651,5.995,48.5323,
111,0.0398,0.3237,0.9949,0.0529,0.0021,0.3302,0.0001,0.0795,0.2052,0.0002,0.4697,1.1593,0.1551,2.6845,39.7054,6.1212,48.9859,
112,0.0386,0.2523,1.0599,0.0555,0.0019,0.3303,0,0.0701,0.2022,0.0002,0.4671,1.146,0.1405,2.6522,35.995,5.7655,44.8289,
113,0.0389,0.2773,1.0174,0.0598,0.0033,0.309,0.0001,0.071,0.1994,0.0002,0.4702,1.1282,0.1653,2.6407,41.0649,5.5825,49.764,
114,0.0392,0.3883,0.9858,0.0579,0.0039,0.3051,0.0001,0.0735,0.2036,0.0002,0.4764,1.1362,0.1366,2.6972,38.2412,5.6236,47.0395,
115,0.0419,0.2697,0.9897,0.0622,0.004,0.3109,0.0001,0.0792,0.2046,0.0003,0.4661,1.1426,0.1533,2.6121,39.3779,5.5741,48.0633,
116,0.0428,0.2709,1.0122,0.0596,0.0044,0.3087,0.0001,0.0829,0.2027,0.0002,0.4787,1.1531,0.1388,2.6327,39.2915,5.839,48.2503,
117,0.0404,0.2751,0.9758,0.0511,0.0038,0.3227,0,0.0674,0.2022,0.0002,0.4783,1.1408,0.1496,2.5948,39.3618,5.9411,48.3651,
118,0.0392,0.2619,1.0023,0.0589,0.0019,0.315,0.0001,0.0858,0.2013,0.0002,0.4721,1.1475,0.1513,2.6167,39.0834,5.6083,47.7935,
119,0.0662,0.3614,1.0478,0.0609,0.0037,0.3468,0.0001,0.101,0.2133,0.0002,0.4744,1.2227,0.1521,2.8606,38.6945,5.8624,47.8805,
120,0.0442,0.2458,0.9773,0.0508,0.0018,0.3515,0.0001,0.0854,0.1977,0.0002,0.4695,1.1733,0.153,2.6064,39.8882,5.963,48.905,
121,0.0421,0.3565,1.0304,0.0585,0.004,0.3185,0.0001,0.0956,0.2072,0.0002,0.4723,1.1759,0.1503,2.769,38.8035,5.611,47.671,
122,0.0414,0.3436,0.9902,0.0564,0.0041,0.3311,0.0001,0.0715,0.2434,0.0003,0.4736,1.1988,0.1599,2.7492,39.2015,5.8971,48.3356,
123,0.0398,0.3354,1.0106,0.0519,0.004,0.3289,0.0001,0.0708,0.206,0.0003,0.4642,1.1424,0.1609,2.6994,38.6081,5.9795,47.7618,
124,0.0402,0.2697,1.0128,0.0515,0.0017,0.3212,0.0001,0.0694,0.2096,0.0002,0.4709,1.1376,0.1484,2.6216,39.5842,5.3264,48.0004,
125,0.0385,0.3201,1.0089,0.0641,0.0022,0.3316,0.0001,0.0791,0.2039,0.0002,0.4714,1.1727,0.1336,2.6854,36.2475,6.0044,45.4077,
126,0.0387,0.3531,1.0092,0.0581,0.0046,0.2687,0.0001,0.0698,0.206,0.0002,0.478,1.1024,0.1408,2.6577,37.6213,5.8448,46.6051,
127,0.04,0.3271,0.9948,0.0633,0.007,0.3158,0.0001,0.0922,0.2685,0.0002,0.4722,1.2338,0.137,2.7443,38.8101,5.951,47.9691,
128,0.0423,0.2447,1.0021,0.0548,0.0043,0.3077,0.0001,0.0692,0.193,0.0002,0.4579,1.105,0.1226,2.5327,41.105,5.6213,49.7083,
129,0.0393,0.2605,1.0136,0.0683,0.0021,0.3062,0.0002,0.0841,0.2074,0.0003,0.4803,1.1673,0.1654,2.6604,40.2964,5.9109,49.3413,
130,0.0385,0.2655,1.0045,0.0625,0.0036,0.2713,0.0001,0.0697,0.2078,0.0003,0.47,1.1038,0.1406,2.5676,38.5009,5.8368,47.3794,
131,0.0395,0.437,1.0121,0.0588,0.0068,0.338,0.0001,0.073,0.2069,0.0002,0.4706,1.1723,0.1411,2.8114,39.4509,5.3461,48.0904,
132,0.0387,0.3238,1.0236,0.0551,0.0023,0.3236,0.0001,0.0687,0.2049,0.0003,0.4809,1.1544,0.1422,2.6946,37.246,5.9304,46.3468,
133,0.0385,0.3223,1.0085,0.0525,0.0017,0.3326,0.0001,0.0885,0.2153,0.0002,0.484,1.2309,0.163,2.7748,41.4586,5.9716,50.6827,
134,0.0416,0.3236,0.9877,0.0624,0.0015,0.3131,0.0001,0.0669,0.2091,0.0001,0.472,1.1347,0.1398,2.6414,41.9069,5.7173,50.7577,
135,0.0412,0.2745,1.0144,0.058,0.0019,0.322,0.0001,0.0766,0.2075,0.0002,0.4722,1.154,0.1471,2.6468,39.1814,5.9349,48.237,
136,0.0427,0.1398,1.0148,0.053,0.0046,0.3217,0.0001,0.0788,0.1953,0.0003,0.4516,1.1233,0.1416,2.4787,39.2008,5.5417,47.664,
137,0.0425,0.2715,1.0365,0.0575,0.0035,0.2864,0.0001,0.0832,0.2033,0.0002,0.4595,1.1103,0.1441,2.6205,40.7333,4.2429,48.1997,
138,0.042,0.2499,1.0364,0.0539,0.002,0.314,0.0001,0.0661,0.2034,0.0002,0.472,1.1289,0.1449,2.6159,34.0885,5.9076,43.0952,
139,0.0376,0.2778,0.9562,0.0521,0.0035,0.3088,0.0001,0.0915,0.2056,2.9003,0.4966,4.0741,0.1489,5.5105,43.876,5.8612,55.7264,
140,0.0401,0.2671,1.008,0.0599,0.0018,0.3171,0.0001,0.0695,0.2016,2.9705,0.4915,4.1335,0.2324,5.6938,36.3702,5.8774,48.4054,
141,0.0426,0.2737,0.998,0.0579,0.005,0.2751,0.0001,0.0854,0.2026,0.0002,0.4822,1.1248,0.1372,2.5886,43.3105,5.8096,52.1963,
142,0.0392,0.2801,1.0134,0.0538,0.0036,0.2783,0.0001,0.0696,0.2178,0.0001,0.4777,1.1176,0.1507,2.6133,39.2187,5.6427,47.9631,
143,0.0413,0.3213,1.0026,0.0516,0.004,0.3102,0.0001,0.0785,0.2119,0.0003,0.4823,1.1596,0.153,2.6941,39.6141,5.8988,48.6948,
144,0.0419,0.158,0.9723,0.064,0.0029,0.2684,0.0001,0.075,0.1987,0.0002,0.4705,1.0987,0.1454,2.4311,41.997,5.5587,50.4197,
145,0.0405,0.3299,1.0142,0.0505,0.0016,0.328,0,0.0884,0.2045,0.0002,0.4698,1.1564,0.135,2.691,41.6458,5.6836,50.5203,
146,0.0384,0.2726,1.0067,0.0579,0.0016,0.253,0.0001,0.07,0.2044,0.0003,0.4741,1.0778,0.1407,2.5494,40.0149,5.7623,48.7948,
147,0.0415,0.2748,0.9964,0.0522,0.0018,0.3136,0.0002,0.0769,0.2076,0.0002,0.4719,1.1411,0.1437,2.6079,40.8757,5.576,49.5282,
148,0.0384,0.4098,1.0074,0.058,0.0044,0.2665,0.0001,0.0872,0.2098,0.0003,0.4738,1.1197,0.156,2.7421,39.9202,4.9139,48.0467,
149,0.0388,0.2738,0.9904,0.0588,0.004,0.3304,0,0.0795,0.2116,0.0002,0.4702,1.1728,0.1426,2.6325,38.8394,5.4903,47.4279,
150,0.0398,0.2672,1.0083,0.0617,0.0034,0.2849,0.0002,0.0816,0.2069,0.0003,0.5078,1.1627,0.136,2.6281,40.3035,5.8877,49.2906,
151,0.039,0.2643,0.9882,0.0517,0.0044,0.2698,0.0001,0.0763,0.203,0.0002,0.4728,1.0937,0.1349,2.5317,38.4174,5.8588,47.2812,
152,0.0426,0.243,1.0013,0.0529,0.002,0.2633,0.0001,0.0878,0.1924,0.0002,0.4632,1.0797,0.1537,2.5374,39.2244,5.9544,48.1506,
153,0.0399,0.3684,1.038,0.0642,0.0043,0.2755,0.0001,0.0924,0.2118,0.0003,0.459,1.1335,0.147,2.7362,38.8093,5.7689,47.797,
154,0.0395,0.3388,1.1147,0.0557,0.0065,0.3238,0.0001,0.0749,0.2016,0.0001,0.47,1.1503,0.1518,2.8086,38.767,6.0082,48.0716,
155,0.0391,0.2672,1.122,0.0597,0.0019,0.2813,0.0001,0.0799,0.2018,0.0002,0.4726,1.1111,0.1386,2.689,39.0403,5.88,48.0876,
156,0.0384,0.3248,0.9928,0.0554,0.0052,0.3362,0.0002,0.0729,0.1948,0.0002,0.4793,1.1609,0.1479,2.6763,39.1809,5.6576,47.9955,
157,0.0383,0.3261,0.9873,0.0675,0.0056,0.3412,0.0001,0.0849,0.2035,0.0002,0.5766,1.2957,0.1556,2.817,34.6615,5.614,43.5757,
158,0.0413,0.3268,1.0071,0.052,0.0018,0.2591,0.0001,0.0742,0.2151,0.0002,0.48,1.0946,0.1434,2.6261,41.2166,5.4672,49.8077,
159,0.0411,0.2675,0.9962,0.0625,0.004,0.3225,0.0001,0.0715,0.2041,0.0002,0.468,1.1507,0.1618,2.6269,37.8706,5.6877,46.6663,
160,0.043,0.2555,1.1226,0.0519,0.002,0.2665,0.0001,0.0698,0.1928,0.0003,0.4726,1.0762,0.1547,2.6649,42.5481,5.748,51.398,
161,0.0388,0.2768,1.0101,0.0597,0.0038,0.2758,0.0001,0.0704,0.2057,0.0002,0.4655,1.0983,0.1327,2.569,39.2586,5.9935,48.2864,
162,0.0393,0.2722,1.0025,0.0511,0.0043,0.3184,0.0001,0.0754,0.2015,0.0002,0.4736,1.1468,0.1393,2.6116,39.0335,5.7257,47.8406,
163,0.0394,0.2692,0.9842,0.0617,0.0016,0.2896,0.0001,0.0961,0.2008,0.0002,0.4695,1.1352,0.1487,2.5894,39.2474,5.7794,48.0879,
164,0.0408,0.2604,1.0148,0.0584,0.0043,0.3363,0.0001,0.0882,0.2102,0.0002,0.468,1.1823,0.1447,2.6588,42.3994,5.8362,51.3715,
165,0.0384,0.329,0.9592,0.0658,0.0038,0.2636,0.0001,0.0771,0.2043,0.0002,0.4683,1.0998,0.147,2.5852,40.3812,4.9991,48.4315,
166,0.0387,0.3329,1.0248,0.0545,0.0043,0.2837,0.0001,0.0677,0.1966,0.0002,0.475,1.1149,0.1525,2.6748,34.673,5.7804,43.6068,
167,0.0393,0.3266,1.0085,0.0586,0.0041,0.3173,0.0001,0.1859,0.2066,0.0002,0.4762,1.2676,0.1428,2.7984,39.7774,5.4644,48.5154,
168,0.0421,0.2542,1.1044,0.055,0.0017,0.2727,0.0001,0.0802,0.1947,0.0002,0.452,1.0725,0.1357,2.6235,43.578,5.9626,52.6061,
169,0.0447,0.3432,1.0036,0.0651,0.0041,0.3109,0.0001,0.0875,0.207,0.0002,0.4733,1.167,0.1494,2.7192,41.7649,5.6427,50.616,
170,0.0394,0.3238,1.0089,0.0646,0.0023,0.2685,0.0001,0.0679,0.217,0.0002,0.477,1.1134,0.1407,2.64,40.9114,5.8373,49.8639,
171,0.039,0.3395,1.0912,0.0544,0.0017,0.3059,0.0001,0.0694,0.2135,0.0002,0.4724,1.13,0.1661,2.7822,37.053,5.8894,46.1914,
172,0.0396,0.3273,0.9782,0.0582,0.0041,0.2727,0.0001,0.0786,0.2113,0.0002,0.4701,1.1109,0.132,2.6006,38.7946,6.0527,47.9189,
173,0.0405,0.3149,1.0013,0.0491,0.0035,0.2715,0.0001,0.0778,0.2171,0.0002,0.4697,1.1044,0.1402,2.6142,39.3955,4.889,47.3935,
174,0.0391,0.2676,0.989,0.0595,0.0076,0.2817,0.0001,0.0698,0.2068,0.0003,0.487,1.1336,0.1448,2.5881,40.1412,5.354,48.5575,
175,0.04,0.2658,1.0055,0.0546,0.0024,0.2707,0.0001,0.0921,0.2069,0.0003,0.4723,1.1155,0.147,2.585,40.2055,5.7852,49.0534,
176,0.0423,0.3374,0.9945,0.0589,0.0016,0.2955,0.0001,0.0719,0.1988,0.0002,0.4582,1.1033,0.1438,2.6345,42.3421,5.4551,50.8604,
177,0.0398,0.3499,1.0425,0.0555,0.0073,0.4088,0.0001,0.0844,0.2062,0.0002,0.4556,1.2385,0.1516,2.8388,32.5527,3.3547,39.2171,
178,0.0398,0.3323,1.0286,0.0582,0.0042,0.284,0.0001,0.0905,0.2049,0.0002,0.4698,1.1265,0.138,2.6776,35.1182,5.9289,44.2091,
179,0.0388,0.3261,1.0231,0.0663,0.0085,0.3593,0.0001,0.0918,0.2131,0.0002,0.471,1.2319,0.1357,2.7749,39.1718,5.8965,48.3201,
180,0.0404,0.3252,0.9908,0.0625,0.0044,0.269,0.0001,0.0784,0.2074,0.0002,0.4768,1.119,0.144,2.6338,36.1602,4.4992,43.7775,
181,0.0441,0.2554,0.9879,0.0577,0.0017,0.2639,0.0001,0.092,0.2086,0.0002,0.4689,1.1055,0.138,2.5429,38.8632,5.579,47.6255,
182,0.0419,0.3201,1.1472,0.057,0.0045,0.3099,0.0001,0.0701,0.2026,0.0002,0.4697,1.1276,0.14,2.7879,39.0191,5.6916,48.0027,
183,0.041,0.3252,1.1007,0.0547,0.0019,0.2678,0,0.0842,0.2109,0.0002,0.4817,1.1161,0.167,2.7626,38.959,5.7131,47.9256,
184,0.0407,0.2419,0.9929,0.1492,0.0023,0.2748,0.0001,0.0849,0.2006,0.0002,0.4635,1.1966,0.1411,2.6273,38.7353,5.6859,47.5056,
185,0.0412,0.461,1.0143,0.0636,0.0041,0.2808,0.0001,0.0682,0.2058,0.0002,0.4692,1.112,0.1363,2.7811,39.0315,5.7569,48.0662,
186,0.0403,0.4173,0.9894,0.0551,0.0017,0.2653,0.0001,0.0696,0.2046,0.0003,0.4815,1.0943,0.1608,2.7183,39.0258,5.9123,48.1323,
187,0.0391,0.2739,0.9821,0.0576,0.0016,0.3166,0.0001,0.0842,0.21,0.0002,0.4785,1.159,0.1336,2.6012,39.3234,5.8506,48.2548,
188,0.0399,0.3227,1.005,0.0576,0.0083,0.3212,0,0.085,0.2049,0.0001,0.4677,1.1636,0.1421,2.6861,38.759,5.8994,47.811,
189,0.0413,0.2775,0.9785,0.0498,0.0016,0.2656,0,0.0641,0.2029,0.0001,0.4707,1.0641,0.1514,2.5221,39.1064,5.7733,47.887,
190,0.0391,0.2688,1.003,0.0603,0.0021,0.3114,0.0001,0.0743,0.2066,0.0002,0.4837,1.1583,0.1404,2.6245,35.0698,5.8838,44.0511,
191,0.0404,0.2729,0.9948,0.0616,0.0018,0.3154,0.0001,0.0671,0.2088,0.0002,0.4686,1.1389,0.1394,2.6008,38.2418,5.5732,46.9041,
192,0.0455,0.2513,1.0137,0.0552,0.0039,0.2614,0.0001,0.0702,0.196,0.0003,0.4863,1.0918,0.1369,2.5534,39.4478,5.5629,48.0038,
193,0.041,0.2625,1.0102,0.067,0.0046,0.2843,0.0001,0.0796,0.2035,0.0001,0.4651,1.1202,0.1527,2.6035,35.4711,5.8479,44.4086,
194,0.0391,0.3255,1.1232,0.0585,0.0019,0.3302,0.0001,0.0835,0.205,0.0002,0.4725,1.1684,0.1412,2.8105,34.7823,5.7172,43.7865,
195,0.0398,0.2705,0.9896,0.0559,0.0027,0.2622,0.0001,0.0728,0.2169,0.0002,0.4792,1.1055,0.1617,2.581,39.3214,6.0169,48.3659,
196,0.0391,0.2624,1.0126,0.0579,0.0043,0.3266,0.0001,0.0932,0.2068,0.0002,0.4713,1.1803,0.1425,2.6514,39.4521,5.2447,47.8464,
197,0.0418,0.3455,1.0423,0.0516,0.0036,0.3244,0.0001,0.0701,0.2026,0.0003,0.4712,1.143,0.1474,2.7366,39.3538,5.8805,48.4535,
198,0.0394,0.4296,1.0143,0.0603,0.0045,0.2656,0.0001,0.0688,0.2052,0.0004,0.4693,1.0936,0.1542,2.7464,38.7706,5.9999,47.9926,
199,0.0393,0.2774,0.9855,0.0562,0.0066,0.2798,0.0001,0.0871,0.2068,0.0003,0.4739,1.1308,0.153,2.6129,43.1805,5.3773,51.6516,
200,0.0427,0.2474,1.0192,0.0699,0.0026,0.3409,0,0.0717,0.1944,0.0002,0.4757,1.1752,0.1391,2.6357,38.5849,5.6797,47.3275,
201,0.0409,0.2849,1.0007,0.0605,0.0043,0.2808,0.0001,0.0829,0.2027,0.0002,0.4699,1.1204,0.1665,2.6282,40.4846,5.7265,49.3117,
202,0.0396,0.2698,0.9915,0.0503,0.0035,0.2815,0,0.0728,0.2052,0.0003,0.4717,1.1004,0.1426,2.5549,41.6103,5.9158,50.5573,
203,0.0422,0.2725,1.0028,0.0664,0.0022,0.274,0.0001,0.089,0.2063,0.0002,0.4748,1.1338,0.1445,2.6092,39.2107,5.398,47.684,
204,0.0396,0.3264,0.985,0.0542,0.0038,0.2722,0.0001,0.0893,0.2073,0.0002,0.4814,1.1286,0.1511,2.6436,40.3638,6.1001,49.5914,
205,0.0404,0.3281,1.0174,0.0652,0.0043,0.3189,0.0001,0.0678,0.2079,0.0002,0.4725,1.1522,0.2683,2.819,42.0251,5.5106,50.8503,
206,0.0397,0.3269,1.0112,0.0569,0.0018,0.2655,0.0001,0.0746,0.2073,0.0002,0.4698,1.0954,0.1369,2.6234,40.1683,5.4673,48.7329,
207,0.0396,0.3657,1.0016,0.0562,0.0076,0.2773,0.0001,0.0706,0.2033,0.0002,0.4547,1.0854,0.1517,2.659,37.323,5.4211,45.8929,
208,0.0426,0.1388,1.0138,0.0503,0.0043,0.2693,0.0002,0.0781,0.1956,0.0002,0.4603,1.0789,0.1348,2.423,39.5397,5.6505,48.0532,
209,0.0424,0.2871,1.0447,0.0548,0.0017,0.3251,0.0002,0.0743,0.2096,0.0003,0.4597,1.1492,0.1436,2.679,39.1208,5.8373,48.1198,
210,0.0393,0.3773,1.0139,0.0553,0.0045,0.2794,0.0001,0.0721,0.2072,0.0002,0.4824,1.1204,0.2483,2.8127,38.4594,6.0554,47.8065,
211,0.0408,0.3228,1.0295,0.054,0.0061,0.2592,0.0001,0.0936,0.2074,0.0002,0.4765,1.1103,0.153,2.6684,39.6495,4.7669,47.5854,
212,0.0426,0.2633,0.9963,0.0702,0.0037,0.3063,0.0001,0.0886,0.2061,0.0002,0.4698,1.163,0.1327,2.6095,41.6159,5.3699,50.1166,
213,0.0399,0.3328,0.9853,0.0572,0.0052,0.2633,0.0001,0.0777,0.2034,0.0002,0.4697,1.0937,0.1627,2.6311,42.064,5.5215,50.7009,
214,0.04,0.324,1.0787,0.0567,0.002,0.2818,0.0001,0.092,0.203,0.0002,0.4719,1.1224,0.1349,2.7147,38.1823,5.694,47.0652,
215,0.0386,0.3375,0.9858,0.0527,0.0036,0.289,0.0001,0.0779,0.2055,0.0002,0.5745,1.223,0.1564,2.7556,38.8611,5.9498,48.046,
216,0.0445,0.2445,0.9799,0.0551,0.0024,0.2679,0.0001,0.0828,0.2058,0.0002,0.5181,1.1505,0.1558,2.5934,39.4819,5.7518,48.249,
217,0.0393,0.3377,1.0119,0.054,0.0016,0.2654,0.0001,0.0951,0.208,0.0002,0.459,1.107,0.2279,2.7375,31.5638,3.3254,38.1067,
218,0.0401,0.2617,0.9926,0.0555,0.0017,0.26,0.0001,0.0649,0.2023,0.0002,0.4665,1.0615,0.1381,2.5049,32.9327,5.5692,41.4766,
219,0.0393,0.2617,0.9824,0.05,0.0038,0.273,0.0001,0.0911,0.2064,0.0002,0.4707,1.1106,0.1414,2.5471,39.36,5.6871,48.0638,
220,0.039,0.3542,0.9664,0.0609,0.0016,0.255,0.0001,0.083,0.2064,0.0002,0.4697,1.0879,0.138,2.5966,39.2604,5.3601,47.6914,
221,0.0417,0.3207,1.0472,0.0541,0.0036,0.3325,0.0001,0.0771,0.2041,0.0002,0.4697,1.1541,0.1427,2.7165,39.441,5.8896,48.5308,
222,0.0394,0.3231,1.106,0.05,0.0017,0.2656,0.0001,0.0656,0.2146,0.0001,0.4782,1.0863,0.138,2.7063,38.3308,5.1298,46.6465,
223,0.0392,0.3259,1.0118,0.0556,0.0021,0.3201,0.0001,0.0891,0.2137,0.0003,0.4755,1.1774,0.1349,2.7,40.4408,5.798,49.4103,
224,0.0399,0.2531,1.0344,0.0553,0.0021,0.2769,0.0001,0.0769,0.199,0.0002,0.4626,1.0911,0.15,2.5837,40.7041,3.2899,47.0006,
225,0.0431,0.4181,1.0144,0.0619,0.0044,0.2724,0.0001,0.0911,0.2074,0.0002,0.4589,1.1218,0.1574,2.7669,40.2087,5.8801,49.3349,
226,0.039,0.3451,1.0279,0.0601,0.007,0.3908,0.0001,0.0742,0.21,0.0003,0.4693,1.2349,0.1333,2.7981,31.7099,5.7578,40.7296,
227,0.0405,0.3322,1.0004,0.0568,0.0042,0.3115,0.0001,0.0687,0.2115,0.0002,0.4707,1.1421,0.2342,2.7638,42.0959,5.9237,51.2597,
228,0.0406,0.3098,0.9947,0.0532,0.0041,0.2734,0,0.0687,0.204,0.0002,0.476,1.0979,0.1415,2.5974,37.5129,5.7849,46.3703,
229,0.0382,0.3564,1.0191,0.0532,0.0036,0.3152,0.0001,0.085,0.203,0.0002,0.472,1.1493,0.1575,2.7325,39.6823,5.5039,48.4022,
230,0.0447,0.2706,0.9891,0.0498,0.0017,0.3168,0.0001,0.0907,0.2015,0.0002,0.5724,1.2485,0.1505,2.7137,38.374,5.6318,47.2383,
231,0.0428,0.329,1.001,0.0606,0.0043,0.2797,0.0001,0.0727,0.2029,0.0002,0.4784,1.1168,0.1503,2.6595,39.4331,5.685,48.2743,
232,0.0445,0.1513,1.0134,0.0464,0.0022,0.301,0.0001,0.0832,0.1879,0.0002,0.4522,1.0895,0.1471,2.4582,42.9714,5.6934,51.5752,
233,0.0394,0.3359,1.0265,0.0558,0.0038,0.2612,0.0001,0.0713,0.2032,0.0003,0.4707,1.087,0.1522,2.6514,39.1881,5.7518,48.0734,
234,0.0388,0.4676,1.0952,0.0671,0.0041,0.2688,0.0001,0.0916,0.207,0.0002,0.4785,1.1368,0.1296,2.8807,37.5261,5.4332,46.3305,
235,0.0383,0.3367,0.9942,0.063,0.0048,0.2675,0.0001,0.0827,0.2055,0.0002,0.4712,1.1166,0.1703,2.6676,40.5019,5.781,49.4303,
236,0.0394,0.3248,0.9815,0.0531,0.0017,0.2772,0.0001,0.0719,0.2026,0.0002,0.5247,1.1482,0.1424,2.6477,39.4581,5.4825,48.0648,
237,0.0394,0.3243,0.9938,0.0555,0.0025,0.2633,0.0001,0.0776,0.2145,0.0002,0.465,1.0958,0.1469,2.6149,39.593,3.2334,45.9174,
238,0.0403,0.2716,1.0258,0.0648,0.0082,0.2719,0.0001,0.0724,0.2042,0.0002,0.4734,1.1113,0.1413,2.6057,36.5263,5.7416,45.3487,
239,0.0398,0.3202,1.0044,0.0575,0.0038,0.2816,0.0001,0.0713,0.2547,0.0003,0.4825,1.1685,0.1435,2.6878,39.7493,5.9962,48.9239,
240,0.0431,0.2434,1.0455,0.0657,0.0015,0.2548,0.0001,0.0667,0.1934,0.0002,0.4575,1.0501,0.1442,2.5452,39.3803,5.4057,47.7569,
241,0.0382,0.3869,1.0216,0.062,0.0039,0.2716,0.0001,0.1978,0.2076,0.0003,0.4653,1.2297,0.1508,2.8404,39.4462,4.8922,47.6531,
242,0.0397,0.3171,1.0093,0.051,0.0017,0.316,0.0001,0.0713,0.2058,0.0002,0.476,1.1386,0.1408,2.6559,39.1178,5.7385,48.0081,
243,0.0418,0.3184,0.9954,0.0532,0.0016,0.3031,0,0.0722,0.2062,0.0002,0.4787,1.1297,0.1503,2.6518,39.2308,5.2571,47.6271,
244,0.0389,0.2694,1.0026,0.054,0.0041,0.2761,0.0001,0.0784,0.2024,0.0002,0.4765,1.1104,0.1467,2.5777,35.3118,5.6629,44.0112,
245,0.039,0.3179,0.9996,0.0619,0.0051,0.3287,0.0001,0.095,0.2032,0.0002,0.5696,1.2823,0.1506,2.8024,41.162,3.5353,47.9888,
246,0.0396,0.3258,1.0284,0.0615,0.0021,0.2634,0.0001,0.0893,0.2017,0.0002,0.4787,1.1136,0.1505,2.6702,39.0503,5.6359,47.8523,
247,0.045,0.3212,1.003,0.0621,0.0063,0.2702,0.0001,0.0953,0.2062,0.0003,0.4712,1.1323,0.1389,2.6547,39.658,5.7039,48.5116,
248,0.0442,0.1514,0.9985,0.0557,0.0042,0.2712,0.0001,0.0784,0.1993,0.0002,0.452,1.0816,0.152,2.4402,38.8532,5.8218,47.5529,
249,0.041,0.3366,0.9994,0.0612,0.002,0.3217,0.0001,0.0775,0.2023,0.0003,0.4715,1.1542,0.1608,2.7096,38.3746,5.2895,46.8468,
250,0.0403,0.2682,0.9766,0.0536,0.0018,0.2595,0.0001,0.0644,0.2014,0.0002,0.4853,1.078,0.1377,2.515,41.2297,5.3487,49.5997,
251,0.0388,0.2724,0.9999,0.0543,0.0047,0.2558,0.0001,0.0665,0.2087,0.0002,0.4679,1.0707,0.1458,2.5375,38.6558,5.5873,47.2637,
252,0.0448,0.2727,0.986,0.0584,0.0021,0.2762,0.0001,0.0698,0.2045,0.0003,0.4865,1.1163,0.1495,2.5852,35.2842,5.8523,44.2177,
253,0.0385,0.3137,1.0069,0.0531,0.0041,0.267,0.0001,0.0921,0.2139,0.0002,0.4775,1.1269,0.1404,2.6405,39.1017,5.9521,48.1661,
254,0.0412,0.2684,0.9905,0.0576,0.0042,0.2681,0.0001,0.0678,0.1958,0.0003,0.4671,1.0796,0.1493,2.5427,39.4535,5.8461,48.3343,
255,0.0397,0.3268,0.9953,0.0599,0.0049,0.2641,0.0001,0.0787,0.2018,0.0003,0.4709,1.0984,0.1551,2.6271,38.7197,5.6886,47.5103,
256,0.043,0.2515,1.0251,0.0556,0.002,0.2681,0.0001,0.0772,0.1923,0.0002,0.461,1.0746,0.1401,2.5494,38.1941,5.8767,47.0661,
257,0.0394,0.2751,1.0252,0.0628,0.002,0.2778,0.0001,0.0704,0.2123,0.0002,0.4548,1.1018,0.1412,2.5972,36.1875,4.9181,44.2049,
258,0.0432,0.3342,1.0544,0.064,0.0047,0.3138,0.0001,0.0959,0.2202,0.0003,0.4762,1.2007,0.1567,2.8054,40.126,5.7332,49.1681,
259,0.0372,0.2481,1.0131,0.0496,0.0018,0.2991,0.0001,0.0712,0.1963,0.0003,0.46,1.0898,0.1409,2.5429,36.6692,3.4167,43.1109,
260,0.0425,0.3307,1.0889,0.0564,0.0057,0.2795,0.0001,0.0679,0.2011,0.0002,0.469,1.1007,0.1441,2.7218,38.7068,5.7269,47.6515,
261,0.039,0.3176,1.0029,0.0573,0.0017,0.258,0.0001,0.0699,0.2043,0.0003,0.4731,1.0803,0.1557,2.6077,39.0152,5.6652,47.7774,
262,0.0394,0.3253,0.9702,0.0577,0.0017,0.2626,0.0001,0.0739,0.1984,0.0002,0.4674,1.0711,0.1395,2.5564,38.9267,5.7314,47.6893,
263,0.0397,0.3247,0.9956,0.048,0.0041,0.2734,0.0001,0.0843,0.2018,0.0001,0.4674,1.0926,0.1398,2.6049,40.6398,5.9171,49.6283,
264,0.0431,0.25,1.0286,0.0609,0.0023,0.3189,0.0001,0.0719,0.2037,0.0002,0.4872,1.1644,0.1526,2.6547,40.3066,5.8093,49.2048,
265,0.0403,0.4767,1.0299,0.0554,0.004,0.2732,0.0001,0.0927,0.2084,0.0002,0.4657,1.1166,0.1567,2.8756,37.333,3.3397,44.027,
266,0.0417,0.2696,1.0009,0.0564,0.0033,0.3128,0.0001,0.0706,0.2005,0.0002,0.4784,1.1326,0.1432,2.6042,39.1004,5.6887,47.8769,
267,0.0419,0.2709,0.9946,0.0554,0.0019,0.2795,0.0001,0.07,0.206,0.0002,0.4861,1.115,0.154,2.5891,39.1771,5.8478,48.0932,
268,0.0387,0.2603,1.0212,0.0519,0.0015,0.2703,0.0001,0.077,0.2001,0.0002,0.4819,1.0976,0.1532,2.5879,39.18,5.5599,47.8078,
269,0.0445,0.2416,1.0186,0.0563,0.0066,0.2697,0.0001,0.0745,0.2209,0.0002,0.4846,1.1302,0.1468,2.5951,39.2988,5.8642,48.2485,
270,0.0401,0.2694,0.994,0.0577,0.0016,0.2626,0,0.0744,0.2046,0.0002,0.4753,1.0861,0.1466,2.5473,39.4719,5.7918,48.2904,
271,0.0386,0.4052,1.1323,0.058,0.0023,0.2701,0.0001,0.08,0.2004,0.0002,0.4681,1.0941,0.1462,2.8267,38.536,5.7744,47.6155,
272,0.0422,0.2,1.0331,0.0668,0.0022,0.2374,0.0001,0.0765,0.195,0.0002,0.4563,1.045,0.139,2.4729,38.4307,5.7378,47.0807,
273,0.0406,0.3328,1.0104,0.054,0.0039,0.2912,0.0001,0.0737,0.209,0.0002,0.478,1.1312,0.1756,2.7065,39.4889,4.8182,47.5235,
274,0.0425,0.3326,1.0152,0.0513,0.0044,0.3175,0.0001,0.0668,0.2075,0.0002,0.4764,1.1416,0.1425,2.6879,39.739,5.6162,48.532,
275,0.0414,0.3416,0.9976,0.0595,0.0018,0.2749,0,0.0726,0.2075,0.0002,0.4787,1.1132,0.145,2.6506,39.0456,5.5792,47.7718,
276,0.0398,0.2672,0.9865,0.0601,0.0022,0.3207,0,0.0753,0.2061,0.0001,0.4942,1.1719,0.1429,2.6217,39.8814,5.3314,48.3147,
277,0.0384,0.2715,0.9828,0.0565,0.004,0.3407,0.0001,0.0906,0.202,0.0002,0.4796,1.1911,0.1503,2.6477,37.8942,5.2551,46.2684,
278,0.0407,0.3392,0.9885,0.0532,0.0035,0.3284,0,0.0688,0.2048,0.0002,0.4688,1.1443,0.1506,2.6779,40.7197,5.6471,49.5226,
279,0.0402,0.2694,1.005,0.058,0.0043,0.2667,0.0001,0.0694,0.2067,0.0002,0.4773,1.1003,0.1379,2.5624,35.3411,5.7848,44.1691,
280,0.0433,0.1591,0.9953,0.0497,0.0019,0.2489,0.0001,0.0757,0.2238,0.0002,0.4707,1.085,0.1465,2.4434,37.5301,5.8896,46.3033,
281,0.0406,0.2736,1.0343,0.0594,0.004,0.2895,0.0001,0.0892,0.2047,0.0003,0.4799,1.1467,0.1558,2.6627,40.0943,5.6747,48.9343,
282,0.0429,0.3205,1.018,0.0655,0.0062,0.2718,0.0001,0.0778,0.1992,0.0002,0.4746,1.112,0.1489,2.6555,38.9886,5.4556,47.5871,
283,0.0408,0.2708,1.0057,0.0533,0.0036,0.3029,0.0001,0.0771,0.2106,0.0002,0.4732,1.1315,0.1364,2.5966,35.456,5.7782,44.3062,
284,0.0402,0.3215,1.0169,0.0563,0.0073,0.2849,0.0001,0.0914,0.2053,0.0002,0.4679,1.1327,0.1551,2.6803,40.9894,5.816,49.9681,
285,0.0438,0.3351,1.0055,0.1497,0.0019,0.3465,0.0001,0.0682,0.2042,0.0002,0.4835,1.275,0.1389,2.81,41.7422,5.839,50.8872,
286,0.0389,0.2635,1.0076,0.0619,0.0016,0.3219,0.0001,0.0743,0.2077,0.0002,0.4657,1.1438,0.1396,2.6104,39.2138,5.2519,47.571,
287,0.041,0.3417,1.0097,0.055,0.0044,0.2617,0,0.0889,0.2039,0.0003,0.4681,1.0999,0.1409,2.6478,38.8126,5.6671,47.6046,
288,0.0421,0.1631,1.13,0.0516,0.002,0.2745,0.0001,0.0737,0.2018,0.0003,0.4668,1.0886,0.1425,2.5804,36.9012,3.8598,43.7668,
289,0.0401,0.2807,1.0567,0.0697,0.0023,0.281,0.0001,0.0882,0.2066,0.0002,0.4549,1.1237,0.1576,2.6735,38.8264,5.718,47.6966,
290,0.0423,0.2636,0.9937,0.0674,0.0046,0.2747,0.0001,0.073,0.206,0.0002,0.476,1.1187,0.1381,2.5688,39.1508,4.5498,46.7623,
291,0.0392,0.3254,1.0461,0.0618,0.0021,0.3335,0.0001,0.0723,0.21,0.0002,0.4693,1.1683,0.147,2.7373,39.9233,5.4552,48.593,
292,0.0391,0.3241,1.0716,0.0582,0.0046,0.3283,0.0001,0.0846,0.1997,0.0003,0.4832,1.181,0.1306,2.7595,38.7454,5.6339,47.6272,
293,0.0386,0.3248,0.9919,0.0549,0.0045,0.2785,0.0001,0.0756,0.2084,0.0003,0.4607,1.1025,0.1463,2.6167,39.3501,5.4212,47.8699,
294,0.0381,0.3789,0.9866,0.0587,0.0033,0.3027,0.0001,0.0791,0.2037,0.0002,0.4937,1.1554,0.1485,2.7172,41.2065,4.7643,49.1624,
295,0.0396,0.4594,0.9952,0.0549,0.0045,0.2708,0.0001,0.0809,0.2057,0.0003,0.489,1.1277,0.1487,2.7821,38.8517,5.3576,47.4762,
296,0.0409,0.1584,1.0014,0.0599,0.005,0.299,0.0001,0.0842,0.1944,0.0003,0.4576,1.1193,0.2032,2.5386,38.8124,5.2872,47.0793,
297,0.0457,0.332,1.0437,0.0561,0.005,0.2757,0.0001,0.0797,0.2069,0.0002,0.4789,1.1256,0.1601,2.7245,36.4802,3.25,42.9582,
298,0.0401,0.3246,1.0101,0.0588,0.0064,0.2733,0.0001,0.0689,0.2028,0.0002,0.4687,1.0998,0.2326,2.7195,36.2321,5.9236,45.3697,
299,0.0387,0.2696,0.9798,0.058,0.0039,0.3253,0.0001,0.0913,0.2049,0.0002,0.4716,1.1777,0.1476,2.6239,39.3094,5.9137,48.3203,
300,0.0387,0.2656,0.9957,0.0491,0.0042,0.2877,0.0001,0.0662,0.2013,0.0002,0.476,1.1037,0.1396,2.5521,39.5372,5.9481,48.5137,
301,0.0383,0.2649,0.983,0.057,0.004,0.2789,0.0001,0.0877,0.2073,0.0002,0.4688,1.126,0.159,2.5829,38.7661,5.5047,47.3271,
302,0.0393,0.3235,0.9998,0.0547,0.0058,0.3237,0.0001,0.0796,0.2009,0.0002,0.4708,1.1584,0.1424,2.6729,39.0282,5.6615,47.8366,
303,0.0397,0.327,1.0937,0.0564,0.004,0.3207,0.0001,0.0925,0.2053,0.0002,0.4707,1.1707,0.1455,2.7914,39.0525,5.7965,48.1212,
304,0.0386,0.2484,1.0105,0.0599,0.0021,0.2601,0.0001,0.0703,0.1945,0.0003,0.4533,1.0596,0.1312,2.5043,41.9554,4.927,49.8157,
305,0.0404,0.279,1.004,0.0487,0.0016,0.2608,0.0001,0.0645,0.1988,0.0002,0.4729,1.062,0.1523,2.5473,39.1348,3.2308,45.3889,
306,0.0415,0.3933,0.9864,0.0582,0.0033,0.3252,0.0001,0.0834,0.203,0.0002,0.4733,1.164,0.1471,2.7473,38.5076,5.774,47.507,
307,0.0387,0.2697,0.993,0.0611,0.0041,0.2688,0,0.0786,0.2014,0.0002,0.4785,1.1085,0.1622,2.5812,39.105,5.596,47.7627,
308,0.0425,0.3157,0.9816,0.0528,0.0016,0.2592,0.0001,0.0772,0.2197,0.0002,0.4692,1.0905,0.147,2.5889,39.6622,5.7266,48.4758,
309,0.0423,0.2686,1.0117,0.0597,0.0074,0.2654,0.0001,0.0936,0.2041,0.0003,0.4695,1.12,0.1491,2.6059,39.1263,5.8584,48.0839,
310,0.0407,0.2633,1.016,0.0541,0.0044,0.3222,0,0.0892,0.2034,0.0003,0.4712,1.1641,0.1521,2.6507,36.9988,3.7542,43.8781,
311,0.0394,0.268,0.9879,0.0597,0.0043,0.2744,0.0001,0.0686,0.2087,0.0002,0.4705,1.1042,0.1324,2.5416,38.6822,5.8007,47.512,
312,0.0417,0.1462,1.0061,0.0609,0.002,0.3153,0.0001,0.0687,0.2016,0.0002,0.4844,1.1534,0.1457,2.5059,39.1939,5.6687,47.7956,
313,0.0424,0.2625,1.0024,0.0671,0.0038,0.2692,0.0002,0.0914,0.203,0.0003,0.4712,1.1295,0.1599,2.6096,40.74,4.9496,48.7863,
314,0.0395,0.2688,1.0074,0.0634,0.0018,0.2837,0.0001,0.0677,0.2021,0.0002,0.4701,1.105,0.1455,2.5796,40.4066,5.4488,48.9176,
315,0.0389,0.3303,0.992,0.0567,0.0077,0.3307,0.0001,0.0719,0.2048,0.0002,0.4696,1.1627,0.1514,2.688,37.9771,5.7906,46.9456,
316,0.041,0.2744,1.0108,0.0552,0.0021,0.272,0.0001,0.0698,0.2018,0.0001,0.4594,1.0732,0.1559,2.5669,39.0449,5.7978,47.9098,
317,0.0394,0.2645,0.9935,0.0596,0.0019,0.2775,0.0001,0.0734,0.1991,0.0002,0.4774,1.1025,0.1446,2.5552,40.3827,5.6693,49.0849,
318,0.0392,0.2461,1.0105,0.0626,0.002,0.2533,0.0001,0.0733,0.2032,0.0002,0.463,1.0718,0.1411,2.5186,33.4924,5.2066,41.7062,
319,0.0395,0.2678,0.9753,0.0535,0.0036,0.2659,0.0001,0.0762,0.2131,0.0002,0.4839,1.1098,0.1583,2.5607,40.033,5.7455,48.8041,
320,0.0446,0.2539,0.9802,0.0531,0.002,0.3226,0.0001,0.0775,0.1944,0.0002,0.4683,1.1364,0.1338,2.5636,40.5263,5.6875,49.2071,
321,0.0411,0.2785,0.9994,0.0502,0.0038,0.2794,0.0001,0.0684,0.2017,0.0002,0.4519,1.0736,0.1589,2.5625,36.7735,5.6071,45.4201,
322,0.0388,0.3223,1.0499,0.0577,0.004,0.3302,0.0001,0.079,0.2001,0.0002,0.4733,1.1632,0.1383,2.7286,36.9954,4.7791,44.9847,
323,0.0402,0.3579,0.9751,0.0641,0.0045,0.3122,0.0001,0.069,0.2074,0.0002,0.4761,1.1517,0.1377,2.6732,35.7232,5.359,44.2438,
324,0.0397,0.34,1.0148,0.0587,0.0042,0.3203,0.0001,0.0714,0.19,0.0002,0.4712,1.1382,0.1424,2.6924,38.2222,4.9307,46.3217,
325,0.0416,0.3201,0.9854,0.0666,0.0037,0.3167,0.0001,0.0869,0.2027,0.0002,0.4726,1.1696,0.1483,2.6796,32.9481,4.9769,41.0945,
326,0.04,0.2705,0.9734,0.064,0.0018,0.2637,0,0.0696,0.2085,0.0003,0.4858,1.1077,0.1374,2.5411,39.6697,5.4834,48.1909,
327,0.039,0.2776,1.0099,0.0557,0.0019,0.3152,0.0001,0.0706,0.2029,0.0003,0.4786,1.1399,0.1562,2.6341,35.8258,5.6834,44.62,
328,0.0439,0.23,1.0203,0.0559,0.0017,0.2532,0.0001,0.0753,0.1906,0.0002,0.4695,1.0569,0.133,2.5003,37.9172,5.6053,46.4634,
329,0.0393,0.3429,1.0039,0.0576,0.0051,0.2831,0.0001,0.073,0.2074,0.0002,0.4712,1.1149,0.1465,2.6596,39.6191,5.3522,48.0954,
330,0.0397,0.4464,0.9976,0.0562,0.0017,0.2751,0,0.0769,0.1987,0.0002,0.4823,1.1059,0.1424,2.7478,38.928,5.275,47.4341,
331,0.0393,0.2665,0.9999,0.056,0.0035,0.2721,0.0001,0.0747,0.2043,0.0002,0.4751,1.105,0.1564,2.5831,40.2065,5.5857,48.8473,
332,0.0423,0.2708,1.006,0.067,0.0024,0.2627,0.0001,0.0682,0.2023,0.0003,0.4772,1.098,0.1324,2.5757,39.2328,5.8373,48.1387,
333,0.038,0.2782,1.0058,0.0587,0.0071,0.2658,0.0001,0.0786,0.2012,0.0001,0.4764,1.1089,0.1535,2.6016,35.18,5.0952,43.3429,
334,0.0384,0.322,1.0035,0.0534,0.004,0.2745,0.0001,0.0912,0.2052,0.0002,0.4731,1.1197,0.1449,2.6435,39.9763,5.5096,48.6104,
335,0.0394,0.3572,0.9829,0.0545,0.0035,0.2773,0.0001,0.0732,0.2008,0.0002,0.4596,1.0825,0.1525,2.6248,39.1012,5.7744,47.9787,
336,0.0435,0.1506,1.0207,0.057,0.0055,0.2738,0.0001,0.0805,0.1904,0.0002,0.457,1.0837,0.1477,2.4617,39.2353,5.7969,47.9283,
337,0.0422,0.2692,1.0141,0.0656,0.004,0.2679,0.0001,0.0885,0.2013,0.0003,0.4541,1.0984,0.1506,2.5877,39.0283,5.8483,47.9578,
338,0.0438,0.2626,1.0384,0.0601,0.0051,0.3355,0.0002,0.0942,0.2175,0.0002,0.4765,1.217,0.1631,2.7411,30.8624,5.4509,39.5408,
339,0.0393,0.2362,1.0076,0.0585,0.0019,0.2823,0.0001,0.0695,0.1982,0.0003,0.4792,1.106,0.1418,2.5414,35.5952,5.5344,44.1412,
340,0.0394,0.2642,0.986,0.056,0.002,0.3329,0.0001,0.0677,0.2044,0.0002,0.4743,1.1512,0.1427,2.5984,40.0876,5.1133,48.269,
341,0.0393,0.2685,1.0195,0.0536,0.0042,0.2742,0.0001,0.0711,0.2056,0.0004,0.4572,1.0843,0.1475,2.5738,35.396,5.6587,44.1145,
342,0.0431,0.3193,0.9808,0.0586,0.0017,0.2627,0,0.0651,0.2028,0.0002,0.5391,1.1393,0.148,2.6399,39.5589,5.2018,47.9055,
343,0.0412,0.3236,0.9871,0.0524,0.0041,0.2736,0.0001,0.0943,0.2016,0.0002,0.4695,1.1128,0.1537,2.6318,39.6513,5.2594,48.0166,
344,0.042,0.1557,1.0147,0.0547,0.0051,0.3068,0.0001,0.0695,0.1984,0.0003,0.4604,1.1152,0.1419,2.4834,41.8949,5.741,50.558,
345,0.0394,0.3367,1.1079,0.0572,0.0022,0.285,0.0001,0.0766,0.2055,0.0002,0.468,1.1109,0.1636,2.7752,39.6866,5.6264,48.5583,
346,0.0383,0.3162,1.0363,0.0587,0.0021,0.2628,0.0001,0.0932,0.2058,0.0002,0.4705,1.1122,0.1433,2.6595,39.246,5.835,48.2197,
347,0.0387,0.3205,1.1459,0.0535,0.0046,0.2733,0.0001,0.0721,0.2064,0.0003,0.4716,1.0989,0.1421,2.7601,39.532,5.01,47.7818,
348,0.0398,0.3247,0.9952,0.0599,0.0036,0.3157,0.0001,0.0916,0.2024,0.0003,0.4711,1.1607,0.1517,2.685,39.2145,5.9287,48.3051,
349,0.0389,0.3467,1.007,0.0618,0.0018,0.276,0.0001,0.0897,0.204,0.0003,0.5297,1.1815,0.1406,2.7281,38.5238,5.089,46.8253,
350,0.04,0.3211,1.0096,0.0645,0.0026,0.2821,0.0001,0.0842,0.2057,0.0003,0.4704,1.1256,0.1399,2.6523,35.2553,5.7248,44.1157,
351,0.0396,0.3428,0.9823,0.0586,0.0042,0.2702,0.0001,0.1758,0.2191,0.0003,0.4791,1.231,0.1581,2.7691,39.5841,5.0708,47.9018,
352,0.0433,0.2526,0.9734,0.0447,0.0038,0.3191,0.0001,0.0929,0.1932,0.0003,0.4689,1.1502,0.1395,2.5737,39.7567,5.6218,48.395,
353,0.0386,0.335,1.0095,0.0632,0.0016,0.27,0.0001,0.0716,0.3046,0.0002,0.4707,1.1925,0.1408,2.7308,35.3763,5.6577,44.248,
354,0.0387,0.2498,0.9819,0.0521,0.0032,0.2671,0.0001,0.0662,0.1974,0.0001,0.4612,1.0571,0.1411,2.4775,39.0923,5.3445,47.3877,
355,0.0398,0.347,1.0963,0.0585,0.0034,0.2855,0.0002,0.0895,0.2034,0.0002,0.4798,1.144,0.1583,2.8007,35.1445,5.6079,44.0361,
356,0.0418,0.2701,0.9979,0.057,0.002,0.3279,0.0002,0.0881,0.2013,0.0002,0.4654,1.1626,0.1446,2.6317,34.5997,5.4259,43.1539,
357,0.039,0.414,0.9769,0.0484,0.0021,0.3306,0,0.0688,0.2012,0.0003,0.4736,1.1424,0.14,2.7238,40.5965,5.7717,49.5742,
358,0.038,0.325,1.0035,0.0532,0.0037,0.3205,0.0001,0.0757,0.2022,0.0002,0.4697,1.1424,0.1524,2.6761,38.427,3.2375,44.8256,
359,0.0426,0.2615,1.0213,0.0579,0.0033,0.2615,0,0.0786,0.2052,0.0001,0.4697,1.0858,0.1405,2.563,37.7757,5.111,45.9313,
360,0.0438,0.1627,1.0724,0.0632,0.0024,0.2844,0.0001,0.0693,0.1907,0.0002,0.4736,1.102,0.1381,2.5341,41.2068,5.4813,49.6426,
361,0.0397,0.2492,1.0018,0.0644,0.0043,0.2652,0.0001,0.0925,0.201,0.0003,0.4626,1.1068,0.1507,2.5601,37.0897,4.5629,44.6934,
362,0.0388,0.3571,1.0211,0.053,0.0017,0.2766,0.0002,0.0703,0.2055,0.0002,0.4676,1.0926,0.1573,2.6795,36.7734,5.1834,45.1226,
363,0.0435,0.3485,0.9824,0.0613,0.0077,0.2949,0.0001,0.0898,0.2041,0.0001,0.4678,1.1398,0.1538,2.6811,35.639,5.1586,43.9762,
364,0.0406,0.2752,1.0162,0.0567,0.0041,0.275,0.0001,0.071,0.204,0.0002,0.4772,1.1065,0.144,2.5942,40.0473,5.3173,48.4253,
365,0.0389,0.2745,0.9916,0.0552,0.0017,0.2689,0,0.0698,0.2059,0.0003,0.4734,1.0918,0.1418,2.5661,39.0343,5.7907,47.8667,
366,0.0408,0.2695,0.9952,0.0529,0.0036,0.2773,0,0.0712,0.2016,0.0003,0.4848,1.107,0.1401,2.5635,34.8748,5.6874,43.6282,
367,0.0397,0.3762,1.0133,0.0538,0.0036,0.3236,0.0001,0.0872,0.2018,0.0002,0.4754,1.1615,0.1524,2.7568,39.0602,5.5635,47.8715,
368,0.0425,0.249,1.0217,0.0623,0.0021,0.3167,0.0001,0.0788,0.1939,0.0003,0.4622,1.1418,0.1425,2.61,35.335,5.0582,43.4316,
369,0.0403,0.3347,1.0169,0.063,0.0082,0.2791,0.0001,0.0727,0.2056,0.0001,0.4681,1.1195,0.1681,2.6948,36.2151,5.348,44.7393,
370,0.0392,0.2325,0.9998,0.0565,0.0021,0.2722,0.0001,0.0699,0.2085,0.0002,0.4693,1.0997,0.1404,2.5288,39.3664,4.938,47.3217,
371,0.0432,0.3185,1.0715,0.0623,0.0052,0.355,0.0001,0.0832,0.2017,0.0003,0.4674,1.1934,0.1434,2.7817,40.4315,5.1086,48.831,
372,0.0402,0.414,0.9948,0.0635,0.0021,0.3288,0.0001,0.0697,0.2017,0.0002,0.4899,1.1708,0.1528,2.7896,38.1246,3.5721,44.9707,
373,0.0398,0.2728,0.9881,0.0591,0.0016,0.2759,0,0.0774,0.202,0.0002,0.471,1.1007,0.1503,2.5624,38.8915,5.9327,47.8651,
374,0.0383,0.2685,1.0008,0.0577,0.0035,0.279,0.0001,0.0703,0.2021,0.0003,0.4675,1.095,0.1426,2.5557,39.4032,6.0412,48.4722,
375,0.0379,0.2677,0.9934,0.0583,0.0045,0.3246,0.0001,0.0687,0.2044,0.0002,0.4671,1.1415,0.1314,2.5836,34.8454,5.712,43.6133,
376,0.043,0.151,0.9954,0.0572,0.0039,0.3277,0.0001,0.0791,0.19,0.0002,0.4645,1.1403,0.1367,2.4823,38.0468,5.7624,46.7328,
377,0.0416,0.2803,1.0162,0.0508,0.0021,0.2847,0.0001,0.0765,0.2044,0.0002,0.4571,1.0936,0.1541,2.5974,38.381,5.6811,47.1563,
378,0.0413,0.2661,0.9842,0.0632,0.0046,0.2704,0.0001,0.0687,0.2039,0.0001,0.4843,1.1083,0.1417,2.5523,40.3155,5.3383,48.6867,
379,0.0381,0.2738,1.0282,0.0541,0.0039,0.2981,0.0001,0.0985,0.2242,0.0002,0.4942,1.1935,0.1629,2.7216,38.6191,4.7769,46.5881,
380,0.0386,0.3127,1.0098,0.0566,0.0041,0.32,0.0001,0.0838,0.2126,0.0002,0.4679,1.1645,0.1473,2.6894,40.6092,5.5949,49.3635,
381,0.0396,0.2533,1.0012,0.0576,0.0019,0.2765,0.0001,0.0738,0.2034,0.0002,0.4691,1.0979,0.1561,2.5615,38.3555,5.3371,46.7425,
382,0.0402,0.3221,1.0056,0.054,0.0041,0.2706,0.0001,0.0784,0.2395,0.0003,0.47,1.1347,0.1521,2.6679,35.6659,4.9442,43.7602,
383,0.0408,0.2597,0.9876,0.0531,0.0043,0.2859,0.0001,0.0821,0.2083,0.0002,0.4713,1.1238,0.1423,2.5653,37.5969,4.9297,45.5757,
384,0.0432,0.1545,1.0248,0.0542,0.0042,0.2571,0.0001,0.0859,0.1993,0.0002,0.5251,1.1424,0.1546,2.5396,37.5102,5.5961,46.0778,
385,0.0382,0.2827,1.0291,0.0664,0.0042,0.3408,0.0001,0.0867,0.2035,0.0002,0.4565,1.1708,0.1562,2.6941,40.4124,5.5068,49.0805,
386,0.0381,0.3191,1.0074,0.0505,0.0041,0.2858,0.0001,0.0902,0.1995,0.0002,0.4658,1.1091,0.1421,2.6293,39.1553,4.8786,47.1382,
387,0.0412,0.2715,0.9839,0.0632,0.004,0.2586,0.0001,0.0773,0.207,0.0003,0.4677,1.0935,0.1644,2.5668,38.6978,3.6042,45.355,
388,0.0409,0.36,1.0113,0.0561,0.0017,0.2603,0.0001,0.0662,0.2911,0.0002,0.4716,1.1575,0.1411,2.7223,38.8361,5.9081,47.9486,
389,0.0404,0.3397,1.0109,0.0574,0.0046,0.2768,0.0001,0.0814,0.2022,0.0002,0.4691,1.1083,0.2424,2.7524,38.8108,5.6743,47.7162,
390,0.0391,0.3233,0.9641,0.0561,0.004,0.2727,0.0001,0.0874,0.1958,0.0002,0.4727,1.1012,0.1313,2.5688,39.2588,5.2435,47.551,
391,0.039,0.3199,0.9773,0.0617,0.0022,0.2777,0.0001,0.092,0.205,0.0002,0.4689,1.125,0.149,2.6228,35.7241,5.4707,44.2912,
392,0.0444,0.2429,1.0969,0.0742,0.0034,0.3274,0.0001,0.0758,0.1888,0.0002,0.4479,1.1366,0.1549,2.6924,39.1559,5.6022,47.8901,
393,0.0394,0.3323,0.9914,0.054,0.0049,0.2726,0,0.0717,0.2919,0.0002,0.4512,1.1657,0.1456,2.6872,38.9869,5.7372,47.8954,
394,0.0383,0.3309,1.0095,0.057,0.0022,0.2742,0.0001,0.0893,0.206,0.0002,0.4667,1.1121,0.1309,2.638,39.0499,5.4549,47.6211,
395,0.0389,0.3292,1.0094,0.055,0.0017,0.2689,0.0001,0.0771,0.2055,0.0002,0.4672,1.0913,0.1469,2.6329,35.273,5.6309,44.0161,
396,0.0379,0.3774,1.1052,0.0623,0.0053,0.2767,0.0001,0.0739,0.2011,0.0002,0.4821,1.1147,0.1417,2.7922,38.7726,5.5502,47.596,
397,0.039,0.3256,1.0022,0.0622,0.0043,0.3053,0.0001,0.0917,0.2024,0.0002,0.4744,1.1592,0.1495,2.689,39.6294,5.3993,48.1884,
398,0.0396,0.3196,0.997,0.0585,0.0043,0.2889,0.0002,0.087,0.201,0.0003,0.4685,1.139,0.1356,2.6454,39.1483,5.4255,47.6984,
399,0.0406,0.2726,1.0008,0.063,0.0019,0.2856,0.0001,0.0901,0.2014,0.0003,0.4467,1.1049,0.1564,2.5888,33.5208,3.2018,39.8075,
400,0.0434,0.2412,1.0205,0.0465,0.0019,0.2721,0.0001,0.0711,0.1953,0.0002,0.4635,1.0649,0.1358,2.5193,39.5304,5.5763,48.0649,
401,0.0401,0.2806,1.005,0.0539,0.005,0.262,0.0001,0.0727,0.204,0.0002,0.4721,1.0901,0.1464,2.5807,39.2768,5.3734,47.695,
402,0.0392,0.252,1.0192,0.0548,0.0044,0.2744,0.0001,0.0699,0.2013,0.0002,0.4821,1.1034,0.1564,2.583,35.8494,5.5445,44.452,
403,0.039,0.3276,1.0187,0.0564,0.0063,0.2805,0.0001,0.0707,0.2072,0.0002,0.4794,1.124,0.1521,2.6743,38.9738,5.4042,47.5562,
404,0.0453,0.2676,1.0013,0.0645,0.002,0.2764,0.0001,0.0706,0.2013,0.0003,0.4752,1.1069,0.1469,2.5814,39.2787,5.6288,47.9801,
405,0.04,0.2789,1,0.0782,0.0041,0.2877,0.0001,0.0918,0.2047,0.0003,0.4685,1.1603,0.1611,2.6562,40.4999,5.113,48.7482,
406,0.0397,0.2722,1.0016,0.056,0.0067,0.2784,0.0001,0.0676,0.2028,0.0002,0.4678,1.0994,0.1422,2.5658,39.2311,5.7004,47.9802,
407,0.0409,0.2654,1.0224,0.0581,0.0045,0.2569,0,0.0706,0.201,0.0002,0.4698,1.0742,0.1375,2.5501,39.2299,5.6276,47.8891,
408,0.0395,0.2454,1.0382,0.0574,0.0028,0.3106,0.0001,0.0766,0.1926,0.0002,0.4581,1.1195,0.1492,2.6068,39.1292,5.2588,47.4193,
409,0.04,0.2854,1.0162,0.0584,0.0062,0.2658,0.0001,0.0905,0.2066,0.0002,0.4659,1.1115,0.1408,2.6084,40.808,5.1583,49.0476,
410,0.0404,0.2674,1.0007,0.0498,0.0046,0.2673,0.0001,0.0677,0.2022,0.0002,0.464,1.0719,0.1502,2.5425,37.5128,5.7707,46.3114,
411,0.0384,0.3499,0.9856,0.0607,0.0019,0.281,0.0001,0.0728,0.2055,0.0002,0.4736,1.1134,0.1569,2.6566,41.7336,3.37,48.2496,
412,0.0446,0.3393,1.1059,0.0558,0.0021,0.3356,0.0001,0.0902,0.2102,0.0003,0.4681,1.182,0.1416,2.8269,34.3036,5.035,42.6638,
413,0.0421,0.3243,1.0099,0.0622,0.0038,0.3144,0.0001,0.0804,0.2065,0.0002,0.4811,1.1644,0.1364,2.6889,36.5951,5.365,45.1297,
414,0.0385,0.3385,1.0042,0.0591,0.0045,0.275,0.0001,0.0743,0.2038,0.0003,0.4753,1.111,0.1497,2.653,39.0848,5.5706,47.7532,
415,0.0391,0.2673,0.9877,0.0584,0.0035,0.2652,0.0001,0.0846,0.2005,0.0002,0.4731,1.098,0.1524,2.5555,35.3084,4.6902,43.0304,
416,0.0424,0.143,1.0304,0.0563,0.0022,0.3038,0.0001,0.0793,0.214,0.0002,0.4557,1.1332,0.1462,2.5121,39.835,5.8435,48.6206,
417,0.0408,0.3601,1.0154,0.065,0.0041,0.2607,0,0.0654,0.1986,0.0002,0.444,1.0552,0.2565,2.7428,38.3739,5.4211,47.0378,
418,0.0438,0.3922,1.0287,0.0554,0.004,0.3203,0.0001,0.0733,0.2019,0.0002,0.4742,1.1461,0.1411,2.7681,35.836,5.7726,44.8734,
419,0.0385,0.3254,1.0429,0.0613,0.0069,0.2922,0.0001,0.0705,0.2015,0.0001,0.4746,1.1269,0.154,2.7011,35.0664,3.2177,41.4673,
420,0.0403,0.3284,1.0339,0.0573,0.0021,0.2738,0.0001,0.0775,0.2149,0.0002,0.4773,1.119,0.1427,2.6765,38.0865,5.6129,46.8806,
421,0.0379,0.3407,1.0076,0.0542,0.0041,0.2688,0.0001,0.0942,0.2096,0.0003,0.465,1.1183,0.1521,2.6678,34.6788,5.0099,42.8338,
422,0.0381,0.3302,1.0096,0.0547,0.0043,0.4117,0.0001,0.0935,0.2167,0.0002,0.4666,1.2653,0.1409,2.8013,38.9326,5.348,47.562,
423,0.0401,0.3214,0.9932,0.0542,0.0019,0.2862,0.0001,0.0762,0.2038,0.0002,0.4657,1.1036,0.1438,2.6144,35.0319,5.4896,43.6219,
424,0.0428,0.251,1.0095,0.0633,0.0021,0.3001,0.0001,0.0817,0.1938,0.0001,0.4518,1.1103,0.1427,2.5708,39.8214,5.6296,48.4532,
425,0.0389,0.2717,0.9905,0.0694,0.0042,0.2858,0.0001,0.0697,0.2057,0.0002,0.4675,1.1169,0.1425,2.5776,39.5349,5.3569,47.9619,
426,0.0407,0.4107,1.0014,0.0548,0.0073,0.2887,0.0001,0.0699,0.1999,0.0003,0.4843,1.1244,0.1524,2.7452,36.7265,4.1841,44.1521,
427,0.0387,0.27,1.0148,0.0608,0.0047,0.3115,0.0001,0.0779,0.2118,0.0002,0.4761,1.1607,0.1545,2.6532,35.0866,4.9042,43.1269,
428,0.0416,0.3213,0.9811,0.0521,0.0041,0.2707,0.0001,0.07,0.2048,0.0002,0.4766,1.0957,0.1521,2.602,40.2159,5.5748,48.8868,
429,0.0398,0.3329,1.0054,0.0532,0.0043,0.2764,0,0.07,0.2044,0.0002,0.4778,1.1044,0.135,2.6303,34.3155,4.6535,42.083,
430,0.041,0.322,1.0085,0.0566,0.0065,0.337,0,0.0718,0.2204,0.0003,0.4688,1.1806,0.2763,2.8426,36.2172,5.4278,44.9748,
431,0.0442,0.2611,0.9996,0.0569,0.0023,0.3383,0.0001,0.0977,0.2044,0.0002,0.4662,1.1973,0.1473,2.667,40.1965,5.6687,49.0329,
432,0.0422,0.242,1.0038,0.0612,0.0071,0.2718,0.0001,0.0791,0.1923,0.0002,0.4486,1.0813,0.1308,2.515,37.3415,5.884,46.1641,
433,0.0391,0.2535,1.0175,0.0685,0.0047,0.2828,0.0001,0.0918,0.2039,0.0002,0.474,1.1486,0.162,2.6363,40.2646,4.7251,48.1095,
434,0.0407,0.4216,1.011,0.0543,0.0041,0.2692,0.0001,0.0906,0.2073,0.0002,0.4662,1.1113,0.1527,2.7499,35.8111,5.4024,44.4489,
435,0.0405,0.2741,0.9948,0.0676,0.0019,0.2666,0.0001,0.0979,0.2049,0.0002,0.4663,1.1244,0.1561,2.6015,42.0186,3.3102,48.4351,
436,0.0443,0.2747,1.0137,0.0589,0.0017,0.2533,0.0001,0.0659,0.2027,0.0002,0.4642,1.0568,0.1361,2.5372,39.198,5.4778,47.724,
437,0.0416,0.27,1.0144,0.0564,0.0048,0.3079,0.0001,0.0766,0.2047,0.0002,0.4662,1.133,0.1375,2.6094,38.1826,4.9468,46.2323,
438,0.0398,0.3216,1.0861,0.0653,0.0019,0.3378,0.0001,0.0779,0.2099,0.0002,0.4745,1.1854,0.1554,2.8034,41.372,5.2129,49.8794,
439,0.0393,0.3516,1.025,0.0514,0.002,0.2672,0.0001,0.0886,0.2028,0.0002,0.467,1.0965,0.1471,2.6724,39.2089,4.7568,47.1243,
440,0.0456,0.2401,1.0587,0.0618,0.0021,0.2842,0.0001,0.0822,0.2066,0.0003,0.4752,1.1347,0.1532,2.6489,40.358,5.2708,48.726,
441,0.0406,0.3421,1.1156,0.0587,0.0027,0.2764,0.0001,0.0898,0.2049,0.0002,0.4502,1.0981,0.1616,2.7729,38.8043,5.2247,47.2978,
442,0.0387,0.3683,0.9698,0.0518,0.0016,0.2684,0.0001,0.0905,0.2692,0.0003,0.4689,1.1733,0.1424,2.7052,35.2472,4.503,42.9459,
443,0.041,0.2603,1.1177,0.056,0.0041,0.2771,0.0001,0.0782,0.2039,0.0001,0.468,1.1083,0.1818,2.723,36.7104,5.674,45.58,
444,0.0387,0.3732,1.0097,0.0568,0.0025,0.2743,0.0001,0.077,0.2011,0.0002,0.4634,1.0942,0.1465,2.6742,38.0209,5.2717,46.4344,
445,0.0395,0.2808,0.9938,0.0569,0.0018,0.3123,0.0001,0.0867,0.1994,0.0002,0.4686,1.1363,0.1696,2.6322,36.7591,5.3515,45.2151,
446,0.0409,0.4648,0.9751,0.0645,0.004,0.2752,0.0001,0.0805,0.2035,0.0002,0.4585,1.1017,0.146,2.7424,35.3018,5.0037,43.5443,
447,0.0398,0.3282,0.999,0.0589,0.0036,0.275,0.0001,0.0796,0.2035,0.0002,0.4667,1.1023,0.1482,2.6341,36.2107,5.358,44.6917,
448,0.0393,0.238,0.9922,0.0534,0.0018,0.2727,0.0001,0.081,0.1996,0.0002,0.4636,1.0917,0.1403,2.5146,35.8763,5.3575,44.1715,
449,0.0388,0.4053,1.0329,0.0527,0.0018,0.2654,0.0001,0.074,0.1925,0.0002,0.4746,1.0747,0.1547,2.7225,35.7323,5.3089,44.2459,
450,0.0396,0.2596,1.0025,0.0535,0.0045,0.2731,0.0001,0.077,0.2001,0.0003,0.4778,1.1073,0.1479,2.5733,39.6492,5.669,48.3672,
451,0.0376,0.2602,1.0158,0.0529,0.0063,0.2729,0.0001,0.0831,0.2002,0.0002,0.465,1.1002,0.1516,2.5791,34.9409,5.5833,43.5965,
452,0.043,0.3253,1.0142,0.0544,0.0022,0.2863,0.0001,0.0856,0.2005,0.0002,0.4723,1.116,0.1329,2.6452,39.4272,4.8174,47.3891,
453,0.0405,0.2758,0.9638,0.0595,0.0053,0.2762,0,0.0808,0.2201,0.0002,0.476,1.1291,0.145,2.5682,37.4066,4.5679,45.0215,
454,0.0396,0.3399,0.9766,0.0568,0.0038,0.2828,0.0001,0.0927,0.2028,0.0002,0.4683,1.1197,0.2583,2.7457,38.7297,5.6638,47.6178,
455,0.0408,0.2648,1.0128,0.058,0.0043,0.2736,0.0001,0.0707,0.2018,0.0002,0.4741,1.1008,0.1325,2.5645,36.9968,5.0602,45.1049,
456,0.0388,0.2511,1.0075,0.0538,0.0022,0.2574,0.0001,0.0693,0.1942,0.0003,0.4708,1.0664,0.1411,2.5189,37.6688,5.2759,45.9108,
457,0.0406,0.3327,1.0254,0.0597,0.0041,0.3288,0.0002,0.0964,0.2091,0.0003,0.4674,1.1878,0.149,2.7525,39.8319,5.6702,48.7306,
458,0.039,0.3149,1.0074,0.0552,0.0038,0.2663,0.0001,0.0762,0.2006,0.0003,0.4665,1.0845,0.1481,2.6077,33.8293,3.5361,40.4524,
459,0.0392,0.3414,0.9884,0.0528,0.002,0.2672,0.0001,0.0898,0.2026,0.0002,0.4649,1.0946,0.1468,2.6265,39.1533,5.2521,47.5204,
460,0.0409,0.2683,1.019,0.0544,0.0039,0.3207,0.0001,0.0736,0.2113,0.0002,0.4743,1.1545,0.1365,2.6335,39.1674,3.2181,45.5076,
461,0.0425,0.3392,1.1537,0.0579,0.0017,0.2664,0.0001,0.0786,0.2047,0.0002,0.4649,1.0882,0.1342,2.7714,37.1335,5.4376,45.8179,
462,0.0409,0.3518,0.9953,0.0537,0.0036,0.2711,0.0001,0.0789,0.2037,0.0002,0.4826,1.1113,0.1481,2.6584,31.9193,5.1721,40.2296,
463,0.0399,0.2653,0.9878,0.0549,0.0032,0.2747,0.0001,0.0803,0.1996,0.0003,0.472,1.102,0.1438,2.552,35.8062,5.1693,44.0226,
464,0.0446,0.2459,0.9738,0.0571,0.0027,0.3937,0.0001,0.0821,0.1943,0.0002,0.4483,1.2134,0.1424,2.6335,39.6301,5.0634,47.7543,
465,0.0393,0.3358,1.0126,0.0536,0.004,0.2851,0.0001,0.0855,0.2057,0.0002,0.5219,1.1775,0.1711,2.7486,38.1596,5.4914,46.8942,
466,0.0403,0.3329,0.9852,0.0489,0.0016,0.2615,0.0001,0.0712,0.1988,0.0002,0.4634,1.0559,0.1404,2.5638,37.359,5.1501,45.5523,
467,0.0451,0.3511,1.0142,0.0479,0.0015,0.2607,0,0.0675,0.1963,0.0002,0.4637,1.0475,0.1395,2.6052,38.1665,5.6608,46.9324,
468,0.039,0.3271,0.9961,0.056,0.005,0.2738,0.0001,0.0893,0.1974,0.0003,0.4788,1.1208,0.1419,2.6407,40.4828,4.9254,48.5246,
469,0.0408,0.2692,0.9893,0.0777,0.0064,0.3247,0.0001,0.0939,0.2692,0.0003,0.4656,1.2575,0.1425,2.7115,39.861,5.0185,48.0861,
470,0.0465,0.3371,1.0287,0.07,0.0042,0.2731,0.0001,0.091,0.2051,0.0002,0.5169,1.1777,0.1655,2.7695,35.1332,5.9025,44.2948,
471,0.0386,0.2534,0.9939,0.059,0.0049,0.2673,0.0001,0.0774,0.2013,0.0002,0.4662,1.0946,0.1635,2.555,39.3085,4.461,46.816,
472,0.0414,0.2413,1.0114,0.0687,0.002,0.2758,0.0001,0.0719,0.1945,0.0002,0.4594,1.0932,0.1407,2.5412,40.0465,5.2729,48.3071,
473,0.0398,0.4014,1.0218,0.0535,0.0034,0.2854,0.0001,0.0695,0.2075,0.0002,0.4501,1.0872,0.1406,2.7028,39.2528,5.5295,47.9681,
474,0.0383,0.32,1.0174,0.0579,0.0041,0.2686,0.0001,0.0711,0.1872,0.0002,0.4757,1.0838,0.1417,2.6165,39.2172,5.5958,47.9111,
475,0.0408,0.2701,1.0002,0.0549,0.0082,0.2837,0.0001,0.0888,0.1999,0.0002,0.4777,1.1357,0.2567,2.717,31.2153,4.6901,39.098,
476,0.0397,0.2695,0.9959,0.0552,0.004,0.2655,0.0001,0.0695,0.2143,0.0002,0.483,1.1071,0.1504,2.5765,24.6923,3.6346,31.3744,
477,0.041,0.3338,1.0227,0.0649,0.0067,0.2728,0.0001,0.0864,0.2043,0.0003,0.4986,1.1605,0.1599,2.7324,24.7539,3.1796,31.1356,
478,0.0411,0.2748,1.019,0.0594,0.0043,0.2758,0.0001,0.072,0.2005,0.0002,0.4682,1.0969,0.1523,2.5959,25.7706,3.5407,32.3898,
479,0.0399,0.3356,1.0014,0.0625,0.0019,0.2647,0.0001,0.0712,0.2125,0.0003,0.4721,1.1061,0.1414,2.6366,36.9933,4.8933,44.9888,
480,0.0433,0.2517,0.9782,0.0646,0.0018,0.2539,0,0.0707,0.1907,0.0002,0.4606,1.0556,0.1375,2.4813,39.5339,5.7728,48.2196,
481,0.0409,0.2747,1.0035,0.0705,0.0044,0.2821,0.0001,0.0692,0.205,0.0003,0.4732,1.1258,0.1531,2.6152,35.2027,5.3354,43.6277,
482,0.0388,0.3237,1.0621,0.0739,0.0056,0.3488,0.0001,0.0707,0.2064,0.0002,0.4745,1.1972,0.1528,2.7912,40.0522,5.3477,48.6627,
483,0.0437,0.325,0.9837,0.0568,0.0035,0.3579,0.0001,0.0697,0.2093,0.0001,0.477,1.1855,0.1532,2.7044,35.0221,5.0669,43.3169,
484,0.0469,0.2416,1.0052,0.0604,0.0036,0.281,0,0.0831,0.1981,0.0002,0.4634,1.0992,0.1512,2.556,40.4365,5.3465,48.8419,
485,0.0427,0.2519,1.0085,0.0644,0.0043,0.266,0.0001,0.0883,0.2126,0.0002,0.4625,1.1156,0.148,2.581,40.1394,4.9733,48.1754,
486,0.0397,0.3496,1.0129,0.0506,0.002,0.3246,0.0001,0.0719,0.2037,0.0002,0.4684,1.1408,0.1526,2.7085,36.6194,3.9867,43.7936,
487,0.0387,0.2707,0.9935,0.0547,0.0023,0.2761,0.0001,0.0956,0.2013,0.0002,0.4622,1.1102,0.1491,2.5747,34.7491,5.4079,43.2141,
488,0.0434,0.2474,0.9992,0.0553,0.0019,0.2861,0.0001,0.0818,0.1979,0.0002,0.4553,1.096,0.1413,2.5415,39.3728,5.7806,48.15,
489,0.0385,0.3327,1.03,0.0559,0.0043,0.2614,0.0001,0.0789,0.202,0.0001,0.4575,1.0744,0.1522,2.6424,39.4981,5.7286,48.3488,
490,0.04,0.2695,1.0014,0.0585,0.002,0.279,0.0001,0.0925,0.2067,0.0003,0.4665,1.1294,0.1488,2.6008,34.9902,5.418,43.493,
491,0.0413,0.3239,0.9966,0.049,0.0042,0.346,0.0001,0.0692,0.2077,0.0002,0.4763,1.1742,0.1462,2.694,37.4287,5.8101,46.4223,
492,0.0397,0.4273,1.0092,0.0595,0.0021,0.2736,0.0001,0.0672,0.2012,0.0002,0.4932,1.1164,0.1429,2.748,36.6757,5.3951,45.3066,
493,0.0396,0.3228,1.0002,0.0604,0.0057,0.357,0.0001,0.0954,0.2027,0.0002,0.4641,1.2051,0.15,2.7307,31.3777,5.5856,40.1748,
494,0.038,0.3248,0.9911,0.0635,0.0021,0.338,0.0001,0.0817,0.213,0.0002,0.4706,1.1848,0.1383,2.6901,35.6645,5.3211,44.1844,
495,0.038,0.2749,0.9852,0.0614,0.0017,0.2549,0,0.0768,0.2004,0.0002,0.4723,1.0788,0.1426,2.5294,35.4644,5.0005,43.4704,
496,0.0452,0.2527,1.0254,0.0599,0.0018,0.2672,0.0001,0.0808,0.1986,0.0002,0.4609,1.0881,0.1411,2.5656,40.3197,4.9092,48.2326,
497,0.0394,0.3732,1.0297,0.0595,0.0036,0.2643,0.0001,0.0759,0.2023,0.0002,0.4585,1.0893,0.1383,2.6839,34.1245,4.4289,41.7331,
498,0.0436,0.3271,1.0053,0.0549,0.0043,0.2708,0.0001,0.0731,0.2096,0.0002,0.4757,1.106,0.1396,2.6321,38.8279,4.9234,46.8916,
499,0.0387,0.2709,1.0016,0.0545,0.0039,0.2761,0,0.0956,0.2056,0.0003,0.4675,1.122,0.1505,2.5987,36.6445,4.7147,44.4435,
500,0.0399,0.3243,0.9894,0.0542,0.0017,0.2681,0.0001,0.065,0.2012,0.0002,0.4493,1.0501,0.1372,2.5552,36.9358,5.7429,45.728,
501,0.0411,0.274,1.0147,0.0545,0.005,0.2917,0,0.0812,0.2094,0.0003,0.4931,1.158,0.1505,2.6517,36.015,4.8538,44.0005,
502,0.0412,0.2702,1.0137,0.0562,0.0027,0.2865,0.0001,0.0732,0.2024,0.0002,0.4661,1.1084,0.1629,2.6081,36.955,5.4132,45.4715,
503,0.0431,0.2581,1.0363,0.0678,0.0061,0.3195,0.0001,0.0909,0.2151,0.0003,0.4827,1.2061,0.1394,2.6988,38.2607,5.8983,47.3759,
504,0.0414,0.3115,1.0178,0.0611,0.0024,0.2757,0.0001,0.0893,0.2009,0.0002,0.4521,1.0965,0.1464,2.63,37.7402,4.9327,45.7521,
505,0.0389,0.3331,1.0105,0.0586,0.0045,0.259,0.0001,0.0733,0.202,0.0002,0.4641,1.0816,0.1528,2.6287,34.6196,4.3786,42.1279,
506,0.0414,0.3335,1.0202,0.0586,0.0018,0.2637,0.0001,0.0787,0.2029,0.0002,0.5456,1.1626,0.1472,2.7174,36.9529,3.9599,44.1344,
507,0.0415,0.2694,1.0079,0.0614,0.0047,0.281,0.0001,0.0743,0.2015,0.0002,0.4609,1.1032,0.1603,2.5996,34.534,4.86,42.6108,
508,0.0406,0.2722,1.0119,0.056,0.002,0.2701,0,0.0683,0.2081,0.0002,0.4634,1.0888,0.1534,2.5806,36.2235,5.447,44.7392,
509,0.0434,0.3264,1.0293,0.0603,0.0016,0.2818,0.0001,0.0896,0.2013,0.0002,0.4673,1.1171,0.1422,2.6729,36.8956,5.7993,45.8754,
510,0.0418,0.2709,1.0065,0.0638,0.0018,0.2599,0.0001,0.0714,0.2134,0.0002,0.4737,1.0995,0.1418,2.5737,36.1763,5.2977,44.5364,
511,0.0376,0.4445,0.9878,0.0571,0.0019,0.2664,0.0001,0.0758,0.2028,0.0003,0.4644,1.0875,0.2428,2.8142,36.7234,5.1458,45.1605,
512,0.0422,0.233,1.007,0.0557,0.0043,0.2571,0.0001,0.0684,0.1928,0.0002,0.4474,1.0442,0.1392,2.4816,38.9127,5.3553,47.1761,
513,0.039,0.2767,1.0223,0.0571,0.0017,0.2714,0,0.0674,0.1989,0.0002,0.4542,1.0603,0.161,2.5715,36.3194,5.2128,44.5784,
514,0.0412,0.3634,1.0123,0.0585,0.0043,0.2773,0.0001,0.0931,0.2054,0.0002,0.4683,1.13,0.154,2.7156,38.0964,3.1909,44.4832,
515,0.0407,0.3304,1.1448,0.0644,0.0019,0.2866,0.0001,0.082,0.2095,0.0002,0.471,1.1332,0.1422,2.8066,31.1857,4.4113,38.8903,
516,0.043,0.3261,1.0101,0.0573,0.0041,0.2754,0.0001,0.068,0.2149,0.0003,0.4723,1.1139,0.1429,2.6474,36.6276,4.69,44.4671,
517,0.0394,0.3289,1.0507,0.0553,0.0038,0.2919,0.0001,0.098,0.2044,0.0003,0.4758,1.1493,0.1424,2.7249,35.9143,5.7977,44.9263,
518,0.0386,0.2698,1.0056,0.0575,0.0023,0.3184,0.0001,0.0716,0.2074,0.0002,0.4735,1.1485,0.1387,2.6129,37.542,5.7295,46.371,
519,0.0377,0.3748,0.9782,0.0539,0.0015,0.2597,0.0001,0.0735,0.2005,0.0001,0.4642,1.0648,0.1663,2.6387,37.0924,5.0214,45.2308,
