0,0.2234,0.4197,1.5798,0.4056,0.5934,0.1776,0.7737,1.5534,0.0002,0.0002,0.1163,0.9323,5.0305,5.2599,69.7502,7.6103,83.9734,
1,0.2214,0.5883,1.5623,0.3707,0.613,0.1745,0.7799,1.5798,0.0003,0.0001,0.123,0.9125,5.1628,5.3883,76.5494,9.1025,92.582,
2,0.2191,0.9235,1.8561,0.3904,0.6073,0.2062,0.7805,1.6089,0.0003,0.0002,0.1084,0.9211,5.8298,6.0531,67.3998,8.9675,83.9624,
3,0.22,1.0036,1.6023,0.3895,0.6027,0.1895,0.774,1.5774,0.0003,0.0002,0.1289,0.9114,5.6334,5.857,71.7627,13.2869,92.4577,
4,0.2208,0.9121,1.7265,0.4057,0.6067,0.2135,0.776,1.6061,0.0003,0.0002,0.1111,0.9182,5.6994,5.9241,75.1116,14.1785,96.7175,
5,0.2216,1.06,1.5966,0.5123,0.6161,0.1738,0.7756,1.5754,0.0002,0.0002,0.1377,0.9252,5.8253,6.0508,70.316,12.5989,90.4404,
6,0.2188,0.9669,1.8394,0.3686,0.6033,0.2377,0.8017,1.6546,0.0003,0.0002,0.1086,0.9289,5.8862,6.1089,72.2994,14.7588,94.6835,
7,0.2181,0.9148,1.6568,0.3668,0.6253,0.2378,0.8066,1.6789,0.0003,0.0001,0.1068,0.9234,5.6672,5.8897,73.3857,9.5986,90.4403,
8,0.2628,0.4133,1.5711,0.4105,0.6255,0.1889,0.78,1.6038,0.0002,0.0002,0.1135,0.9369,5.0718,5.3412,67.8096,9.4702,84.2222,
9,0.2198,0.9113,1.6305,0.4037,0.6174,0.2229,0.7934,1.6446,0.0002,0.0002,0.113,0.9164,5.6485,5.8727,82.3336,13.8166,103.67,
10,0.2244,0.9656,1.8484,0.3642,0.6254,0.2354,0.8049,1.6765,0.0003,0.0001,0.11,0.9234,5.9101,6.1384,75.7183,12.7881,96.2203,
11,0.2179,0.9745,1.7354,0.3946,0.6243,0.2353,0.8224,1.691,0.0002,0.0002,0.1108,0.9177,5.8433,6.065,75.3274,13.4219,96.4136,
12,0.2183,1.0461,1.7456,0.3848,0.6257,0.239,0.8198,1.6931,0.0003,0.0001,0.1114,0.9268,5.9348,6.1574,70.2625,10.5424,88.5742,
13,0.2193,0.9591,1.8491,0.3916,0.6555,0.1873,0.8181,1.6707,0.0003,0.0002,0.1132,0.9172,5.9188,6.142,71.2247,15.5153,94.5127,
14,0.2273,0.8968,1.853,0.372,0.6343,0.2263,0.8141,1.6828,0.0002,0.0003,0.1067,0.9204,5.8502,6.082,76.2024,8.8782,92.8155,
15,0.2199,0.9547,1.847,0.3736,0.6259,0.307,0.8159,1.7598,0.0003,0.0002,0.1126,0.9291,5.9962,6.2198,71.2743,14.643,93.7233,
16,0.2691,0.4178,1.5619,0.3767,0.6362,0.2602,0.8056,1.7116,0.0003,0.0002,0.1165,0.9453,5.1531,5.4292,70.2185,13.2146,90.5772,
17,0.2321,0.9804,1.8562,0.4074,0.6448,0.1681,0.8295,1.6469,0.0002,0.0002,0.1075,0.9256,5.9462,6.1822,66.908,14.8803,89.5967,
18,0.2199,0.9703,1.6018,0.385,0.6316,0.2347,0.8206,1.6917,0.0002,0.0001,0.1084,0.9383,5.7105,5.9345,77.5722,14.2676,99.4144,
19,0.2301,0.9604,1.9032,0.3604,0.6575,0.2218,0.834,1.7215,0.0003,0.0002,0.127,0.9261,6.0225,6.2569,83.6529,11.6174,103.189,
20,0.2177,0.9094,1.8602,0.3674,0.6844,0.2273,0.8373,1.755,0.0002,0.0002,0.1102,0.9274,5.9462,6.1695,75.0593,9.3015,92.0876,
21,0.2168,0.9475,1.8626,0.3723,0.6626,0.2157,0.8414,1.7237,0.0002,0.0002,0.1033,0.9343,5.953,6.1735,75.3485,12.7501,95.8993,
22,0.2197,0.9034,1.6183,0.4062,0.6669,0.2166,0.8564,1.7438,0.0002,0.0002,0.1075,0.9361,5.7324,5.9557,64.2274,11.9598,83.7123,
23,0.2378,1.0373,1.7118,0.3539,0.6619,0.2121,0.8321,1.7099,0.0002,0.0002,0.1039,0.9387,5.8678,6.1097,63.0933,13.5247,84.3911,
24,0.2237,0.4179,1.5638,0.3737,0.6886,0.1919,0.8329,1.7272,0.0003,0.0002,0.1205,0.9528,5.1763,5.4055,68.1982,9.8967,85.005,
25,0.2173,0.9771,1.8724,0.408,0.6713,0.223,0.8511,1.753,0.0004,0.0002,0.1202,0.9481,6.1017,6.3236,68.294,11.4378,87.6416,
26,0.2202,0.9122,1.8228,0.3813,0.6826,0.2401,0.8723,1.803,0.0002,0.0001,0.1147,0.9528,6.0046,6.2286,74.0992,9.9899,91.9257,
27,0.2188,0.9632,1.931,0.3946,0.6583,0.2396,0.849,1.7591,0.0003,0.0001,0.1094,0.9404,6.1165,6.3392,87.0352,15.0826,110.101,
28,0.2176,0.9599,1.7259,0.3531,0.695,0.2202,0.86,1.779,0.0002,0.0002,0.1063,0.9474,5.8849,6.1065,76.8428,13.3344,97.8751,
29,0.2303,0.9062,1.7414,0.3937,0.6851,0.2444,0.8634,1.8049,0.0002,0.0002,0.1087,0.9445,5.9183,6.1527,71.9906,8.5331,88.3727,
30,0.231,0.9051,1.6354,0.3889,0.674,0.2222,0.8717,1.7745,0.0002,0.0002,0.1163,0.9525,5.7984,6.0339,78.5459,9.5361,95.7655,
31,0.2274,0.9116,1.8367,0.3838,0.6726,0.1847,0.8729,1.7398,0.0002,0.0002,0.1146,1.0558,6.0615,6.2929,71.6936,15.9273,95.5602,
32,0.2626,0.4188,1.6231,0.3817,0.6589,0.2331,0.8386,1.7384,0.0002,0.0002,0.1157,0.9416,5.2442,5.513,75.0859,9.8471,92.1178,
33,0.2242,0.9103,1.8758,0.3846,0.6799,0.236,0.8749,1.8001,0.0003,0.0002,0.1089,0.9602,6.0616,6.3597,66.2401,13.3108,87.5361,
34,0.2193,0.9577,1.7155,0.445,0.6914,0.2206,0.8559,1.7799,0.0003,0.0002,0.1133,0.9582,5.9923,6.2155,68.3976,11.7344,87.9435,
35,0.224,0.9019,1.9582,0.3865,0.6982,0.2239,0.8819,1.8136,0.0002,0.0002,0.1208,0.9523,6.1557,6.3869,91.3545,9.289,108.623,
36,0.2205,1.0127,1.8645,0.3547,0.6914,0.2214,0.8801,1.8019,0.0003,0.0002,0.113,0.9634,6.1342,6.3593,79.4986,8.8337,96.3207,
37,0.2305,0.9571,1.9435,0.3781,0.6773,0.1979,0.8845,1.7727,0.0003,0.0002,0.1264,0.9588,6.1554,6.3903,72.0013,11.2812,91.3504,
38,0.2237,0.964,1.8422,0.3957,0.7169,0.2118,0.8757,1.8099,0.0003,0.0002,0.1103,0.9605,6.1014,6.3289,74.6612,9.7488,92.3289,
39,0.2211,0.9057,1.7486,0.3929,0.6794,0.2276,0.8752,1.792,0.0002,0.0002,0.1066,0.9747,5.9416,6.1666,79.7598,12.2318,99.743,
40,0.219,0.4853,1.5728,0.3721,0.7014,0.2564,0.9517,1.9187,0.0002,0.0002,0.1255,0.9852,5.4798,5.7042,96.4021,15.2287,118.836,
41,0.2303,0.9188,1.7437,0.3688,0.7219,0.2699,0.9029,1.9037,0.0002,0.0002,0.1092,0.9785,6.0404,6.275,74.1967,15.3771,97.5135,
42,0.2193,0.438,1.5495,0.3649,0.7116,0.2655,0.8827,1.8637,0.0003,0.0002,0.1052,0.9725,5.3087,5.5321,84.7891,15.1034,106.913,
43,0.2192,0.9644,1.6931,0.4079,0.7219,0.2253,0.8977,1.854,0.0003,0.0002,0.1162,0.9802,6.039,6.2623,74.5002,13.2593,95.5924,
44,0.2186,0.9639,1.8524,0.3975,0.7195,0.2118,0.8928,1.8296,0.0003,0.0002,0.1083,0.9785,6.1544,6.3767,73.01,11.4721,92.4338,
45,0.223,0.9071,1.8795,0.3846,0.7382,0.217,0.9117,1.8767,0.0002,0.0002,0.1098,0.9823,6.1633,6.3904,92.0414,12.1988,112.27,
46,0.2215,0.9014,1.7643,0.3827,0.76,0.2285,0.9326,1.9295,0.0002,0.0001,0.1093,0.9881,6.0983,6.3239,88.1961,11.7898,107.911,
47,0.2317,0.9553,1.8893,0.4005,0.7459,0.2172,0.9293,1.899,0.0002,0.0002,0.1066,0.9848,6.2527,6.4883,88.2574,11.5939,107.991,
48,0.2394,0.3317,1.5496,0.3725,0.7196,0.2456,0.9294,1.9056,0.0002,0.0002,0.1073,1.0126,5.2986,5.5438,82.7709,13.7443,103.579,
49,0.2189,1.0062,1.5979,0.3709,0.7667,0.2233,0.9384,1.9395,0.0003,0.0001,0.1196,0.9886,6.0424,6.2652,84.1607,15.6877,107.715,
50,0.219,0.9683,1.6005,0.3811,0.7812,0.2616,0.9663,2.0195,0.0003,0.0002,0.1107,0.9999,6.098,6.3208,93.5032,15.6734,117.144,
51,0.2187,1.0838,1.6662,0.3866,0.7654,0.2109,0.9529,1.9375,0.0003,0.0002,0.1125,1.0034,6.2062,6.4289,92.4637,14.5933,115.099,
52,0.2191,0.9535,1.8901,0.3693,0.7736,0.2184,0.9511,1.9482,0.0002,0.0001,0.1058,1.0097,6.2952,6.5183,92.9362,11.5284,112.554,
53,0.2257,0.9087,1.6216,0.3848,0.8095,0.2284,0.9911,2.0384,0.0002,0.0001,0.1274,0.9919,6.0958,6.3255,93.1458,17.2523,118.301,
54,0.2315,0.9081,1.6593,0.3797,0.8029,0.2344,0.9815,2.0262,0.0002,0.0002,0.1124,1.0189,6.127,6.363,77.7557,18.5279,104.263,
55,0.2187,0.9161,1.8903,0.3903,0.7955,0.2198,0.9741,1.9977,0.0003,0.0002,0.1294,1.0221,6.3696,6.5926,96.618,16.5939,121.392,
56,0.2287,0.3233,1.579,0.3857,0.7889,0.2525,0.9936,2.0474,0.0003,0.0002,0.1211,1.0394,5.5231,5.7572,79.8704,11.6735,98.8479,
57,0.2202,0.972,1.6496,0.386,0.8219,0.2229,1.0037,2.061,0.0003,0.0002,0.1139,1.0223,6.2269,6.4512,92.0718,9.9836,110.118,
58,0.2273,0.9582,1.6964,0.3999,0.8455,0.2312,1.0254,2.1099,0.0002,0.0001,0.1092,1.0225,6.3136,6.5462,85.7672,11.269,105.229,
59,0.2204,1.0315,1.8065,0.3994,0.8245,0.2165,1.0149,2.0625,0.0002,0.0002,0.1123,1.0312,6.4657,6.6901,85.3685,10.8271,104.519,
60,0.2187,0.8926,1.8693,0.388,0.8401,0.2281,1.0291,2.1077,0.0002,0.0001,0.1015,1.0412,6.4222,6.6448,83.4682,12.0877,103.809,
61,0.2192,1.2209,1.7169,0.37,0.8559,0.2182,1.0381,2.1257,0.0003,0.0002,0.1147,1.0439,6.6113,6.8345,87.9638,11.8754,108.29,
62,0.2311,1.0716,1.7515,0.3814,0.8632,0.2418,1.0584,2.1736,0.0002,0.0002,0.1181,1.0281,6.5484,6.7835,106.19,18.2238,132.891,
63,0.2203,0.9877,1.633,0.4877,0.8657,0.2166,1.0565,2.1465,0.0002,0.0001,0.1116,1.0369,6.4183,6.6426,82.7153,12.3147,103.229,
64,0.2373,0.3869,1.5585,0.4204,0.8698,0.2369,1.0622,2.1759,0.0002,0.0001,0.1318,1.0469,5.743,5.9856,95.8249,14.8488,118.19,
65,0.2328,0.9851,1.596,0.383,0.8818,0.3239,1.0734,2.2896,0.0003,0.0002,0.1294,1.0483,6.4526,6.6895,101.409,10.6176,120.356,
66,0.2201,0.9664,1.9133,0.3592,0.879,0.2242,1.085,2.1965,0.0004,0.0001,0.1243,1.046,6.6251,6.849,103.822,11.4362,123.75,
67,0.2204,0.9596,1.7464,0.4999,0.9014,0.2445,1.0858,2.2436,0.0003,0.0001,0.1093,1.0466,6.6274,6.8519,104.032,14.809,127.298,
68,0.2322,1.1393,1.7649,0.3847,0.917,0.2167,1.1036,2.2474,0.0003,0.0002,0.1116,1.0511,6.7213,6.9574,89.8587,10.7188,109.156,
69,0.2244,0.9563,1.6128,0.4745,0.924,0.2238,1.116,2.2759,0.0003,0.0002,0.1131,1.0543,6.5044,6.7327,91.4108,11.8795,111.643,
70,0.2205,1.0406,1.5882,0.371,0.9175,0.2268,1.1274,2.2798,0.0003,0.0002,0.1094,1.0615,6.4699,6.6943,92.2913,17.774,118.419,
71,0.2369,0.9094,1.8745,0.3981,0.9312,0.2298,1.1388,2.3092,0.0003,0.0002,0.1113,1.0627,6.688,6.929,91.082,10.4755,110.08,
72,0.2364,0.4302,1.5661,0.483,0.9492,0.2413,1.1504,2.3514,0.0003,0.0002,0.125,1.0732,6.053,6.2947,89.8252,19.1395,116.763,
73,0.2188,1.1083,1.7566,0.3626,0.9578,0.2423,1.1661,2.3763,0.0002,0.0002,0.1057,1.0626,6.7892,7.0122,82.7864,12.6173,103.961,
74,0.2318,0.9078,1.754,0.3911,0.9659,0.2363,1.1623,2.3767,0.0003,0.0002,0.1262,1.0577,6.6371,6.8731,84.6027,11.2345,104.323,
75,0.2188,0.9679,1.6807,0.3457,0.9553,0.2496,1.1691,2.3884,0.0003,0.0002,0.1134,1.0707,6.5781,6.8007,92.2087,18.4025,119.008,
76,0.244,0.9921,1.7546,0.3843,0.9849,0.2286,1.2128,2.4395,0.0003,0.0001,0.1154,1.0763,6.7846,7.0328,97.8021,10.7057,117.197,
77,0.2365,0.9568,1.6961,0.3724,0.9939,0.2414,1.2006,2.4422,0.0002,0.0002,0.1151,1.08,6.6787,6.9194,105.014,10.5539,124.142,
78,0.2238,0.9595,1.6692,0.3619,0.9939,0.2256,1.2143,2.4444,0.0003,0.0002,0.1143,1.0751,6.6458,6.8736,96.8946,10.6162,115.944,
79,0.2272,0.908,1.6041,0.3893,1.02,0.2432,1.2343,2.5063,0.0003,0.0002,0.1153,1.0671,6.6119,6.8429,101.848,19.6903,129.965,
80,0.2215,0.4191,1.569,0.3884,0.9822,0.2383,1.232,2.4627,0.0003,0.0002,0.1158,1.0982,6.0756,6.3022,116.28,10.8622,134.869,
81,0.2212,0.982,1.9568,0.391,1.0039,0.2447,1.2275,2.4848,0.0003,0.0002,0.1137,1.0863,7.0429,7.268,103.71,11.3878,123.915,
82,0.2336,0.9127,1.9097,0.3926,1.0373,0.2333,1.2675,2.5481,0.0003,0.0003,0.1162,1.0929,6.9954,7.2333,105.321,17.2358,131.418,
83,0.2312,0.9088,1.757,0.395,1.0293,0.222,1.2646,2.5287,0.0003,0.0001,0.1238,1.0849,6.8143,7.0499,96.4785,11.3047,116.407,
84,0.2195,0.9705,1.6558,0.3934,1.0376,0.2227,1.2576,2.5288,0.0003,0.0002,0.1095,1.0997,6.7788,7.0023,92.0531,10.7911,111.414,
85,0.2205,0.9013,1.9351,0.3729,1.0237,0.2357,1.2853,2.5551,0.0002,0.0001,0.1108,1.0998,6.9933,7.2174,100.42,15.1328,124.353,
86,0.2192,1.0036,1.6962,0.3957,1.0421,0.2302,1.2571,2.5352,0.0003,0.0002,0.1088,1.0962,6.8569,7.0801,101.361,10.7768,120.786,
87,0.2264,0.9144,1.9029,0.3859,1.058,0.2237,1.2987,2.5885,0.0003,0.0002,0.1132,1.0958,7.0221,7.2523,97.1293,19.6914,125.632,
88,0.2473,0.3271,1.5627,0.3797,1.0435,0.2339,1.2766,2.5701,0.0004,0.0002,0.1364,1.1076,6.101,6.3539,111.936,13.1129,132.891,
89,0.2205,1.1494,1.8501,0.3809,1.0707,0.228,1.2818,2.5918,0.0002,0.0002,0.1093,1.1136,7.2148,7.4395,119.29,13.7438,142.031,
90,0.2283,0.9013,1.726,0.3848,1.0849,0.2471,1.3181,2.6642,0.0002,0.0002,0.1187,1.0968,6.9151,7.1471,108.872,10.91,128.524,
91,0.219,1.0111,1.6543,0.3956,1.0629,0.2299,1.3165,2.6204,0.0003,0.0002,0.1086,1.1078,6.9219,7.1449,115.616,15.1409,139.459,
92,0.2187,0.9816,1.7691,0.3722,1.0686,0.2261,1.3183,2.6245,0.0003,0.0002,0.1087,1.1012,6.9787,7.2013,105.852,17.2305,131.816,
93,0.2187,0.9778,1.8361,0.3703,1.0856,0.2171,1.3262,2.6404,0.0003,0.0001,0.1129,1.1072,7.0613,7.2839,121.657,14.1468,144.609,
94,0.2291,0.967,1.6412,0.3843,1.0898,0.2484,1.3395,2.6885,0.0003,0.0002,0.1124,1.1099,6.924,7.1572,96.8208,20.3588,125.896,
95,0.2165,0.9702,1.7915,0.4825,1.0942,0.2408,1.3515,2.6958,0.0003,0.0002,0.109,1.1129,7.185,7.4054,121.395,11.5819,141.877,
96,0.2181,0.4222,1.5566,0.3843,1.095,0.234,1.346,2.6811,0.0003,0.0002,0.1261,1.1158,6.3037,6.5287,113.329,12.6228,133.944,
97,0.2244,0.9256,1.8585,0.3728,1.1087,0.2328,1.3568,2.7037,0.0002,0.0002,0.1192,1.1068,7.1076,7.3357,115.513,14.5764,138.968,
98,0.2244,0.974,1.6124,0.4077,1.1256,0.258,1.3488,2.7467,0.0002,0.0002,0.1125,1.1076,6.9839,7.212,120.481,20.4709,149.675,
99,0.2437,0.9953,1.7023,0.4669,1.1233,0.2647,1.3945,2.795,0.0004,0.0003,0.1414,1.1356,7.2649,7.514,106.966,14.2766,130.272,
100,0.24,0.4809,1.6412,0.4452,1.1207,0.2643,1.4588,2.8582,0.0003,0.0002,0.1224,1.1182,6.6919,6.9367,92.2574,10.9333,111.762,
101,0.2294,0.5142,1.5819,0.478,1.1369,0.237,1.3725,2.7598,0.0003,0.0002,0.1141,1.1227,6.5931,6.8271,111.766,11.6847,131.858,
102,0.2356,0.4945,1.5895,0.4214,1.1292,0.2489,1.3993,2.7881,0.0003,0.0001,0.111,1.1144,6.5436,6.7831,125.539,18.911,152.789,
103,0.2195,0.4446,1.5604,0.47,1.1192,0.2395,1.3792,2.7516,0.0003,0.0001,0.1178,1.1204,6.4838,6.7087,99.6692,11.3676,119.261,
104,0.2361,0.412,1.5514,0.3852,1.1334,0.2383,1.4003,2.7868,0.0004,0.0002,0.1236,1.1334,6.4129,6.6542,92.3276,14.8967,115.354,
105,0.2232,0.44,1.5951,0.4582,1.1467,0.2371,1.4075,2.8043,0.0003,0.0002,0.1152,1.1374,6.5644,6.7916,115.008,12.7446,136.057,
106,0.2211,0.496,1.5623,0.396,1.1906,0.2566,1.4249,2.8798,0.0003,0.0001,0.1201,1.1156,6.599,6.8244,126.444,17.1238,151.981,
107,0.2351,0.941,1.6673,0.4061,1.1708,0.2419,1.439,2.8617,0.0002,0.0002,0.1077,1.12,7.1225,7.3618,107.537,19.8342,136.273,
108,0.2291,0.9154,1.8946,0.3856,1.1577,0.2226,1.4483,2.8367,0.0002,0.0002,0.1572,1.1367,7.3478,7.5815,123.308,20.5359,152.958,
109,0.2193,0.9193,1.907,0.3925,1.1981,0.2934,1.4315,2.9383,0.0003,0.0002,0.1296,1.1227,7.4303,7.6537,103.104,19.8911,132.169,
110,0.2232,0.9164,1.6789,0.3837,1.1786,0.2334,1.4423,2.8622,0.0002,0.0002,0.1005,1.1191,7.0762,7.3035,118.695,18.9475,146.472,
111,0.2174,0.9159,1.7887,0.3856,1.1818,0.2365,1.4437,2.869,0.0002,0.0002,0.1155,1.1101,7.2056,7.4272,127.692,19.1677,155.818,
112,0.2236,0.3319,1.5629,0.3917,1.1584,0.2413,1.4311,2.844,0.0003,0.0002,0.1181,1.1239,6.3908,6.6197,107.144,18.5865,133.853,
113,0.2201,0.9357,1.9381,0.3769,1.1966,0.225,1.4434,2.8779,0.0003,0.0002,0.1121,1.2405,7.5055,7.7296,118.197,13.3013,140.742,
114,0.2194,0.9007,1.6483,0.3757,1.1945,0.2178,1.4549,2.871,0.0002,0.0002,0.1072,1.1155,7.0285,7.2517,135.906,19.0075,163.746,
115,0.2194,0.9653,1.6548,0.4063,1.1937,0.2247,1.4758,2.9033,0.0002,0.0002,0.1073,1.1228,7.1768,7.4,127.325,12.1148,148.366,
116,0.2273,0.9053,1.6639,0.3896,1.2047,0.2301,1.5101,2.9536,0.0002,0.0002,0.113,1.1247,7.1708,7.4023,115.166,15.5875,139.8,
117,0.223,0.9149,1.829,0.3873,1.2172,0.228,1.4848,2.9372,0.0002,0.0001,0.1297,1.1116,7.3348,7.5614,114.388,19.9918,143.501,
118,0.222,0.9607,1.7295,0.3982,1.2104,0.2398,1.464,2.9226,0.0002,0.0002,0.1282,1.1257,7.2899,7.516,108.389,15.3769,132.798,
119,0.224,0.8949,1.6502,0.3976,1.2098,0.2206,1.4707,2.9087,0.0003,0.0001,0.1071,1.1216,7.1009,7.3284,115.708,18.6793,143.258,
120,0.2209,0.4312,1.5885,0.3974,1.214,0.2383,1.4559,2.9195,0.0003,0.0002,0.1142,1.1344,6.6083,6.8346,114.22,15.3581,137.852,
121,0.2314,0.9754,1.7028,0.3869,1.2319,0.2276,1.4861,2.9545,0.0003,0.0002,0.1078,1.1214,7.2687,7.5042,111.173,14.5673,134.864,
122,0.2258,0.8937,1.9227,0.3883,1.2394,0.2282,1.4993,2.9795,0.0003,0.0002,0.1235,1.1162,7.4441,7.6737,91.4885,13.1494,113.885,
123,0.2228,0.9642,1.8523,0.3799,1.2437,0.248,1.5198,3.0222,0.0002,0.0002,0.1152,1.1104,7.4623,7.6888,120.231,11.8117,141.3,
124,0.2206,0.9674,1.7336,0.3994,1.2326,0.2268,1.5021,2.9694,0.0002,0.0002,0.1148,1.121,7.3303,7.5546,108.428,20.2718,137.82,
125,0.2171,0.9691,1.7692,0.3943,1.2479,0.2234,1.501,2.9789,0.0003,0.0001,0.1154,1.1193,7.3705,7.5918,102.423,12.1463,123.639,
126,0.2367,0.9587,1.9431,0.3965,1.2373,0.2297,1.5207,2.9945,0.0002,0.0001,0.1108,1.118,7.5401,7.7806,102.319,13.6432,125.32,
127,0.2302,0.963,1.8447,0.3906,1.2519,0.2314,1.4743,2.9671,0.0003,0.0002,0.1102,1.1208,7.4165,7.6506,122.544,19.477,151.272,
128,0.2442,0.3232,1.5423,0.396,1.2202,0.2243,1.4756,2.9293,0.0003,0.0002,0.1211,1.135,6.4713,6.7215,111.801,15.2698,135.265,
129,0.2323,1.0946,1.7627,0.3772,1.2594,0.2313,1.5231,3.0202,0.0002,0.0002,0.1167,1.1199,7.513,7.7496,110.179,12.5877,132.111,
130,0.2208,0.9628,1.6888,0.3782,1.2602,0.229,1.527,3.0226,0.0002,0.0001,0.1076,1.1236,7.3006,7.5251,105.771,19.5159,134.39,
131,0.2192,0.8959,1.6007,0.4045,1.2415,0.2237,1.5071,2.985,0.0003,0.0002,0.1266,1.139,7.2243,7.4475,93.2759,11.7058,113.967,
132,0.2187,0.9651,1.7391,0.3855,1.2379,0.2291,1.5207,2.997,0.0003,0.0002,0.1117,1.1297,7.3479,7.5706,102.866,11.3275,123.34,
133,0.2257,0.9108,1.6051,0.3712,1.274,0.2263,1.5306,3.0423,0.0002,0.0002,0.114,1.128,7.1899,7.4194,120.346,11.3672,140.677,
134,0.23,0.9109,1.7811,0.3734,1.2842,0.2424,1.5302,3.0675,0.0003,0.0002,0.1087,1.1336,7.3917,7.6255,102.062,16.6913,127.959,
135,0.2196,1.0941,1.735,0.3949,1.2571,0.2221,1.5409,3.0306,0.0003,0.0001,0.1078,1.1382,7.5171,7.7404,116.177,14.1395,139.598,
136,0.2403,0.3235,1.5555,0.3839,1.2623,0.2339,1.5303,3.0364,0.0003,0.0002,0.1173,1.1415,6.5836,6.8296,113.575,11.9789,133.864,
137,0.2219,0.9305,1.9605,0.371,1.2834,0.3308,1.5375,3.16,0.0003,0.0002,0.1184,1.1388,7.7016,7.9274,129.246,13.3936,152.171,
138,0.2195,0.9088,1.588,0.3969,1.3132,0.2225,1.559,3.1055,0.0003,0.0002,0.1415,1.1119,7.2732,7.4965,125.364,20.325,154.721,
139,0.2187,0.9679,1.9384,0.4042,1.3091,0.2442,1.5624,3.1257,0.0003,0.0002,0.1087,1.1332,7.6978,7.9205,110.341,19.7313,139.506,
140,0.2199,0.9676,2.0412,0.3983,1.2749,0.2296,1.5688,3.0825,0.0003,0.0002,0.107,1.127,7.7406,7.9641,115.949,19.3831,144.776,
141,0.2188,0.9024,1.605,0.3644,1.2776,0.2404,1.5497,3.0768,0.0003,0.0002,0.1107,1.1446,7.2228,7.4456,106.955,19.5302,135.474,
142,0.2327,0.9706,1.9011,0.3663,1.2791,0.2198,1.5584,3.065,0.0002,0.0002,0.1239,1.1207,7.5607,7.7976,111.951,12.1091,133.504,
143,0.2195,0.9029,1.6195,0.3908,1.2804,0.2219,1.5566,3.0682,0.0002,0.0001,0.1124,1.1591,7.2712,7.4947,116.077,14.4318,139.596,
144,0.2368,0.3263,1.5559,0.4185,1.2704,0.2217,1.575,3.0776,0.0003,0.0002,0.0993,1.1187,6.6186,6.8606,128.339,16.9987,153.68,
145,0.2184,0.9738,1.8663,0.35,1.2847,0.2617,1.5677,3.1274,0.0003,0.0002,0.1207,1.129,7.5814,7.8039,109.659,13.3774,132.356,
146,0.2182,1.0609,1.5859,0.3633,1.2948,0.2519,1.5656,3.1258,0.0002,0.0002,0.1099,1.1268,7.3861,7.6082,101.416,13.4154,123.993,
147,0.2313,0.9128,1.7489,0.3815,1.2922,0.224,1.5557,3.081,0.0003,0.0002,0.1271,1.1164,7.3863,7.622,128.493,17.8449,155.574,
148,0.2182,0.9585,1.7457,0.3809,1.31,0.2269,1.5656,3.1108,0.0002,0.0002,0.1083,1.1408,7.4629,7.6849,109.922,19.5644,138.7,
149,0.2396,0.983,1.848,0.3727,1.3053,0.2319,1.5735,3.1236,0.0004,0.0001,0.1088,1.1486,7.6069,7.8509,113.433,20.9495,143.828,
150,0.2193,0.9713,1.9299,0.3759,1.3143,0.2459,1.592,3.1616,0.0003,0.0002,0.1247,1.1286,7.7116,7.9351,121.305,11.4904,142.266,
151,0.2175,0.9837,1.9155,0.3889,1.2922,0.2431,1.5588,3.1059,0.0002,0.0002,0.1118,1.1311,7.6558,7.8771,113.782,12.7288,135.96,
152,0.2386,0.434,1.5695,0.5045,1.2754,0.2245,1.5975,3.1086,0.0002,0.0002,0.1076,1.1187,6.8635,7.1072,118.238,17.1821,144.003,
153,0.2201,0.9898,1.6203,0.373,1.3137,0.2402,1.5654,3.1281,0.0003,0.0002,0.1241,1.1241,7.3785,7.6022,97.7762,17.1273,124.056,
154,0.2192,0.9128,1.5779,0.384,1.3247,0.2317,1.5802,3.1454,0.0002,0.0002,0.1149,1.118,7.273,7.4961,103.493,15.488,128.044,
155,0.2198,0.9673,1.7445,0.4115,1.3022,0.2263,1.572,3.1111,0.0002,0.0001,0.1141,1.1145,7.4828,7.7066,102.505,12.8354,124.583,
156,0.2176,0.9833,1.6717,0.3811,1.3166,0.211,1.5675,3.0994,0.0002,0.0002,0.1067,1.1271,7.3877,7.6093,110.096,20.5159,139.791,
157,0.2352,0.966,1.7346,0.3735,1.3414,0.2296,1.5852,3.1654,0.0003,0.0002,0.1068,1.122,7.4886,7.7279,113.372,20.622,143.264,
158,0.2198,0.9575,1.9059,0.3853,1.3476,0.2383,1.5989,3.1932,0.0003,0.0002,0.1075,1.1329,7.7053,7.9292,107.16,20.8539,137.45,
159,0.2327,0.9187,1.9615,0.3904,1.3253,0.2272,1.6226,3.1848,0.0003,0.0001,0.1161,1.1265,7.7164,7.9553,104.465,17.006,130.966,
160,0.2328,0.4189,1.574,0.3677,1.3097,0.2279,1.6177,3.1682,0.0004,0.0002,0.1192,1.1445,6.8177,7.0564,123.697,13.9393,146.164,
161,0.2317,0.9337,1.8055,0.3756,1.3487,0.2358,1.6027,3.1975,0.0002,0.0001,0.1196,1.1287,7.5833,7.8194,97.5564,13.2168,120.235,
162,0.2335,0.909,1.6926,0.3762,1.3472,0.2335,1.6073,3.1968,0.0003,0.0002,0.1107,1.1282,7.431,7.6691,129.632,20.3022,159.199,
163,0.2269,0.9596,1.7414,0.3903,1.3298,0.2464,1.5924,3.179,0.0002,0.0001,0.1049,1.1294,7.5257,7.7569,121.733,13.9137,144.938,
164,0.2383,0.9076,1.8606,0.3669,1.3278,0.2165,1.6012,3.1552,0.0003,0.0002,0.1111,1.1363,7.5711,7.8135,122.465,19.2051,151.096,
165,0.2195,0.942,1.9475,0.3731,1.33,0.228,1.5827,3.1492,0.0002,0.0003,0.1146,1.1227,7.6716,7.8951,95.2316,20.0665,124.718,
166,0.2186,0.9081,1.6706,0.3704,1.3353,0.2244,1.5786,3.1447,0.0002,0.0002,0.1111,1.1312,7.3584,7.581,104.804,19.3988,133.362,
167,0.2312,0.9055,1.7523,0.3847,1.352,0.215,1.615,3.1873,0.0002,0.0002,0.1178,1.1187,7.489,7.7245,118.197,20.2789,147.785,
168,0.2358,0.4247,1.5627,0.3952,1.3183,0.2441,1.6059,3.1751,0.0002,0.0001,0.1182,1.1448,6.8445,7.0854,114.563,13.3435,136.473,
169,0.2191,0.9204,1.7694,0.3727,1.3419,0.1841,1.6211,3.1576,0.0002,0.0001,0.1083,1.1417,7.4951,7.7186,112.733,17.0756,139.14,
170,0.2238,0.9087,1.8353,0.358,1.3515,0.2335,1.5823,3.1749,0.0002,0.0002,0.117,1.1201,7.5306,7.7583,103.738,11.4195,124.464,
171,0.2193,0.9142,1.8481,0.3789,1.3611,0.2187,1.6223,3.2069,0.0001,0.0002,0.1093,1.1473,7.6245,7.8479,115.271,11.7654,136.473,
172,0.2193,0.964,1.944,0.4011,1.3536,0.1721,1.6013,3.1343,0.0003,0.0002,0.1082,1.1266,7.6996,7.9227,122.569,12.118,144.183,
173,0.2198,1.0719,1.7526,0.4757,1.3474,0.197,1.6107,3.1608,0.0003,0.0001,0.1116,1.1331,7.729,7.9529,100.691,11.7885,122.033,
174,0.2203,0.9032,1.7979,0.3746,1.356,0.1752,1.6101,3.1499,0.0002,0.0002,0.1168,1.123,7.4862,7.7117,95.3409,16.739,121.365,
175,0.2195,0.9739,1.6388,0.4562,1.3347,0.1976,1.6174,3.1557,0.0002,0.0001,0.1072,1.1689,7.5167,7.74,113.063,17.1138,139.464,
176,0.2361,0.416,1.5655,0.4025,1.3632,0.1914,1.5817,3.1483,0.0002,0.0002,0.1214,1.1387,6.8162,7.0577,118.874,13.6937,141.186,
177,0.2441,0.9277,1.756,0.3661,1.3517,0.2389,1.6263,3.2269,0.0003,0.0002,0.1168,1.1249,7.5366,7.7853,109.448,12.8937,131.758,
178,0.2276,0.9039,1.8488,0.382,1.3677,0.1827,1.6021,3.1614,0.0003,0.0002,0.1117,1.1374,7.5664,7.7978,111.309,11.6831,132.388,
179,0.2202,0.9077,1.9106,0.3765,1.345,0.1862,1.622,3.1623,0.0003,0.0002,0.1155,1.1249,7.6199,7.8445,120.913,20.7882,151.123,
180,0.2362,0.9917,1.6019,0.3571,1.3479,0.2298,1.6105,3.1962,0.0003,0.0001,0.1009,1.1263,7.3996,7.6397,126.373,20.3492,155.921,
181,0.2286,0.9796,1.6821,0.3873,1.3861,0.1994,1.6414,3.237,0.0003,0.0001,0.1068,1.1382,7.5514,7.784,109.139,14.2181,132.685,
182,0.2186,0.9679,1.7389,0.4989,1.3792,0.1874,1.6386,3.2163,0.0002,0.0001,0.1062,1.1427,7.6872,7.9096,105.353,13.4452,128.252,
183,0.2227,0.8991,1.9444,0.4048,1.3468,0.1811,1.6515,3.1882,0.0002,0.0002,0.1051,1.13,7.6919,7.9186,113.059,13.362,135.893,
184,0.2281,0.3214,1.5519,0.3867,1.3561,0.3185,1.6036,3.2886,0.0003,0.0003,0.114,1.1465,6.8334,7.0668,126.234,12.4048,147.189,
185,0.2303,0.9814,1.9338,0.3787,1.3564,0.2265,1.634,3.2261,0.0002,0.0002,0.1082,1.1281,7.778,8.0124,108.428,17.4524,135.491,
186,0.2259,0.9068,1.6861,0.3732,1.3667,0.2186,1.6348,3.2298,0.0003,0.0002,0.1126,1.2024,7.5359,7.7658,112.974,20.2805,142.615,
187,0.2238,0.9662,1.5984,0.3998,1.3805,0.2358,1.643,3.2692,0.0002,0.0002,0.1178,1.1119,7.4838,7.7114,114.105,19.6783,143.023,
188,0.2246,0.9148,1.9722,0.3769,1.3747,0.2829,1.6084,3.2729,0.0003,0.0001,0.1342,1.1161,7.8064,8.0352,107.403,20.4487,137.399,
189,0.2307,0.9079,1.5978,0.3707,1.3799,0.2361,1.654,3.2826,0.0002,0.0001,0.1101,1.2211,7.51,7.745,102.256,13.3449,124.907,
190,0.2317,0.9024,1.9183,0.3866,1.3729,0.1855,1.6383,3.2049,0.0002,0.0002,0.1079,1.1222,7.6637,7.8993,109.974,19.476,138.995,
191,0.2173,0.9109,1.6777,0.3935,1.3437,0.2297,1.6412,3.2232,0.0003,0.0001,0.1718,1.1193,7.5156,7.7372,98.9971,13.2534,121.538,
192,0.2336,0.4262,1.6955,0.3837,1.3613,0.2233,1.6252,3.2187,0.0003,0.0002,0.1134,1.1126,6.9753,7.2144,106.816,19.5399,135.068,
193,0.233,0.9201,1.9487,0.3853,1.378,0.2289,1.6147,3.2332,0.0002,0.0002,0.1315,1.1305,7.7715,8.0105,107.304,13.1134,130.01,
194,0.2186,0.9635,1.7484,0.3716,1.3859,0.2321,1.6279,3.2531,0.0002,0.0001,0.1074,1.2546,7.7219,7.9448,109.229,13.0004,131.753,
195,0.2219,0.9664,1.8275,0.4042,1.3764,0.2373,1.6544,3.2795,0.0003,0.0002,0.1121,1.1248,7.7343,7.9602,109.174,12.2566,130.982,
196,0.2233,0.9796,1.6561,0.3846,1.3901,0.2146,1.6439,3.254,0.0003,0.0002,0.1086,1.1266,7.5264,7.7536,94.1453,20.3277,123.86,
197,0.2201,0.9595,1.5997,0.356,1.3873,0.2257,1.5986,3.2194,0.0003,0.0002,0.1228,1.1134,7.3891,7.6134,118.92,19.1419,147.208,
198,0.2319,0.9695,1.7402,0.3936,1.3963,0.1966,1.6723,3.273,0.0002,0.0002,0.1144,1.1149,7.6272,7.8633,115.192,13.3544,138.007,
199,0.2203,0.9698,1.7686,0.4042,1.3827,0.2541,1.6719,3.3205,0.0004,0.0002,0.1295,1.1844,7.802,8.0265,109.582,19.7519,138.954,
200,0.2322,0.4181,1.6029,0.4185,1.3932,0.1973,1.6433,3.2474,0.0003,0.0001,0.1229,1.1344,6.9659,7.2033,100.032,17.1508,125.846,
201,0.2196,1.0219,1.6618,0.3942,1.3911,0.2599,1.6811,3.3438,0.0003,0.0002,0.1237,1.1214,7.6918,7.9153,97.6999,13.042,120.21,
202,0.2249,0.9091,1.7624,0.3664,1.3857,0.234,1.6766,3.3086,0.0002,0.0002,0.115,1.1263,7.6067,7.836,105.948,20.0942,135.513,
203,0.2229,1.1547,1.7354,0.3744,1.4169,0.2326,1.6465,3.3017,0.0002,0.0001,0.1137,1.116,7.8097,8.0363,107.554,11.6248,128.761,
204,0.2312,0.9098,1.9133,0.3785,1.3819,0.2391,1.6978,3.3316,0.0003,0.0002,0.1277,1.1172,7.7953,8.0307,104.812,20.7954,135.261,
205,0.2357,0.9053,1.8138,0.3989,1.3828,0.2214,1.6553,3.2659,0.0002,0.0002,0.1106,1.1334,7.6477,7.889,105.339,13.63,128.462,
206,0.219,0.913,1.6129,0.3769,1.4139,0.2442,1.682,3.3498,0.0002,0.0002,0.1153,1.1249,7.5116,7.7345,98.1364,12.785,120.213,
207,0.2306,1.0299,1.747,0.3702,1.3966,0.2303,1.6455,3.2794,0.0002,0.0002,0.1187,1.1174,7.6831,7.9179,104.172,18.5912,132.235,
208,0.263,0.3362,1.5526,0.3951,1.3804,0.2475,1.6648,3.3044,0.0003,0.0001,0.1213,1.1442,6.8767,7.1451,111.615,20.5997,140.863,
209,0.2206,0.9773,1.9756,0.3895,1.4204,0.1897,1.6667,3.2876,0.0002,0.0002,0.1119,1.1218,7.8817,8.1061,110.113,16.7285,136.48,
210,0.2197,1.1582,1.7482,0.3657,1.4128,0.2467,1.6763,3.3459,0.0002,0.0002,0.1092,1.1352,7.8795,8.1031,113.118,17.7814,140.579,
211,0.2195,0.9794,1.6982,0.376,1.3848,0.2028,1.674,3.2718,0.0003,0.0001,0.1107,1.1296,7.5849,7.8083,101.239,13.0314,123.645,
212,0.2197,0.9634,1.5904,0.3819,1.4088,0.2475,1.6121,3.2775,0.0003,0.0002,0.1159,1.1105,7.4603,7.6844,127.423,15.1433,151.83,
213,0.2309,1.1402,1.7414,0.3787,1.392,0.2418,1.6603,3.3067,0.0003,0.0002,0.1138,1.1258,7.8265,8.0612,113.951,16.3155,139.934,
214,0.2295,0.9053,1.768,0.4722,1.3919,0.2325,1.6636,3.2973,0.0002,0.0001,0.1083,1.1611,7.7286,7.9619,105.389,16.6644,131.652,
215,0.2242,0.9643,1.6366,0.3681,1.394,0.2471,1.6627,3.3138,0.0002,0.0001,0.1163,1.1214,7.5406,7.7685,90.3239,13.5766,113.208,
216,0.2254,0.4249,1.5519,0.3931,1.4091,0.2521,1.6752,3.3474,0.0003,0.0002,0.1162,1.1436,7.001,7.2321,122.485,21.0012,152.158,
217,0.2197,0.9578,1.6119,0.3938,1.4225,0.1784,1.6531,3.261,0.0003,0.0002,0.1088,1.1284,7.4863,7.7101,121.52,12.9055,143.701,
218,0.2251,0.9646,1.6,0.3996,1.4111,0.2193,1.6568,3.2961,0.0003,0.0002,0.1085,1.1285,7.5242,7.7532,125.027,13.7475,148.072,
219,0.2248,0.9021,1.755,0.3698,1.4119,0.1818,1.685,3.2873,0.0002,0.0002,0.1188,1.1327,7.5889,7.8176,109.265,13.141,131.783,
220,0.2211,0.9933,2.0711,0.3706,1.4336,0.2391,1.6962,3.3811,0.0003,0.0002,0.1689,1.1359,8.1419,8.3667,105.053,12.9358,127.941,
221,0.2324,0.9009,1.9203,0.3938,1.4105,0.2416,1.6874,3.3483,0.0002,0.0002,0.1136,1.1282,7.8269,8.0632,116.242,11.4247,137.384,
222,0.2316,0.8897,1.7063,0.3842,1.4143,0.2426,1.6995,3.3692,0.0002,0.0002,0.1276,1.1204,7.6239,7.8596,115.548,13.6314,138.618,
223,0.2271,0.9057,1.8736,0.3705,1.4217,0.1911,1.6992,3.3183,0.0002,0.0002,0.1157,1.1251,7.7308,7.9616,101.174,13.8085,124.513,
224,0.23,0.3208,1.5646,0.3763,1.4015,0.1938,1.6582,3.2622,0.0003,0.0002,0.1578,1.1506,6.8573,7.0936,114.953,13.416,136.93,
225,0.224,0.9799,1.9847,0.3901,1.4251,0.2318,1.6888,3.3559,0.0003,0.0002,0.1264,1.1147,7.9727,8.2004,105.062,13.3001,128.167,
226,0.2206,0.9699,1.9015,0.3942,1.4293,0.1855,1.703,3.3296,0.0003,0.0002,0.105,1.1349,7.8554,8.0805,96.819,16.6316,123.141,
227,0.2281,0.9097,1.973,0.3662,1.4313,0.1847,1.6906,3.3183,0.0002,0.0002,0.1171,1.1322,7.8355,8.0679,114.773,15.5249,139.965,
228,0.2332,0.9073,1.6214,0.3792,1.4378,0.1941,1.7001,3.34,0.0003,0.0002,0.1101,1.1368,7.5145,7.7518,126.42,12.8864,148.635,
229,0.2205,0.9785,1.7612,0.3895,1.4428,0.2019,1.6899,3.3467,0.0002,0.0002,0.1248,1.1221,7.7634,7.9877,113.196,19.812,142.597,
230,0.2304,0.9067,1.5951,0.3661,1.4481,0.2425,1.7002,3.3991,0.0002,0.0002,0.1201,1.1203,7.5253,7.7597,110.711,13.5919,133.658,
231,0.2182,0.9653,1.8761,0.3925,1.4291,0.1869,1.6996,3.3251,0.0002,0.0003,0.1091,1.129,7.8195,8.0419,94.76,11.2942,115.654,
232,0.2317,0.3286,1.5776,0.4028,1.4147,0.2271,1.6737,3.327,0.0003,0.0002,0.1215,1.1568,6.9334,7.1707,111.026,20.3725,140.056,
233,0.2192,1.0115,1.669,0.3805,1.408,0.2544,1.6925,3.3646,0.0002,0.0002,0.1133,1.1326,7.6935,7.9166,106.648,12.9687,129.09,
234,0.2209,0.9147,1.6882,0.3803,1.4248,0.1883,1.6977,3.3241,0.0003,0.0002,0.1291,1.1215,7.582,7.807,107.154,11.9657,128.495,
235,0.2223,1.0426,1.7421,0.3697,1.4252,0.2462,1.6711,3.3534,0.0003,0.0002,0.1144,1.1238,7.7668,7.9931,86.8675,11.5457,107.972,
236,0.2199,0.8997,1.8162,0.3984,1.4398,0.1816,1.7144,3.3445,0.0002,0.0002,0.1164,1.1234,7.719,7.9429,108.881,13.1035,131.499,
237,0.2207,0.8969,1.5993,0.3794,1.4443,0.2373,1.7044,3.3975,0.0002,0.0001,0.1088,1.1198,7.5147,7.7393,99.425,15.8351,124.594,
238,0.2207,0.9857,1.8063,0.3484,1.4181,0.2254,1.707,3.3597,0.0003,0.0002,0.1111,1.2092,7.8423,8.0669,117.244,20.4591,147.365,
239,0.2166,0.8921,1.7941,0.3572,1.432,0.1983,1.6801,3.3237,0.0005,0.0002,0.1093,1.132,7.6218,7.842,110.961,20.7744,141.094,
240,0.2417,0.4321,1.5678,0.3797,1.398,0.2579,1.69,3.3573,0.0003,0.0002,0.1211,1.1369,7.0158,7.2626,107.423,14.9316,131.125,
241,0.2195,1.0524,1.6702,0.3847,1.4507,0.198,1.6862,3.3445,0.0002,0.0002,0.1105,1.1291,7.719,7.9424,102.705,12.3938,124.579,
242,0.2303,0.9745,1.6633,0.3833,1.4389,0.1967,1.6655,3.3121,0.0003,0.0002,0.105,1.1188,7.5723,7.8067,94.6296,19.1385,123.138,
243,0.2234,0.9091,1.6025,0.3663,1.4372,0.1845,1.67,3.2992,0.0002,0.0002,0.117,1.1113,7.4256,7.6531,90.9731,19.7933,119.991,
244,0.2174,0.9603,1.6613,0.39,1.4534,0.1973,1.6951,3.3581,0.0003,0.0002,0.1093,1.1271,7.6245,7.8456,102.27,12.9864,124.627,
245,0.2317,0.9591,1.6791,0.3842,1.4276,0.2423,1.7015,3.3808,0.0002,0.0001,0.1663,1.1273,7.7202,7.9559,101.421,19.6587,130.674,
246,0.2308,0.9101,1.9444,0.3869,1.4379,0.1824,1.6814,3.3125,0.0003,0.0002,0.1136,1.1273,7.8178,8.0528,110.34,13.7095,133.718,
247,0.2226,1.0071,1.7551,0.3865,1.4503,0.1933,1.7177,3.3719,0.0003,0.0002,0.1097,1.1354,7.7845,8.0111,96.4548,13.4328,119.488,
248,0.2329,0.4179,1.5854,0.392,1.4305,0.2251,1.6931,3.356,0.0003,0.0002,0.1118,1.1264,7.0196,7.2582,114.114,21.0183,143.903,
249,0.2442,0.9845,1.9204,0.3786,1.4444,0.1952,1.7171,3.3703,0.0002,0.0002,0.1118,1.1512,7.9424,8.1911,106.554,11.2957,127.645,
250,0.2337,0.907,1.6082,0.3718,1.4901,0.1989,1.7309,3.4373,0.0004,0.0002,0.1329,1.1347,7.6151,7.8531,113.259,13.7789,136.505,
251,0.2203,0.9629,1.7313,0.4111,1.4442,0.2219,1.7167,3.3938,0.0003,0.0002,0.1079,1.1291,7.7541,7.9784,93.5496,13.0265,116.125,
252,0.2184,0.965,1.7942,0.3813,1.471,0.1891,1.71,3.3757,0.0002,0.0002,0.1103,1.144,7.7878,8.0101,114.404,12.1858,136.18,
253,0.2245,0.9111,1.717,0.3681,1.4553,0.2316,1.7186,3.4116,0.0002,0.0002,0.1068,1.1292,7.6628,7.8912,108.899,13.1639,131.532,
254,0.222,0.8997,1.7243,0.3785,1.4654,0.1785,1.7269,3.3792,0.0002,0.0001,0.1139,1.1301,7.6473,7.8729,101.334,13.1697,123.964,
255,0.2204,1.0792,1.6772,0.3772,1.4647,0.1947,1.7289,3.4,0.0003,0.0002,0.1137,1.1928,7.8601,8.0844,117.425,20.2427,147.341,
256,0.2348,0.4133,1.5621,0.4069,1.4419,0.2356,1.7141,3.4022,0.0003,0.0002,0.139,1.1589,7.1099,7.3523,102.117,11.2806,122.412,
257,0.2334,0.9705,1.8014,0.3953,1.4457,0.1951,1.7124,3.3637,0.0002,0.0001,0.1184,1.1204,7.7912,8.0286,104.809,19.3648,133.805,
258,0.2323,0.9036,1.689,0.3734,1.4545,0.1857,1.8327,3.4842,0.0003,0.0002,0.1063,1.1307,7.7076,7.9437,111.468,21.0238,142.019,
259,0.2204,0.9673,1.8982,0.3773,1.4585,0.2304,1.7243,3.4231,0.0002,0.0002,0.1097,1.1308,7.925,8.1492,108.081,20.6427,138.365,
260,0.2197,0.9136,1.6859,0.3952,1.4623,0.2045,1.7021,3.3758,0.0003,0.0002,0.1128,1.1314,7.6396,7.8634,106.992,13.1829,129.523,
261,0.2207,0.9028,1.7523,0.3854,1.4504,0.1851,1.731,3.3802,0.0003,0.0002,0.1133,1.1377,7.6947,7.9191,109.368,16.9784,135.845,
262,0.2206,1.0024,1.6419,0.3808,1.4482,0.1844,1.7564,3.403,0.0003,0.0002,0.1115,1.1253,7.7363,7.9609,101.149,13.6491,124.305,
263,0.2195,0.9697,1.668,0.4675,1.4398,0.1866,1.6991,3.3341,0.0003,0.0002,0.1054,1.1247,7.6906,7.9141,101.028,19.1775,129.704,
264,0.2205,0.421,1.5642,0.3613,1.4385,0.2468,1.702,3.4012,0.0004,0.0002,0.1079,1.1314,7.0104,7.2362,101.46,12.8819,123.002,
265,0.2205,0.9181,1.7306,0.3751,1.4487,0.2503,1.7197,3.4287,0.0003,0.0002,0.1147,1.1261,7.7161,7.941,98.9664,11.9369,120.464,
266,0.23,1.1356,1.7326,0.3966,1.4596,0.1953,1.698,3.3649,0.0003,0.0002,0.1181,1.1188,7.8872,8.1214,104.317,20.8936,134.947,
267,0.2178,1.0672,1.751,0.4086,1.4731,0.1807,1.7111,3.3744,0.0002,0.0002,0.1119,1.1837,7.9198,8.1414,95.5341,18.7828,124.004,
268,0.2329,0.9658,1.7957,0.3928,1.4547,0.1848,1.7134,3.3651,0.0002,0.0002,0.1093,1.1209,7.7716,8.0084,110.208,20.3872,140.197,
269,0.2238,0.9594,1.9352,0.3795,1.4493,0.1934,1.7275,3.3799,0.0002,0.0002,0.1093,1.1333,7.9184,8.1464,134.212,16.5087,160.38,
270,0.22,0.9634,1.6167,0.3706,1.4578,0.2379,1.7124,3.4174,0.0002,0.0002,0.1134,1.1102,7.6114,7.8351,105.185,13.0577,127.619,
271,0.238,0.9939,1.6773,0.3834,1.4613,0.1917,1.7326,3.3949,0.0003,0.0002,0.1163,1.1185,7.7017,7.9436,118.862,12.1157,140.519,
272,0.219,0.414,1.5781,0.3925,1.4498,0.1781,1.7452,3.3812,0.0002,0.0002,0.1167,1.147,7.0524,7.2771,113.965,11.9997,134.689,
273,0.22,1.1254,1.7369,0.3767,1.4577,0.1942,1.7313,3.3931,0.0002,0.0002,0.1268,1.1266,7.9095,8.1335,114.583,20.0803,144.386,
274,0.2378,0.9079,1.9817,0.3779,1.4668,0.2995,1.752,3.5289,0.0003,0.0002,0.1137,1.1421,8.0726,8.3144,113.253,16.3213,139.451,
275,0.2206,1.1153,1.7504,0.379,1.451,0.2107,1.7547,3.4284,0.0003,0.0002,0.1259,1.1322,7.9491,8.1737,113.404,16.3976,139.526,
276,0.2326,0.9601,1.7059,0.3811,1.4574,0.1959,1.7123,3.3747,0.0002,0.0001,0.1301,1.1205,7.6919,7.9282,98.0867,16.368,123.99,
277,0.2365,0.9077,1.7267,0.4008,1.4773,0.3279,1.7431,3.5576,0.0003,0.0002,0.1103,1.1596,7.8842,8.1245,105.377,13.7729,128.844,
278,0.2197,0.9812,1.8621,0.3817,1.4615,0.2267,1.7108,3.4104,0.0003,0.0002,0.1167,1.1589,7.9278,8.1512,94.6717,11.2547,115.678,
279,0.2193,0.9075,1.6165,0.3755,1.4741,0.2026,1.7186,3.4049,0.0003,0.0002,0.1103,1.1276,7.5626,7.7858,117.603,12.96,139.935,
280,0.2394,0.3473,1.5626,0.3899,1.4574,0.188,1.7106,3.3625,0.0002,0.0002,0.1176,1.1379,6.9381,7.1824,107.967,11.6205,128.249,
281,0.2196,0.9718,1.9606,0.3767,1.4778,0.2486,1.7294,3.4666,0.0003,0.0001,0.1074,1.1415,8.0436,8.2673,117.003,13.2621,140.108,
282,0.2207,0.9589,1.6732,0.4987,1.5078,0.189,1.7637,3.4694,0.0002,0.0002,0.1176,1.1235,7.8643,8.0885,105.581,12.7508,127.981,
283,0.2196,0.4137,1.5813,0.3667,1.4361,0.2244,1.7038,3.3733,0.0003,0.0002,0.11,1.2085,7.0728,7.2964,105.949,13.454,128.297,
284,0.2194,0.965,1.9538,0.3745,1.4677,0.2452,1.7731,3.4972,0.0002,0.0002,0.1101,1.1396,8.0595,8.2829,100.896,13.0839,123.844,
285,0.2202,0.9161,1.7522,0.3889,1.452,0.1974,1.7436,3.4001,0.0003,0.0002,0.1135,1.1551,7.7508,7.9752,122.277,16.027,147.836,
286,0.2199,1.1182,1.852,0.3961,1.4716,0.1801,1.7296,3.3867,0.0002,0.0002,0.1364,1.1409,8.0473,8.2712,116.255,19.3127,145.424,
287,0.2194,0.9091,1.67,0.3829,1.4643,0.1846,1.736,3.3898,0.0003,0.0002,0.1078,1.1375,7.6105,7.8339,108.303,11.6551,129.356,
288,0.2253,0.489,1.5691,0.3779,1.4475,0.1771,1.7176,3.3476,0.0002,0.0002,0.1209,1.1139,7.0398,7.2712,124.134,13.4053,146.301,
289,0.2263,0.9822,1.854,0.3794,1.475,0.1876,1.7264,3.397,0.0002,0.0002,0.1191,1.1518,7.894,8.1258,126.724,12.4936,148.897,
290,0.2214,0.9575,1.9006,0.3791,1.4919,0.2343,1.7324,3.4698,0.0002,0.0002,0.1131,1.1361,7.971,8.1965,116.531,12.9463,139.274,
291,0.2208,1.0846,1.73,0.3851,1.5133,0.1807,1.7664,3.4704,0.0002,0.0002,0.1158,1.1317,7.937,8.162,100.649,13.5631,123.971,
292,0.2205,1.0316,1.6612,0.3884,1.479,0.1755,1.7087,3.3709,0.0003,0.0002,0.1031,1.1192,7.6923,7.9164,123.061,11.8451,144.398,
293,0.2174,0.905,1.9001,0.3777,1.4804,0.2022,1.7442,3.4392,0.0003,0.0002,0.1105,1.1279,7.8811,8.1023,112.538,20.3135,142.539,
294,0.2192,0.9915,1.7493,0.3898,1.4858,0.1754,1.7389,3.4109,0.0003,0.0002,0.1107,1.1671,7.8382,8.0611,110.514,16.7753,136.933,
295,0.2203,1.0261,1.7021,0.3718,1.4815,0.1873,1.7409,3.4226,0.0003,0.0002,0.11,1.1351,7.7834,8.008,105.329,13.4514,128.362,
296,0.2199,0.3263,1.5577,0.3694,1.4761,0.2504,1.7216,3.4601,0.0002,0.0002,0.109,1.1414,6.9823,7.2072,114.626,17.2816,140.632,
297,0.2243,0.9826,1.9435,0.4967,1.4747,0.1877,1.7547,3.4291,0.0003,0.0002,0.1104,1.127,8.1121,8.3406,97.0401,13.3558,120.289,
298,0.2226,0.9668,1.6439,0.3873,1.4795,0.2263,1.7252,3.4425,0.0003,0.0002,0.1139,1.1647,7.7381,7.9643,103.949,20.715,134.226,
299,0.2328,0.9133,1.9704,0.3724,1.4762,0.1738,1.7151,3.3741,0.0003,0.0002,0.1139,1.1518,7.9144,8.153,111.419,13.0967,134.249,
300,0.2211,0.9652,1.977,0.4833,1.4894,0.1884,1.731,3.4171,0.0002,0.0001,0.1108,1.1288,8.1048,8.3301,129.676,15.5818,155.191,
301,0.2189,1.0649,1.6243,0.369,1.4919,0.1782,1.727,3.4013,0.0002,0.0002,0.108,1.1308,7.7134,7.9366,113.777,13.0731,136.353,
302,0.2187,1.0712,1.746,0.3789,1.4702,0.1918,1.7238,3.3955,0.0004,0.0002,0.1091,1.1363,7.8588,8.0814,118.938,11.5763,140.164,
303,0.2206,0.9656,1.735,0.3978,1.4713,0.1772,1.7257,3.3843,0.0002,0.0002,0.1155,1.1349,7.7561,7.9808,101.813,11.7009,123.082,
304,0.2367,0.4409,1.5609,0.3858,1.5018,0.1875,1.7336,3.4359,0.0002,0.0002,0.0993,1.1476,7.0935,7.3351,101.316,13.5616,123.685,
305,0.2213,0.9802,1.9163,0.3968,1.4631,0.1683,1.7355,3.3733,0.0002,0.0001,0.1174,1.1472,7.9562,8.1815,108.789,13.7705,132.326,
306,0.2313,0.9696,1.6352,0.3742,1.4922,0.2344,1.7372,3.4758,0.0003,0.0001,0.1149,1.1366,7.7326,7.9682,111.766,14.3713,135.714,
307,0.2323,0.9074,1.7397,0.3692,1.4801,0.1924,1.7584,3.441,0.0002,0.0002,0.1109,1.1362,7.7255,7.9615,97.0111,20.7679,127.338,
308,0.2312,0.9634,1.6044,0.4484,1.4937,0.1796,1.7542,3.4401,0.0003,0.0002,0.1098,1.1312,7.7153,7.9504,110.267,20.4729,140.334,
309,0.227,0.97,1.5671,0.3962,1.4854,0.1757,1.7409,3.4103,0.0003,0.0002,0.1126,1.1298,7.6088,7.8396,119.15,12.0699,140.642,
310,0.2302,0.9045,1.6155,0.3887,1.4962,0.1842,1.746,3.4345,0.0003,0.0002,0.1084,1.1341,7.6084,7.8429,113.122,13.4723,136.034,
311,0.2195,1.1417,1.7539,0.3915,1.5065,0.1905,1.7462,3.4502,0.0003,0.0002,0.1096,1.13,8.0001,8.2234,104.536,20.0075,134.379,
312,0.2323,0.3283,1.5534,0.3819,1.4937,0.1897,1.7522,3.4483,0.0003,0.0002,0.1265,1.1519,7.0166,7.2541,122.312,17.7984,148.867,
313,0.2322,0.9894,1.853,0.388,1.5391,0.2062,1.7345,3.4929,0.0003,0.0002,0.1263,1.116,7.9917,8.2283,98.3475,16.494,124.685,
314,0.2188,0.9616,1.6841,0.3905,1.5031,0.1782,1.7828,3.476,0.0003,0.0002,0.1281,1.1215,7.7796,8.0023,120.906,13.4749,143.955,
315,0.2323,0.9584,1.9028,0.3862,1.5139,0.2023,1.7338,3.4629,0.0002,0.0002,0.1171,1.1175,7.9608,8.197,108.944,13.311,132.068,
316,0.2316,0.9748,1.6503,0.3726,1.5065,0.1968,1.7542,3.4668,0.0002,0.0002,0.1101,1.1347,7.7264,7.9616,104.874,16.6851,131.147,
317,0.2234,0.9114,1.8747,0.3757,1.513,0.1932,1.7723,3.4875,0.0003,0.0002,0.1171,1.1282,7.9169,8.1445,112.797,14.2057,136.684,
318,0.2195,0.9053,1.8961,0.3666,1.5059,0.1844,1.7485,3.4474,0.0003,0.0002,0.1165,1.1276,7.8728,8.096,98.9046,11.7852,120.365,
319,0.2205,0.8991,1.9587,0.3675,1.4925,0.2421,1.7487,3.4945,0.0003,0.0002,0.1091,1.1253,7.9761,8.2002,110.836,11.4461,132.044,
320,0.2406,0.4268,1.5669,0.3761,1.4701,0.1882,1.734,3.4026,0.0002,0.0002,0.1161,1.1437,7.0563,7.3022,109.232,16.9301,134.928,
321,0.2391,0.9217,1.6019,0.374,1.5224,0.1939,1.846,3.5757,0.0003,0.0001,0.1054,1.1294,7.7267,7.9696,107.262,11.8836,128.731,
322,0.2167,0.9613,1.6447,0.4962,1.4877,0.1819,1.7552,3.4307,0.0002,0.0001,0.1092,1.1323,7.7989,8.0196,106.533,15.1519,131.3,
323,0.223,0.9617,1.7118,0.3744,1.5045,0.2494,1.766,3.5296,0.0003,0.0002,0.1158,1.156,7.8683,8.0955,105.899,17.1259,132.661,
324,0.2192,1.0361,1.777,0.3848,1.5132,0.1894,1.79,3.5005,0.0002,0.0002,0.1068,1.133,7.9625,8.1858,94.2777,15.1646,119.207,
325,0.2175,0.9667,1.9477,0.3776,1.5108,0.1729,1.7725,3.4604,0.0002,0.0001,0.1043,1.1243,7.9949,8.2161,97.708,13.2732,120.743,
326,0.221,0.9092,1.8802,0.3878,1.5134,0.1783,1.7469,3.4469,0.0003,0.0002,0.1137,1.1337,7.8978,8.1227,104.664,11.378,125.755,
327,0.2309,0.9038,1.6918,0.3961,1.5122,0.1816,1.7786,3.4966,0.0003,0.0002,0.1275,1.1531,7.7913,8.0261,107.104,18.7612,135.466,
328,0.2355,0.4272,1.5606,0.397,1.4934,0.1899,1.7569,3.4494,0.0002,0.0002,0.134,1.1353,7.1274,7.368,111.103,13.0555,133.007,
329,0.2217,1.0634,1.6169,0.3818,1.5209,0.1864,1.7909,3.5047,0.0002,0.0002,0.1165,1.1176,7.826,8.0518,131.012,11.3514,152.004,
330,0.2197,0.9786,1.7398,0.3871,1.5012,0.1921,1.7725,3.4759,0.0002,0.0002,0.1576,1.1227,7.8804,8.1046,122.338,12.0929,144.121,
331,0.2194,0.9948,1.6994,0.4517,1.5175,0.1933,1.7909,3.5114,0.0004,0.0002,0.1103,1.1243,7.9079,8.1309,98.1864,21.139,129.047,
332,0.2205,0.9034,1.7448,0.3827,1.526,0.2267,1.7936,3.5573,0.0002,0.0002,0.1262,1.203,7.9368,8.1609,102.452,18.3461,130.518,
333,0.2327,0.9911,1.6791,0.3746,1.5089,0.1835,1.7782,3.4839,0.0003,0.0001,0.1233,1.1395,7.8131,8.05,92.8418,11.246,113.742,
334,0.2246,0.9752,1.9038,0.3767,1.5865,0.1913,1.8089,3.5954,0.0002,0.0002,0.1172,1.1622,8.1546,8.3833,100.613,15.1248,125.718,
335,0.2325,1.0295,1.684,0.3475,1.535,0.2667,1.7888,3.6012,0.0003,0.0002,0.1115,1.1367,7.9241,8.1605,105.337,13.5618,128.665,
336,0.2326,0.3303,1.552,0.4005,1.6117,0.2419,1.7799,3.6465,0.0003,0.0002,0.1096,1.1395,7.1979,7.4357,103.159,13.946,126.03,
337,0.2208,1.0344,1.7539,0.4042,1.5524,0.1812,1.8035,3.5464,0.0003,0.0002,0.1059,1.1497,8.0188,8.2438,112.949,20.741,143.503,
338,0.2318,0.9175,1.6147,0.3915,1.5055,0.1789,1.788,3.4845,0.0003,0.0002,0.1169,1.1282,7.6756,7.9112,105.645,20.62,135.767,
339,0.2322,0.9029,1.6392,0.3856,1.5095,0.1931,1.7969,3.507,0.0002,0.0002,0.1171,1.1157,7.6865,7.9223,117.636,20.8551,148.007,
340,0.2191,0.9099,1.9605,0.3616,1.5192,0.1949,1.8047,3.5348,0.0003,0.0002,0.1117,1.1275,8.0245,8.2477,118.985,19.2728,148.035,
341,0.227,0.9199,1.9621,0.3739,1.5553,0.2711,1.7967,3.6348,0.0002,0.0002,0.1134,1.124,8.1487,8.3795,109.264,13.5681,132.738,
342,0.2199,0.96,1.9204,0.5081,1.5594,0.1898,1.7901,3.55,0.0002,0.0002,0.1135,1.1291,8.2043,8.4282,106.397,15.3987,131.825,
343,0.2244,0.965,1.8519,0.4665,1.5335,0.1967,1.8016,3.5381,0.0002,0.0002,0.1175,1.1254,8.0868,8.3152,106.851,11.2672,127.962,
344,0.2215,0.4188,1.584,0.3899,1.523,0.2331,1.8168,3.5826,0.0003,0.0002,0.1269,1.1367,7.261,7.4876,109,11.801,129.741,
345,0.2205,1.1039,1.7405,0.3855,1.5223,0.1842,1.7925,3.5088,0.0002,0.0002,0.1161,1.1413,8.0154,8.2401,102.675,11.307,123.817,
346,0.2186,0.9732,1.6401,0.3784,1.5343,0.256,1.7519,3.5524,0.0002,0.0001,0.1138,1.1095,7.79,8.0125,107.065,11.5096,128.197,
347,0.2266,0.9964,1.985,0.3894,1.5352,0.2286,1.8644,3.6363,0.0002,0.0002,0.1119,1.1297,8.2701,8.5005,102.201,11.519,123.811,
348,0.2202,0.9633,1.5959,0.3968,1.5397,0.1853,1.7762,3.5116,0.0002,0.0002,0.1091,1.1206,7.7139,7.9378,105.19,13.4827,128.193,
349,0.2228,0.9077,1.6508,0.37,1.5345,0.1872,1.8087,3.5365,0.0002,0.0002,0.1064,1.1261,7.7122,7.9389,104.636,20.4532,134.605,
350,0.2197,0.9106,1.9322,0.3597,1.5372,0.1862,1.7737,3.506,0.0003,0.0001,0.1153,1.1181,7.959,8.1826,127.384,16.3094,153.412,
351,0.2324,1.0293,1.6846,0.3986,1.5343,0.1949,1.7729,3.5124,0.0002,0.0001,0.1078,1.172,7.925,8.1615,110.637,11.5384,131.969,
352,0.2374,0.4313,1.559,0.3985,1.5302,0.1807,1.7894,3.5071,0.0002,0.0002,0.1192,1.1485,7.1869,7.43,114.049,13.1865,136.139,
353,0.222,1.0111,1.7913,0.3877,1.525,0.1929,1.812,3.5414,0.0003,0.0002,0.1286,1.1297,8.0127,8.2402,113.402,13.0719,136.294,
354,0.2217,0.9062,1.7185,0.3849,1.552,0.1839,1.797,3.5439,0.0002,0.0002,0.1138,1.1284,7.8168,8.0424,101.593,12.5316,123.803,
355,0.222,0.8999,1.993,0.3634,1.5249,0.2334,1.813,3.5836,0.0002,0.0002,0.197,1.1269,8.1818,8.408,102.671,11.8608,124.575,
356,0.218,0.9218,1.7809,0.3727,1.5277,0.1897,1.7703,3.4983,0.0002,0.0002,0.1235,1.1129,7.8344,8.0566,108.453,13.5197,131.635,
357,0.2302,0.8975,1.5924,0.3775,1.5431,0.1909,1.7897,3.533,0.0002,0.0002,0.1089,1.1255,7.6562,7.8905,105.446,20.3831,135.317,
358,0.2189,0.9589,1.8918,0.3716,1.5116,0.1979,1.7701,3.4891,0.0002,0.0001,0.1081,1.1302,7.9719,8.1945,97.7747,12.706,120.257,
359,0.2187,0.9646,1.8849,0.3928,1.5555,0.1858,1.7923,3.5426,0.0002,0.0002,0.108,1.1285,8.0428,8.2655,104.969,13.3976,128.238,
360,0.2362,0.4244,1.5743,0.4062,1.5105,0.1765,1.7967,3.4942,0.0003,0.0001,0.1126,1.1049,7.1535,7.3949,124.887,11.6913,145.452,
361,0.2332,0.9199,1.6599,0.3859,1.5597,0.1939,1.8435,3.6089,0.0003,0.0001,0.1302,1.1425,7.87,8.1074,103.315,11.2465,124.321,
362,0.2191,0.9117,1.7559,0.4301,1.5556,0.1981,1.7985,3.5654,0.0002,0.0002,0.1118,1.153,7.9481,8.1713,112.654,20.5587,142.967,
363,0.2201,0.9634,1.6319,0.3857,1.5463,0.1883,1.7913,3.5382,0.0003,0.0002,0.1124,1.1259,7.779,8.003,110.002,17.3404,136.864,
364,0.2211,1.1616,1.747,0.3778,1.5331,0.1929,1.7648,3.4972,0.0002,0.0002,0.1197,1.1172,8.0456,8.2705,109.157,16.5926,135.604,
365,0.2229,0.8999,1.6025,0.3987,1.5297,0.2316,1.8093,3.5794,0.0003,0.0002,0.1064,1.1286,7.7404,7.9672,98.1339,12.4968,120.162,
366,0.2217,0.9134,1.9337,0.3732,1.6412,0.2052,1.8179,3.6763,0.0004,0.0002,0.1098,1.17,8.1962,8.423,113.875,12.5577,136.442,
367,0.2191,0.9533,1.9357,0.3719,1.5597,0.1824,1.8199,3.5747,0.0002,0.0001,0.1127,1.1292,8.0995,8.3226,118.19,15.0601,143.175,
368,0.2379,0.4188,1.5626,0.3798,1.5315,0.217,1.788,3.5467,0.0002,0.0002,0.1111,1.1068,7.1502,7.3935,102.225,11.2349,122.34,
369,0.2399,0.9292,1.9827,0.3984,1.5516,0.1821,1.7907,3.5352,0.0003,0.0002,0.1174,1.1354,8.1246,8.3689,111.803,21.0661,142.804,
370,0.2197,0.967,1.6939,0.3741,1.554,0.2215,1.8098,3.5941,0.0002,0.0002,0.1118,1.1254,7.8826,8.1061,110.849,20.1848,140.7,
371,0.2189,1.0159,1.6783,0.38,1.5526,0.1703,1.8259,3.5568,0.0002,0.0002,0.107,1.1288,7.8886,8.1114,122.557,19.8335,152.045,
372,0.2196,1.0217,1.7098,0.369,1.5421,0.1939,1.789,3.5373,0.0003,0.0002,0.1166,1.1185,7.892,8.1155,111.301,15.1284,136.063,
373,0.2334,0.965,1.9296,0.3759,1.5385,0.2016,1.8136,3.5636,0.0002,0.0003,0.1081,1.1256,8.0884,8.3262,117.291,13.4122,140.673,
374,0.2305,0.9672,1.6995,0.3939,1.5422,0.1812,1.7956,3.5313,0.0003,0.0002,0.1105,1.1469,7.8739,8.1084,104.556,13.3222,127.592,
375,0.2309,0.9098,1.6789,0.4007,1.5604,0.2234,1.8265,3.6203,0.0003,0.0001,0.1137,1.1211,7.8643,8.099,113.239,16.9034,139.855,
376,0.2212,0.4261,1.5717,0.3851,1.5343,0.1911,1.8069,3.5456,0.0003,0.0002,0.1226,1.1502,7.2272,7.4543,112.828,20.5788,142.281,
377,0.2323,0.981,1.6685,0.3758,1.5427,0.192,1.7897,3.5343,0.0003,0.0001,0.107,1.1282,7.814,8.0503,105.088,13.3422,128.083,
378,0.2354,0.9075,1.7962,0.3723,1.5514,0.1799,1.7782,3.5181,0.0003,0.0002,0.1118,1.1271,7.8579,8.0979,101.121,13.1663,124.169,
379,0.2316,0.9037,1.6134,0.3687,1.5303,0.2386,1.8132,3.5915,0.0003,0.0002,0.1072,1.1274,7.7323,7.9677,97.0029,13.476,120.042,
380,0.2196,0.911,1.7146,0.3928,1.5379,0.2888,1.7736,3.61,0.0002,0.0003,0.1185,1.1241,7.8874,8.1111,125.278,20.3166,155.312,
381,0.2224,0.9834,1.7092,0.3887,1.5251,0.1832,1.7768,3.4925,0.0002,0.0002,0.1074,1.1877,7.8888,8.115,114.004,19.9058,143.524,
382,0.2311,0.9141,1.8055,0.3838,1.5626,0.1861,1.8173,3.5772,0.0002,0.0002,0.1166,1.1118,7.9248,8.1598,106.404,13.4554,129.587,
383,0.2223,0.8853,1.666,0.37,1.5447,0.1904,1.7917,3.5362,0.0003,0.0002,0.1157,1.1157,7.7112,7.9375,116.842,13.6885,140.027,
384,0.2359,0.3307,1.5681,0.3897,1.5559,0.1939,1.8291,3.5932,0.0002,0.0002,0.1177,1.141,7.163,7.4041,113.018,13.7451,135.642,
385,0.2373,0.9266,1.8374,0.4006,1.5749,0.1961,1.81,3.5899,0.0003,0.0002,0.1111,1.1252,8.0159,8.2575,104.744,13.1157,127.715,
386,0.2255,0.9056,1.5967,0.4032,1.5546,0.1823,1.8111,3.5603,0.0003,0.0002,0.1138,1.1219,7.7205,7.95,114.483,12.3352,136.374,
387,0.223,0.9943,1.6491,0.3845,1.5706,0.1975,1.8353,3.6121,0.0003,0.0002,0.1118,1.1223,7.8979,8.1247,104.935,13.4343,128.143,
388,0.2375,1.0403,1.6683,0.366,1.56,0.1818,1.8154,3.567,0.0003,0.0001,0.1091,1.155,7.922,8.1641,98.5115,15.5325,123.873,
389,0.2335,0.9966,1.6567,0.3628,1.5494,0.1839,1.7728,3.5141,0.0003,0.0002,0.1119,1.1074,7.7698,8.0072,113.778,16.0867,139.509,
390,0.221,0.9603,1.7455,0.3887,1.5316,0.1929,1.8013,3.5353,0.0003,0.0002,0.1107,1.1216,7.8826,8.1073,117.817,16.6533,144.136,
391,0.2205,1.0892,1.7328,0.4376,1.5544,0.1928,1.8226,3.575,0.0003,0.0002,0.1182,1.1442,8.1179,8.342,109.085,19.2189,138.227,
392,0.2223,0.3432,1.5628,0.4098,1.5465,0.3018,1.8077,3.6621,0.0002,0.0002,0.1271,1.1416,7.2721,7.4998,114.089,20.6775,143.757,
393,0.2321,0.9317,1.9217,0.3936,1.5681,0.1869,1.7967,3.5652,0.0003,0.0002,0.1379,1.2068,8.1806,8.4193,101.102,16.7161,127.839,
394,0.2292,0.9619,1.8714,0.4391,1.5876,0.1844,1.7971,3.5782,0.0003,0.0002,0.1183,1.1172,8.1066,8.3396,94.1239,20.0686,124.182,
395,0.2286,0.9094,1.8579,0.3573,1.5455,0.1941,1.8095,3.5583,0.0002,0.0002,0.1133,1.1088,7.9203,8.1525,109.455,15.9626,135.192,
396,0.2182,1.0674,1.7442,0.3758,1.5504,0.2343,1.7936,3.5903,0.0003,0.0001,0.1131,1.1994,8.109,8.3311,86.957,11.537,108.366,
397,0.2282,1.1372,1.7322,0.3808,1.5624,0.1939,1.818,3.5846,0.0003,0.0001,0.1141,1.1334,8.1037,8.336,103.344,19.2502,132.554,
398,0.2175,0.9621,2.0469,0.4118,1.5289,0.1802,1.8187,3.5369,0.0002,0.0002,0.1086,1.137,8.2245,8.4457,101.102,12.9077,124.023,
399,0.2192,1.1683,1.7443,0.3932,1.5712,0.2002,1.8105,3.5955,0.0003,0.0002,0.109,1.1818,8.2097,8.433,99.7642,14.4113,124.18,
400,0.2355,0.4215,1.5708,0.4582,1.538,0.2012,1.7683,3.518,0.0002,0.0002,0.1132,1.145,7.2474,7.4881,125.204,13.513,147.695,
401,0.2263,0.9868,1.752,0.3781,1.5607,0.1758,1.8194,3.5631,0.0003,0.0002,0.1085,1.1923,8.003,8.2334,106.189,15.4851,131.498,
402,0.2185,1.0133,1.6038,0.3671,1.567,0.2348,1.7849,3.5935,0.0003,0.0002,0.1161,1.1124,7.8252,8.0475,105.073,13.5821,128.25,
403,0.2213,0.9709,1.8479,0.4074,1.5508,0.2046,1.8009,3.5669,0.0002,0.0002,0.1185,1.1172,8.0549,8.2798,109.121,11.3066,130.322,
404,0.2251,0.9042,1.6687,0.396,1.5323,0.1806,1.822,3.544,0.0003,0.0002,0.1306,1.1204,7.7884,8.0175,106.93,16.7489,133.281,
405,0.2317,0.9077,1.7459,0.3725,1.568,0.177,1.827,3.5807,0.0002,0.0002,0.1168,1.2002,7.9456,8.1812,109.364,13.2544,132.425,
406,0.2187,0.9129,1.7882,0.3683,1.5588,0.1965,1.7829,3.5455,0.0002,0.0002,0.1077,1.1212,7.8678,8.0907,109.325,20.3843,139.362,
407,0.2257,0.9686,1.951,0.3702,1.5491,0.2585,1.807,3.6273,0.0003,0.0002,0.1098,1.1255,8.1747,8.4043,105.807,20.0285,135.768,
408,0.2249,0.4204,1.5749,0.3933,1.5235,0.2415,1.8081,3.5822,0.0003,0.0002,0.1138,1.1395,7.2437,7.4735,120.826,18.5316,148.311,
409,0.2213,0.9272,1.9478,0.4026,1.552,0.1813,1.8251,3.5679,0.0002,0.0002,0.1286,1.1289,8.1233,8.3487,88.4357,13.2712,111.597,
410,0.2188,0.9068,1.8049,0.3873,1.54,0.2539,1.806,3.6137,0.0003,0.0002,0.1139,1.1249,7.9702,8.1928,119.46,20.2587,149.501,
411,0.2196,1.146,1.8144,0.3656,1.5639,0.2223,1.831,3.6261,0.0002,0.0002,0.1166,1.1637,8.2495,8.4732,125.517,14.468,150.01,
412,0.2201,1.1552,1.756,0.3681,1.5591,0.2078,1.8044,3.5814,0.0002,0.0002,0.1086,1.2049,8.1906,8.4149,104.122,13.9498,128.021,
413,0.2243,0.9907,1.6938,0.3924,1.5761,0.2262,1.8564,3.6665,0.0002,0.0003,0.1066,1.1694,8.0384,8.2663,104.112,12.002,125.989,
414,0.2198,0.9566,1.8363,0.3911,1.5313,0.1834,1.7877,3.5148,0.0002,0.0002,0.1258,1.2215,8.0719,8.2956,108.721,15.4775,134.066,
415,0.2414,0.9016,1.6348,0.378,1.5611,0.1825,1.8236,3.5723,0.0002,0.0002,0.1102,1.1242,7.7415,7.9872,113.459,13.2431,136.232,
416,0.2305,0.4453,1.5912,0.3661,1.539,0.1835,1.8247,3.5549,0.0002,0.0002,0.1174,1.1459,7.2447,7.4805,108.944,13.0295,130.872,
417,0.2173,0.9728,1.7044,0.3888,1.5688,0.1872,1.8325,3.5964,0.0003,0.0001,0.1106,1.1184,7.9141,8.1354,112.431,13.6842,135.857,
418,0.2204,0.9055,1.8974,0.3944,1.5675,0.188,1.7999,3.5637,0.0002,0.0002,0.1114,1.1305,8.0228,8.247,114.521,14.9502,139.29,
419,0.2322,0.9004,1.7778,0.378,1.5679,0.1866,1.8139,3.5798,0.0003,0.0002,0.123,1.1164,7.8954,8.1316,104.345,18.8601,132.966,
420,0.2366,0.9946,1.7476,0.3907,1.577,0.2007,1.7961,3.5852,0.0002,0.0002,0.1066,1.1292,7.9784,8.2189,100.185,17.4501,127.391,
421,0.2194,0.9692,1.6609,0.3829,1.5434,0.1812,1.8292,3.5639,0.0003,0.0002,0.1128,1.1239,7.8345,8.0578,107.275,14.9913,131.91,
422,0.2331,0.9621,1.7012,0.3774,1.5819,0.1947,1.852,3.6372,0.0002,0.0001,0.1097,1.1234,7.9337,8.1706,120.807,13.5391,144.122,
423,0.2199,0.9548,1.8728,0.3803,1.582,0.209,1.8429,3.6464,0.0002,0.0002,0.1068,1.1207,8.1025,8.3264,118.15,13.9915,142.014,
424,0.2365,0.4229,1.57,0.3803,1.5584,0.2236,1.806,3.5987,0.0002,0.0002,0.1173,1.2208,7.3269,7.5685,106.215,13.3003,128.574,
425,0.222,1.1644,1.7433,0.3775,1.5687,0.1851,1.8267,3.5884,0.0002,0.0002,0.1259,1.145,8.1797,8.4057,104.364,21.3829,135.732,
426,0.2337,0.9034,1.6068,0.3946,1.5673,0.1775,1.8283,3.5846,0.0002,0.0001,0.107,1.1255,7.7455,7.9838,99.8004,14.866,124.295,
427,0.218,1.0296,1.819,0.367,1.5925,0.1823,1.8165,3.5996,0.0003,0.0002,0.1431,1.1158,8.0997,8.3216,104.405,13.4509,127.734,
428,0.2201,0.915,1.7546,0.3671,1.5893,0.1822,1.8333,3.6139,0.0003,0.0002,0.11,1.1213,7.9016,8.1257,106.96,18.7355,135.388,
429,0.224,0.9086,1.7176,0.3707,1.5628,0.2396,1.8402,3.6543,0.0003,0.0002,0.1112,1.1241,7.9022,8.1299,91.6757,14.9097,116.255,
430,0.2335,0.959,1.6633,0.3865,1.5966,0.1965,1.8386,3.6382,0.0002,0.0001,0.1086,1.125,7.905,8.1422,101.352,13.1489,124.268,
431,0.2311,1.0402,1.7411,0.3806,1.6065,0.1983,1.8311,3.6437,0.0002,0.0001,0.1064,1.1326,8.0629,8.2979,113.385,18.7285,142.058,
432,0.2327,0.3328,1.5841,0.3752,1.5614,0.1909,1.8637,3.6294,0.0003,0.0002,0.122,1.1424,7.213,7.4516,104.607,16.6326,130.118,
433,0.2258,0.9277,1.7883,0.3782,1.5906,0.1875,1.8379,3.6246,0.0003,0.0002,0.1088,1.1225,7.9679,8.1978,105.136,19.7046,134.601,
434,0.22,0.9097,1.6819,0.3767,1.5617,0.188,1.8139,3.5708,0.0004,0.0002,0.1269,1.1115,7.8009,8.027,100.276,15.5992,125.475,
435,0.2221,0.9112,1.8877,0.3827,1.5717,0.2271,1.8226,3.6299,0.0003,0.0001,0.1255,1.1117,8.0679,8.2937,108.825,18.8926,137.627,
436,0.2205,0.9013,1.8811,0.3712,1.5596,0.166,1.8069,3.5365,0.0002,0.0002,0.104,1.1182,7.9238,8.1482,97.7223,11.3691,118.77,
437,0.2296,0.913,1.6865,0.3719,1.5689,0.1821,1.8406,3.6044,0.0003,0.0002,0.1261,1.11,7.8321,8.0674,117.094,13.0534,139.962,
438,0.2202,0.9047,1.9008,0.374,1.6495,0.1814,1.8427,3.6831,0.0002,0.0002,0.1118,1.1199,8.1146,8.3388,110.733,18.906,139.543,
439,0.2248,0.9708,1.6225,0.3588,1.5676,0.1956,1.7988,3.5737,0.0003,0.0002,0.1134,1.1241,7.7818,8.0104,109.561,17.1464,136.25,
440,0.2374,0.4511,1.5868,0.3754,1.5489,0.2006,1.8024,3.5636,0.0003,0.0002,0.1182,1.1424,7.262,7.5049,103.747,11.4669,124.232,
441,0.2194,0.9757,1.9111,0.3787,1.5854,0.1763,1.8419,3.6123,0.0003,0.0002,0.124,1.1531,8.1731,8.3964,109.017,20.6768,139.691,
442,0.2227,0.896,1.711,0.3844,1.5723,0.1687,1.8076,3.5592,0.0003,0.0002,0.1153,1.1518,7.8331,8.0594,117.497,11.3393,138.456,
443,0.2183,0.906,1.9133,0.3868,1.5709,0.2236,1.8248,3.6274,0.0003,0.0002,0.1058,1.1247,8.0898,8.3123,97.8548,15.2988,123.096,
444,0.2302,1.0638,2.0852,0.3629,1.5645,0.1996,1.8364,3.613,0.0002,0.0002,0.109,1.1235,8.3779,8.612,105.597,12.8293,128.66,
445,0.2297,0.9124,1.8002,0.3683,1.5749,0.1866,1.8259,3.5975,0.0003,0.0001,0.1176,1.126,7.9419,8.1753,86.8548,11.3933,108.036,
446,0.2309,0.9689,1.9749,0.3851,1.5577,0.233,1.8102,3.6086,0.0003,0.0002,0.1092,1.14,8.2081,8.4429,104.243,11.3412,125.621,
447,0.2208,1.0909,1.689,0.3877,1.5659,0.1707,1.811,3.5519,0.0002,0.0002,0.1158,1.1828,8.0325,8.257,101.808,11.3085,122.984,
448,0.2338,0.4213,1.5808,0.3886,1.5771,0.1956,1.8198,3.6045,0.0002,0.0003,0.1258,1.1193,7.2658,7.5053,107.465,13.2633,129.71,
449,0.2203,0.9286,1.843,0.3588,1.5874,0.2163,1.8356,3.6486,0.0003,0.0002,0.1296,1.1359,8.0699,8.2945,98.4235,11.6414,119.956,
450,0.224,0.976,1.721,0.3883,1.58,0.2042,1.835,3.6306,0.0003,0.0002,0.1293,1.1226,7.9886,8.2164,112.853,18.8007,141.477,
451,0.2385,1.007,1.5847,0.3984,1.5727,0.2252,1.8235,3.628,0.0002,0.0001,0.118,1.1948,7.9506,8.1928,92.6981,20.125,122.597,
452,0.2196,0.9677,1.7931,0.3798,1.5865,0.1999,1.8528,3.6497,0.0002,0.0002,0.1073,1.1207,8.034,8.2573,110.121,20.5955,140.494,
453,0.2211,0.9681,1.8051,0.3826,1.5865,0.1712,1.816,3.5811,0.0002,0.0001,0.1064,1.1185,7.9829,8.2077,118.135,13.1993,141.153,
454,0.2337,0.8986,1.8277,0.368,1.5692,0.1805,1.8291,3.5872,0.0003,0.0002,0.1245,1.1262,7.9553,8.1929,114.398,19.7675,143.934,
455,0.2264,0.9611,1.862,0.3678,1.5761,0.1777,1.827,3.5914,0.0002,0.0002,0.1267,1.1274,8.0571,8.2875,110.674,20.2797,140.786,
456,0.2367,0.4168,1.568,0.3641,1.5582,0.2024,1.8331,3.6055,0.0003,0.0002,0.1407,1.1329,7.247,7.4895,102.151,11.2439,122.347,
457,0.2232,1.0714,1.6128,0.392,1.6081,0.1856,1.8323,3.6375,0.0002,0.0002,0.1077,1.1385,7.9802,8.2075,100.785,13.4834,124.073,
458,0.2228,0.9732,1.621,0.3956,1.5831,0.2419,1.8054,3.6465,0.0003,0.0002,0.1107,1.117,7.9028,8.1294,100.973,12.7046,123.383,
459,0.2189,0.9639,1.806,0.3862,1.5794,0.1787,1.7834,3.5476,0.0002,0.0002,0.11,1.1134,7.9476,8.1703,97.9596,13.4309,121.202,
460,0.2369,1.0037,1.7554,0.3613,1.6099,0.1713,1.8577,3.6479,0.0003,0.0002,0.1154,1.1454,8.0518,8.2929,112.297,19.5408,141.793,
461,0.2201,0.908,1.7343,0.3776,1.5697,0.2741,1.834,3.6887,0.0002,0.0002,0.1273,1.1106,7.9659,8.1896,109.602,20.1447,139.484,
462,0.2184,0.9575,1.7375,0.3686,1.6002,0.1902,1.8418,3.6422,0.0003,0.0002,0.1089,1.1267,7.9598,8.1824,103.858,16.1804,129.769,
463,0.2181,0.9106,1.8259,0.3772,1.5818,0.2186,1.833,3.6426,0.0002,0.0002,0.1143,1.1211,8.0105,8.2332,103.927,11.416,125.19,
464,0.236,0.4171,1.5884,0.3879,1.5779,0.1892,1.8463,3.6268,0.0003,0.0002,0.1289,1.1274,7.2981,7.5395,114.518,12.8846,136.431,
465,0.2256,1.0075,1.646,0.3813,1.5793,0.1786,1.8347,3.6029,0.0002,0.0001,0.1222,1.1247,7.902,8.1316,113.775,19.7963,143.303,
466,0.2185,0.9144,1.6055,0.3788,1.6144,0.19,1.8625,3.6791,0.0003,0.0002,0.111,1.1271,7.8349,8.0571,98.2764,20.3991,128.274,
467,0.2185,0.9007,1.8406,0.3585,1.5933,0.1935,1.8216,3.615,0.0002,0.0002,0.1413,1.1215,7.9993,8.2216,104.487,14.2701,128.535,
468,0.236,0.9064,1.861,0.3961,1.5714,0.2328,1.845,3.6563,0.0003,0.0001,0.1109,1.1425,8.0967,8.3417,96.9944,17.0621,124.024,
469,0.2251,0.9124,1.8016,0.3785,1.5661,0.2757,1.8136,3.6641,0.0003,0.0002,0.1201,1.1156,8.0102,8.2391,93.396,20.5807,123.785,
470,0.2198,0.9083,1.9044,0.3812,1.5873,0.1766,1.8177,3.5898,0.0003,0.0002,0.1144,1.1083,8.0264,8.25,109.042,17.3954,136.236,
471,0.2233,0.9151,1.6435,0.3764,1.5966,0.1899,1.8545,3.6513,0.0003,0.0002,0.1113,1.1304,7.8539,8.0813,97.2894,13.5501,120.47,
472,0.2286,0.4279,1.6487,0.3865,1.5713,0.1937,1.8123,3.5873,0.0002,0.0002,0.1145,1.1276,7.3155,7.5491,122.382,18.6797,150.09,
473,0.218,0.9799,1.9143,0.4355,1.5776,0.1902,1.7991,3.5715,0.0002,0.0002,0.1092,1.1436,8.1736,8.396,109.777,11.9157,131.625,
474,0.2386,0.916,1.9898,0.3953,1.5647,0.2402,1.8374,3.6513,0.0002,0.0001,0.1085,1.1345,8.2187,8.4619,109.757,16.9547,136.689,
475,0.2212,0.9104,1.7216,0.3972,1.5737,0.1955,1.8575,3.6415,0.0004,0.0002,0.1255,1.1119,7.9311,8.158,101.684,14.2529,125.665,
476,0.2182,0.9116,1.7822,0.383,1.5703,0.201,1.8543,3.6358,0.0002,0.0001,0.1147,1.1494,7.9988,8.2211,107.565,12.4845,129.814,
477,0.2193,0.8962,1.6325,0.3717,1.6082,0.168,1.8486,3.6354,0.0002,0.0002,0.1101,1.1323,7.8015,8.0245,102.149,13.4349,125.222,
478,0.2209,0.9319,1.6064,0.3717,1.5881,0.237,1.7921,3.626,0.0003,0.0001,0.115,1.1127,7.7918,8.0166,96.8119,13.2628,119.725,
479,0.2193,0.9127,1.7682,0.3792,1.5894,0.1784,1.8347,3.6147,0.0003,0.0002,0.1087,1.2069,8.0066,8.2297,120.172,13.6104,143.607,
480,0.2354,0.3222,1.5715,0.3784,1.5575,0.173,1.8277,3.5709,0.0004,0.0002,0.1368,1.0986,7.0985,7.339,113.035,11.7077,133.563,
481,0.2198,0.978,1.9062,0.3993,1.5925,0.1866,1.8356,3.6293,0.0003,0.0002,0.1234,1.12,8.1722,8.3958,100.684,13.5262,124.223,
482,0.2189,0.9643,1.7434,0.3749,1.5744,0.1945,1.8355,3.6153,0.0003,0.0001,0.1118,1.1504,7.9806,8.2031,105.23,19.789,134.854,
483,0.2188,0.9097,1.7388,0.3926,1.6095,0.1908,1.8273,3.6363,0.0002,0.0002,0.1151,1.1181,7.9333,8.1563,108.304,18.6399,136.651,
484,0.2257,0.9059,1.7962,0.4058,1.6012,0.1964,1.833,3.6446,0.0003,0.0002,0.1284,1.2025,8.1088,8.3383,110.646,11.9319,132.465,
485,0.2184,1.0487,1.7387,0.3968,1.5727,0.2194,1.8578,3.6576,0.0003,0.0002,0.1067,1.1215,8.0913,8.3134,106.252,20.0195,136.194,
486,0.2319,1.1376,1.7365,0.4646,1.5704,0.1793,1.8407,3.6002,0.0003,0.0002,0.1122,1.1252,8.1951,8.4312,123.746,17.9411,151.752,
487,0.2199,1.001,1.6582,0.3783,1.6124,0.1969,1.8193,3.6373,0.0002,0.0002,0.1084,1.1171,7.9186,8.1426,112.58,19.9482,142.197,
488,0.2368,0.4593,1.5644,0.3836,1.5667,0.1912,1.8249,3.5939,0.0003,0.0001,0.1158,1.1214,7.2622,7.5042,114.838,13.4953,137.345,
489,0.2189,0.9227,1.5972,0.3834,1.5854,0.2217,1.8373,3.6521,0.0003,0.0002,0.1162,1.1202,7.8109,8.0337,110.858,16.1414,136.63,
490,0.2184,0.9105,1.7901,0.3796,1.5762,0.1912,1.8354,3.6139,0.0002,0.0002,0.1308,1.111,7.9525,8.1751,110.616,11.7087,132.087,
491,0.2182,0.956,1.665,0.375,1.601,0.1965,1.841,3.6483,0.0003,0.0002,0.1118,1.1192,7.8936,8.1156,101.167,13.1045,124.008,
492,0.2219,0.9113,1.682,0.383,1.7186,0.1877,1.8308,3.747,0.0003,0.0002,0.107,1.1147,7.9618,8.1871,113.595,19.6522,143.026,
493,0.2203,0.9077,1.9013,0.3655,1.5885,0.1848,1.8418,3.6214,0.0002,0.0002,0.1137,1.1309,8.0629,8.2871,118.378,19.9095,148.138,
494,0.2196,0.9043,1.588,0.379,1.6146,0.1854,1.8461,3.6574,0.0004,0.0002,0.1251,1.1029,7.7739,7.9971,100.377,11.3501,121.294,
495,0.2196,0.9054,1.5936,0.3887,1.5916,0.1817,1.8435,3.6221,0.0003,0.0001,0.1081,1.1204,7.7601,7.9843,106.61,18.5383,134.71,
496,0.2354,0.4815,1.5603,0.3833,1.5682,0.1798,1.8284,3.5855,0.0003,0.0002,0.118,1.1328,7.2866,7.5284,100.452,13.0669,122.565,
497,0.221,0.9758,1.8831,0.3897,1.5909,0.181,1.8586,3.6424,0.0003,0.0002,0.1205,1.1148,8.1454,8.3721,108.61,13.7508,132.354,
498,0.2288,1.2052,1.5979,0.3652,1.5879,0.1864,1.8277,3.6102,0.0003,0.0002,0.111,1.1222,8.0363,8.2694,116.031,13.9996,139.908,
499,0.2247,0.8983,1.7181,0.3731,1.5878,0.2331,1.8538,3.6836,0.0003,0.0002,0.2055,1.1205,8.0226,8.2512,108.402,16.7674,134.991,
500,0.2339,0.9012,1.7675,0.3668,1.593,0.2109,1.8598,3.6731,0.0003,0.0002,0.1107,1.12,7.957,8.1944,97.8356,12.4517,120.098,
501,0.2192,0.963,1.6241,0.3859,1.5948,0.2315,1.862,3.698,0.0003,0.0002,0.1289,1.1184,7.9389,8.1622,102.594,19.9509,132.32,
502,0.2291,0.9766,1.6911,0.4047,1.5931,0.1777,1.8436,3.6238,0.0002,0.0002,0.1078,1.1213,7.9521,8.1852,101.895,13.1655,124.762,
503,0.2195,0.9104,1.6613,0.3818,1.5862,0.225,1.7893,3.6078,0.0003,0.0002,0.1163,1.1068,7.8007,8.0241,121.266,20.0015,150.871,
504,0.2292,0.4252,1.5949,0.3836,1.593,0.181,1.8331,3.6158,0.0004,0.0002,0.1287,1.1302,7.3069,7.5411,103.377,12.1767,124.556,
505,0.2215,0.9836,1.9256,0.3762,1.6076,0.1922,1.8674,3.6727,0.0002,0.0001,0.1064,1.2484,8.3305,8.5562,103.493,19.8987,133.544,
506,0.2361,0.909,1.9555,0.408,1.6373,0.1791,1.8747,3.7009,0.0002,0.0001,0.1281,1.1176,8.2394,8.4795,118.461,14.8521,143.364,
507,0.2329,0.438,1.5782,0.5,1.5863,0.2202,1.8338,3.65,0.0003,0.0002,0.1147,1.1205,7.42,7.657,105.743,11.4995,126.563,
508,0.2197,1.0234,1.7604,0.3947,1.59,0.2282,1.8287,3.657,0.0003,0.0002,0.1148,1.1118,8.0804,8.3038,110.63,11.6782,132.268,
509,0.2225,0.9453,1.6802,0.3727,1.6003,0.1796,1.8382,3.6254,0.0002,0.0002,0.1093,1.1189,7.8714,8.0981,100.808,11.2865,121.812,
510,0.2195,1.0078,1.7404,0.3573,1.6133,0.228,1.8618,3.7118,0.0003,0.0002,0.1242,1.1083,8.0702,8.2934,110.585,13.402,133.879,
511,0.2199,1.0312,1.6899,0.4021,1.6091,0.1822,1.8523,3.657,0.0003,0.0001,0.1079,1.1142,8.0241,8.2479,125.456,16.3818,151.717,
512,0.2362,0.4185,1.5836,0.399,1.5886,0.2256,1.8283,3.6509,0.0002,0.0001,0.1228,1.13,7.3305,7.5722,102.726,18.3681,130.152,
513,0.2352,0.9751,1.9517,0.3555,1.5877,0.2168,1.8559,3.6645,0.0003,0.0002,0.1052,1.114,8.1855,8.4249,110.393,20.2176,140.627,
514,0.2232,1.0445,1.6349,0.3786,1.6051,0.2319,1.8413,3.6877,0.0003,0.0002,0.1144,1.2191,8.0949,8.3222,121.057,17.8319,148.737,
515,0.2208,0.9161,1.6893,0.3876,1.6183,0.2424,1.8699,3.7416,0.0003,0.0002,0.1148,1.1181,7.9871,8.2119,122.674,18.6349,151.101,
516,0.2279,0.8938,1.7806,0.3988,1.636,0.2369,1.8477,3.7292,0.0003,0.0002,0.1231,1.11,8.055,8.2867,108.502,11.4372,129.776,
517,0.2194,0.9584,1.9268,0.3879,1.5998,0.1898,1.8708,3.6686,0.0003,0.0002,0.1065,1.1175,8.1901,8.4134,105.365,13.2828,128.694,
518,0.2317,0.9042,1.6033,0.364,1.5989,0.1872,1.8331,3.6315,0.0002,0.0002,0.113,1.1308,7.7688,8.0046,104.214,13.9872,127.814,
519,0.2206,0.9613,1.9204,0.3711,1.5905,0.2448,1.8438,3.6874,0.0003,0.0002,0.1133,1.1375,8.212,8.4364,108.774,16.3302,135.132,
