0,0.0064,0.1858,0.6069,0.055,0.0031,0.2274,0.0001,0.06,0.1147,0.0002,0.1769,0.6574,0.1034,1.5751,3.2705,0.5008,5.4015,
1,0.0067,0.2244,0.5627,0.0544,0.002,0.2815,0.0001,0.0671,0.11,0.0003,0.1632,0.6954,0.1152,1.6189,3.2029,0.5021,5.3933,
2,0.006,0.284,0.5877,0.0488,0.005,0.2601,0.0001,0.0637,0.1092,0.0002,0.1746,0.6785,0.128,1.6983,3.2583,0.5026,5.5261,
3,0.0058,0.2089,0.6146,0.0498,0.0019,0.2564,0.0001,0.0722,0.1159,0.0002,0.1786,0.6902,0.1267,1.6588,2.9123,0.5075,5.146,
4,0.0062,0.2192,0.5758,0.0641,0.0019,0.2313,0.0001,0.0641,0.1073,0.0002,0.1633,0.6488,0.1168,1.5812,3.087,0.4293,5.165,
5,0.0059,0.2156,0.5748,0.0457,0.0017,0.2416,0.0001,0.0607,0.1089,0.0002,0.1643,0.6373,0.112,1.5592,2.7537,0.4216,4.8036,
6,0.006,0.2058,0.5722,0.0477,0.0037,0.2202,0.0001,0.0654,0.1245,0.0002,0.1752,0.6498,0.1121,1.5532,2.7668,0.5376,4.9265,
7,0.0061,0.2064,0.5387,0.0549,0.0043,0.2649,0.0001,0.0553,0.1598,0.0002,0.1487,0.6999,0.1254,1.5844,3.083,0.5559,5.2947,
8,0.0062,0.2752,0.5933,0.0627,0.0044,0.278,0.0001,0.0575,0.1092,0.0003,0.1565,0.687,0.1145,1.6901,3.3906,0.5891,5.7449,
9,0.006,0.2083,0.5639,0.0575,0.0042,0.3044,0,0.1919,0.1287,0.0002,0.1884,0.8932,0.1269,1.8114,3.2602,0.5415,5.6933,
10,0.006,0.2134,0.5753,0.0565,0.0019,0.2885,0.0001,0.0569,0.1107,0.0002,0.1677,0.6996,0.116,1.6201,3.2733,0.5731,5.5411,
11,0.006,0.2126,0.5299,0.0579,0.0048,0.2665,0.0001,0.0618,0.1249,0.0003,0.1727,0.7055,0.1054,1.5719,3.3225,0.4463,5.4161,
12,0.0064,0.2054,0.5964,0.0579,0.0039,0.2289,0,0.0619,0.1344,0.0002,0.1828,0.6854,0.1164,1.6203,2.2798,0.4672,4.453,
13,0.0064,0.2123,0.5834,0.0521,0.0036,0.3477,0.0002,0.0677,0.1151,0.0002,0.1612,0.7663,0.0999,1.6781,3.3286,0.5699,5.6502,
14,0.0067,0.1904,0.5389,0.0558,0.0016,0.2798,0.0001,0.0663,0.1133,0.0002,0.1565,0.6895,0.1173,1.5509,3.545,0.5372,5.7064,
15,0.0059,0.2117,0.5452,0.0524,0.0019,0.2734,0.0001,0.0615,0.1208,0.0002,0.1599,0.6855,0.0979,1.5573,3.5531,0.5969,5.7888,
16,0.0064,0.0959,0.5664,0.0552,0.0043,0.2204,0.0001,0.0608,0.1211,0.0002,0.1666,0.6443,0.1109,1.4389,3.544,0.5593,5.6181,
17,0.0062,0.2152,0.5641,0.0548,0.0016,0.2987,0.0001,0.0564,0.1234,0.0002,0.1604,0.7123,0.1102,1.6171,3.4085,0.4953,5.6003,
18,0.006,0.2232,0.5334,0.0515,0.0015,0.2691,0.0001,0.0527,0.133,0.0002,0.1893,0.7086,0.1173,1.5996,3.5077,0.5622,5.7412,
19,0.0061,0.2029,0.5736,0.0621,0.0021,0.2887,0.0001,0.0589,0.1337,0.0003,0.1613,0.7256,0.1016,1.6215,3.0422,0.4197,5.1596,
20,0.0061,0.1989,0.5452,0.0532,0.0043,0.3337,0.0001,0.061,0.1356,0.0002,0.1702,0.7722,0.115,1.6476,3.5826,0.5823,5.8862,
21,0.0063,0.2116,0.5503,0.0569,0.0018,0.3108,0.0001,0.0689,0.1557,0.0002,0.1678,0.7775,0.1143,1.6722,3.6547,0.5412,5.9403,
22,0.0058,0.2079,0.5537,0.0499,0.0032,0.2955,0.0001,0.0634,0.1377,0.0002,0.1583,0.7233,0.124,1.6243,3.2249,0.4168,5.3395,
23,0.0062,0.204,0.5302,0.0572,0.0019,0.2435,0.0001,0.0679,0.16,0.0003,0.187,0.7378,0.1193,1.6055,3.8078,0.5704,6.0583,
24,0.0071,0.185,0.5753,0.0603,0.0049,0.3074,0.0001,0.0566,0.1276,0.0002,0.1592,0.736,0.1126,1.6286,3.937,0.5662,6.2126,
25,0.0061,0.2156,0.5741,0.0495,0.0016,0.2887,0,0.0525,0.1365,0.0002,0.1602,0.6982,0.1021,1.6023,3.7635,0.4872,5.9246,
26,0.0059,0.2164,0.5424,0.0508,0.0014,0.2797,0.0001,0.0608,0.1382,0.0002,0.1648,0.7042,0.1176,1.5922,3.2942,0.4919,5.448,
27,0.0063,0.1979,0.5122,0.0514,0.0031,0.286,0,0.0516,0.1417,0.0002,0.1634,0.7053,0.108,1.5353,3.3219,0.4959,5.4224,
28,0.0059,0.1985,0.5076,0.0518,0.0014,0.3826,0.0001,0.0529,0.1402,0.0002,0.1562,0.7933,0.1099,1.6209,3.8247,0.5781,6.0944,
29,0.0058,0.2001,0.528,0.0584,0.002,0.3019,0.0001,0.0534,0.1493,0.0002,0.1557,0.7308,0.1163,1.5911,3.5044,0.5869,5.7538,
30,0.006,0.2111,0.5369,0.0516,0.0015,0.2997,0.0001,0.0547,0.1481,0.0002,0.1729,0.7371,0.1012,1.5984,4.0668,0.5701,6.306,
31,0.0061,0.2117,0.5567,0.0526,0.0036,0.2407,0.0001,0.0512,0.1461,0.0001,0.1564,0.6618,0.1017,1.5443,3.533,0.5072,5.6528,
32,0.0064,0.177,0.5911,0.0549,0.0022,0.2957,0.0001,0.0628,0.1342,0.0003,0.1616,0.7291,0.1035,1.6188,4.2401,0.5635,6.4992,
33,0.0063,0.2127,0.5657,0.0585,0.0039,0.2904,0.0001,0.0686,0.1506,0.0003,0.1715,0.7645,0.1129,1.6703,4.3378,0.5402,6.6743,
34,0.0065,0.2136,0.551,0.0579,0.0018,0.297,0.0001,0.0567,0.1369,0.0002,0.1727,0.7352,0.1098,1.6252,4.3678,0.5439,6.6101,
35,0.0059,0.2932,0.5574,0.0546,0.0019,0.2913,0.0001,0.0656,0.1401,0.0002,0.1688,0.7341,0.1056,1.7054,4.4088,0.6055,6.7909,
36,0.0057,0.2199,0.5585,0.0559,0.002,0.3101,0.0001,0.0734,0.144,0.0003,0.1811,0.7919,0.1052,1.6947,3.7903,0.4559,6.0123,
37,0.006,0.202,0.5749,0.0534,0.0019,0.3195,0.0001,0.0645,0.145,0.0003,0.164,0.7631,0.113,1.6692,4.5327,0.6394,6.9147,
38,0.0059,0.2148,0.5567,0.0464,0.0016,0.2797,0,0.0517,0.1518,0.0002,0.1644,0.7046,0.1065,1.597,4.5734,0.6426,6.8809,
39,0.006,0.2078,0.5137,0.0508,0.0014,0.2888,0,0.0509,0.1317,0.0001,0.1746,0.7065,0.1063,1.546,3.8977,0.5341,6.0457,
40,0.007,0.1561,0.6157,0.0565,0.0054,0.2962,0.0002,0.0654,0.124,0.0002,0.1541,0.7217,0.1205,1.6332,4.345,0.5546,6.6108,
41,0.0061,0.2153,0.5844,0.0558,0.0052,0.316,0.0001,0.067,0.1415,0.0002,0.1681,0.7692,0.1177,1.7045,4.2111,0.5681,6.5608,
42,0.0063,0.2032,0.5851,0.0518,0.0046,0.3141,0.0001,0.0575,0.1415,0.0003,0.1724,0.7575,0.1086,1.67,4.9484,0.6635,7.3584,
43,0.0061,0.226,0.5705,0.0499,0.004,0.283,0.0001,0.0623,0.1481,0.0001,0.1636,0.7244,0.1165,1.6535,4.0669,0.5665,6.3563,
44,0.0059,0.2049,0.5731,0.0626,0.0039,0.2936,0.0001,0.0547,0.1401,0.0002,0.1733,0.7453,0.1075,1.649,4.142,0.6601,6.5209,
45,0.0059,0.2225,0.5816,0.0586,0.0022,0.2939,0.0001,0.0578,0.1375,0.0002,0.1639,0.7298,0.1192,1.67,4.9676,0.6654,7.3739,
46,0.0063,0.2009,0.555,0.0554,0.0017,0.2956,0.0001,0.056,0.1349,0.0002,0.1614,0.72,0.1153,1.6084,4.6098,0.4849,6.7732,
47,0.0061,0.2034,0.5647,0.0567,0.0023,0.3168,0.0002,0.0629,0.1387,0.0002,0.1665,0.7673,0.1013,1.6511,4.2011,0.578,6.4992,
48,0.0066,0.1802,0.5936,0.0559,0.0044,0.3258,0.0001,0.0641,0.1265,0.0001,0.1619,0.7552,0.1138,1.6628,4.9963,0.6647,7.3988,
49,0.0064,0.2136,0.5777,0.0504,0.002,0.2902,0.0001,0.1833,0.1417,0.0002,0.1636,0.8501,0.12,1.78,4.9557,0.6766,7.481,
50,0.0066,0.2097,0.6488,0.0588,0.0019,0.2892,0.0001,0.0577,0.1246,0.0003,0.1748,0.7238,0.1129,1.7165,4.3241,0.6566,6.7662,
51,0.0057,0.211,0.5604,0.0527,0.0023,0.2981,0.0001,0.065,0.1382,0.0002,0.1615,0.7352,0.1027,1.6268,4.9688,0.6832,7.3468,
52,0.0059,0.2106,0.6648,0.0576,0.0036,0.2964,0.0001,0.059,0.136,0.0002,0.1766,0.7434,0.1121,1.7475,4.5648,0.5814,6.969,
53,0.006,0.2091,0.6436,0.0576,0.002,0.3055,0.0002,0.0688,0.1353,0.0002,0.1616,0.7471,0.102,1.7153,4.9257,0.6683,7.3806,
54,0.006,0.2894,0.5684,0.0547,0.0017,0.2979,0.0001,0.0575,0.1399,0.0002,0.1779,0.7448,0.112,1.7311,4.9987,0.6157,7.4198,
55,0.0061,0.1911,0.5456,0.0595,0.0038,0.2793,0.0001,0.0586,0.1369,0.0003,0.1686,0.7224,0.1117,1.5888,5.0399,0.6707,7.3717,
56,0.0061,0.1777,0.5786,0.062,0.002,0.3093,0.0001,0.0633,0.1261,0.0003,0.165,0.7459,0.108,1.6287,4.9677,0.654,7.3281,
57,0.0063,0.2216,0.6002,0.0717,0.0022,0.2852,0.0001,0.0546,0.1268,0.0002,0.183,0.7381,0.134,1.714,5.0294,0.6808,7.5005,
58,0.0067,0.2169,0.5454,0.0514,0.0018,0.2903,0,0.0689,0.1353,0.0002,0.1589,0.7174,0.109,1.6027,4.9453,0.5954,7.2209,
59,0.0064,0.2096,0.5299,0.0505,0.0014,0.2703,0,0.0735,0.1285,0.0002,0.1751,0.7101,0.1078,1.5709,4.8007,0.5797,7.0262,
60,0.0064,0.2095,0.5504,0.0516,0.0017,0.2654,0.0001,0.0589,0.1215,0.0002,0.1617,0.6714,0.1008,1.5473,4.9283,0.66,7.2091,
61,0.0065,0.2059,0.5299,0.0512,0.0016,0.2822,0,0.0582,0.1367,0.0002,0.1643,0.7043,0.108,1.5622,4.8627,0.6817,7.1835,
62,0.0059,0.2178,0.5626,0.0578,0.0038,0.2755,0,0.0576,0.1371,0.0002,0.1639,0.7121,0.1117,1.6209,5.0719,0.6035,7.3677,
63,0.0061,0.2136,0.5782,0.0514,0.0017,0.2957,0.0002,0.0737,0.1421,0.0003,0.2737,0.8594,0.1143,1.7812,5.0398,0.6672,7.5613,
64,0.0062,0.1458,0.5685,0.0557,0.0022,0.2875,0.0001,0.0648,0.1126,0.0002,0.1622,0.7024,0.1103,1.5462,5.1786,0.6608,7.4638,
65,0.0069,0.2238,0.5757,0.0528,0.0016,0.309,0.0001,0.0602,0.1335,0.0003,0.1679,0.7443,0.1129,1.678,4.5103,0.5902,6.8531,
66,0.0063,0.2002,0.5762,0.0593,0.005,0.275,0.0001,0.0584,0.1249,0.0002,0.1817,0.72,0.1097,1.6262,4.4641,0.5909,6.7497,
67,0.0062,0.2025,0.5367,0.0539,0.0039,0.2865,0.0001,0.0629,0.1327,0.0002,0.1631,0.7154,0.1209,1.5882,4.2198,0.6532,6.5289,
68,0.0062,0.2091,0.5839,0.0558,0.0016,0.2471,0.0001,0.055,0.1461,0.0002,0.1599,0.6829,0.0997,1.5944,4.7725,0.5957,7.0356,
69,0.0062,0.2192,0.5698,0.0548,0.0018,0.2929,0.0001,0.0662,0.1214,0.0002,0.1753,0.7264,0.1171,1.6466,4.507,0.681,6.9062,
70,0.0063,0.2065,0.5665,0.0537,0.0037,0.2722,0,0.0644,0.1265,0.0002,0.1692,0.7034,0.1163,1.6062,4.8338,0.6006,7.1133,
71,0.0063,0.208,0.5587,0.0545,0.0035,0.2787,0.0001,0.0525,0.1251,0.0003,0.1691,0.6994,0.116,1.5989,5.1599,0.666,7.5,
72,0.0074,0.1803,0.577,0.0572,0.0021,0.2842,0.0001,0.0572,0.1153,0.0002,0.1779,0.706,0.1063,1.5896,4.8824,0.6752,7.2268,
73,0.006,0.2182,0.5483,0.0536,0.0034,0.2749,0.0001,0.0633,0.1372,0.0003,0.1716,0.7199,0.1098,1.6159,4.6807,0.6834,7.0502,
74,0.0057,0.2157,0.5709,0.0572,0.0042,0.2857,0,0.0585,0.1269,0.0002,0.1616,0.7089,0.1124,1.6225,4.5555,0.5907,6.8387,
75,0.0061,0.3037,0.5611,0.055,0.0042,0.2362,0,0.0588,0.1228,0.0002,0.1658,0.654,0.1114,1.6455,5.1077,0.6409,7.464,
76,0.0057,0.261,0.5506,0.0561,0.0038,0.2331,0.0001,0.0667,0.1331,0.0002,0.1591,0.6631,0.1093,1.598,5.1096,0.6196,7.3982,
77,0.0062,0.3189,0.5368,0.0531,0.0017,0.2752,0.0001,0.0573,0.127,0.0003,0.157,0.6835,0.109,1.6614,4.4131,0.6032,6.7508,
78,0.0066,0.2044,0.5623,0.0598,0.0049,0.2281,0.0001,0.0619,0.1301,0.0001,0.1789,0.6829,0.2163,1.6825,4.4263,0.5928,6.7725,
79,0.0062,0.2034,0.5372,0.0627,0.0041,0.2823,0,0.0553,0.1254,0.0002,0.1708,0.7182,0.1069,1.5804,4.5659,0.4721,6.6906,
80,0.0068,0.1898,0.6055,0.053,0.0022,0.2751,0.0001,0.0669,0.1199,0.0003,0.1748,0.711,0.1141,1.6384,4.7189,0.6804,7.1186,
81,0.0069,0.0852,0.6193,0.0553,0.0066,0.2382,0,0.0644,0.1317,0.0002,0.1629,0.6755,0.1246,1.5212,5.1484,0.6046,7.3445,
82,0.0065,0.2034,0.5484,0.0555,0.0042,0.2845,0.0001,0.0571,0.1239,0.0001,0.1628,0.6991,0.1118,1.5786,4.5311,0.5979,6.7787,
83,0.0063,0.2087,0.5742,0.0582,0.0021,0.2349,0.0001,0.06,0.125,0.0003,0.1805,0.6782,0.1107,1.5883,4.4542,0.5934,6.706,
84,0.0065,0.2124,0.5778,0.053,0.0053,0.2264,0.0001,0.0646,0.1268,0.0002,0.1714,0.6605,0.1125,1.5788,4.2407,0.6785,6.5683,
85,0.0059,0.1982,0.5232,0.0545,0.0021,0.2881,0,0.0592,0.1243,0.0002,0.1689,0.7079,0.1056,1.5499,3.7265,0.6273,5.9728,
86,0.0063,0.1997,0.6761,0.0574,0.0048,0.2657,0.0001,0.061,0.133,0.0002,0.1724,0.7086,0.1152,1.7126,5.0263,0.7803,7.5905,
87,0.0062,0.2038,0.548,0.0562,0.0042,0.2867,0,0.0665,0.1242,0.0002,0.1779,0.7311,0.1204,1.6213,4.6577,0.6312,6.9814,
88,0.0066,0.1914,0.5874,0.0532,0.002,0.2999,0.0001,0.0557,0.117,0.0001,0.1594,0.7067,0.1108,1.6164,5.1676,0.6258,7.4877,
89,0.0066,0.2202,0.5707,0.0677,0.0016,0.2709,0.0001,0.0542,0.1249,0.0002,0.1621,0.6908,0.1055,1.6066,4.6585,0.5806,6.9197,
90,0.0065,0.2109,0.5931,0.0525,0.0041,0.272,0.0001,0.0569,0.1246,0.0002,0.1906,0.7183,0.1064,1.6489,4.5414,0.6309,6.8952,
91,0.0059,0.2096,0.5677,0.0602,0.0038,0.2269,0.0001,0.0523,0.1256,0.0002,0.161,0.6461,0.1114,1.5522,4.4266,0.6199,6.6723,
92,0.0067,0.214,0.581,0.06,0.0036,0.2737,0.0001,0.0575,0.1255,0.0002,0.1659,0.7021,0.1096,1.6237,5.1647,0.6731,7.536,
93,0.006,0.2199,0.5614,0.0548,0.0022,0.2792,0.0001,0.0621,0.1238,0.0002,0.1631,0.7028,0.1189,1.6183,4.6782,0.5966,6.9657,
94,0.0064,0.2055,0.5693,0.0486,0.0015,0.2818,0,0.0538,0.1284,0.0002,0.1705,0.7004,0.1178,1.6092,5.0796,0.6199,7.382,
95,0.0067,0.2569,0.5567,0.0603,0.0058,0.2688,0.0001,0.0666,0.1405,0.0065,0.208,0.7718,0.1062,1.7108,5.0987,0.6579,7.5383,
96,0.0064,0.1797,0.6049,0.0592,0.0076,0.2365,0.0001,0.0609,0.1278,0.0002,0.1569,0.6714,0.1202,1.5969,5.1949,0.6513,7.5217,
97,0.0062,0.1007,0.5923,0.0541,0.0048,0.2941,0.0001,0.0728,0.1251,0.0059,0.1741,0.7491,0.108,1.5684,5.1266,0.5981,7.3657,
98,0.0064,0.2027,0.5425,0.057,0.007,0.2844,0,0.058,0.1266,0.005,0.1702,0.7208,0.123,1.6029,5.0409,0.6591,7.375,
99,0.0058,0.2182,0.5465,0.0561,0.0017,0.2684,0.0001,0.0658,0.1293,0.0081,0.1748,0.7195,0.1139,1.6142,5.0021,0.5779,7.265,
100,0.0056,0.2084,0.5672,0.0518,0.0019,0.2156,0.0001,0.0526,0.1304,0.0001,0.1605,0.6242,0.1169,1.5301,4.46,0.6184,6.6806,
101,0.0065,0.209,0.5594,0.0521,0.0035,0.2833,0.0001,0.0643,0.1265,0.0002,0.1613,0.7018,0.1082,1.5929,4.8775,0.6765,7.228,
102,0.0059,0.2257,0.601,0.0551,0.0068,0.2781,0.0001,0.0633,0.1397,0.0002,0.1727,0.7377,0.1105,1.7058,4.9206,0.6121,7.3129,
103,0.006,0.2082,0.5867,0.0515,0.0036,0.2414,0.0001,0.0664,0.1273,0.0002,0.1659,0.6664,0.1027,1.5805,4.4187,0.5883,6.6643,
104,0.0063,0.1758,0.586,0.0564,0.0076,0.2658,0.0002,0.0669,0.1164,0.0003,0.1712,0.7083,0.1184,1.6092,4.155,0.5757,6.411,
105,0.0059,0.2084,0.579,0.0588,0.0041,0.2814,0.0001,0.0726,0.1378,0.0002,0.1686,0.737,0.1257,1.6646,4.5965,0.5871,6.9219,
106,0.0058,0.217,0.5672,0.054,0.0019,0.282,0.0001,0.0563,0.1261,0.0002,0.1653,0.6977,0.1158,1.6115,4.4035,0.6311,6.7199,
107,0.006,0.208,0.5341,0.0516,0.0033,0.2402,0.0001,0.0545,0.1117,0.0002,0.1675,0.6425,0.1118,1.5088,4.5945,0.6822,6.856,
108,0.0057,0.2222,0.5486,0.0554,0.0016,0.2761,0.0001,0.0556,0.1238,0.0001,0.1725,0.6939,0.1213,1.6003,4.2564,0.5894,6.5152,
109,0.0063,0.204,0.5167,0.0568,0.0033,0.2171,0.0001,0.0684,0.1245,0.0001,0.1593,0.6378,0.1093,1.48,4.7153,0.6113,6.8771,
110,0.0056,0.2141,0.54,0.058,0.0014,0.2328,0.0001,0.0571,0.1265,0.0002,0.1621,0.6501,0.1102,1.5293,4.8973,0.6555,7.1557,
111,0.0057,0.221,0.5793,0.055,0.002,0.2802,0.0001,0.0545,0.1383,0.0001,0.1633,0.7049,0.1153,1.6374,4.3386,0.5282,6.5762,
112,0.0064,0.2179,0.6093,0.1044,0.0021,0.2287,0.0001,0.0577,0.1184,0.0002,0.1731,0.6964,0.113,1.6559,5.1943,0.6221,7.5457,
113,0.0062,0.2266,0.6903,0.059,0.0018,0.2205,0,0.0893,0.1531,0.0002,0.1673,0.7049,0.1102,1.7462,4.603,0.5598,6.9824,
114,0.0061,0.3353,0.5437,0.0459,0.0016,0.2072,0.0001,0.0582,0.1327,0.0002,0.1745,0.6392,0.0991,1.6339,4.8278,0.6282,7.1647,
115,0.0063,0.1759,0.6144,0.0506,0.0052,0.2438,0.0001,0.0608,0.1353,0.0002,0.1821,0.6963,0.1169,1.6193,5.168,0.6682,7.5278,
116,0.0066,0.2027,0.5766,0.0559,0.0018,0.2849,0.0001,0.0629,0.1279,0.0002,0.1776,0.7247,0.1118,1.6316,5.0605,0.663,7.4271,
117,0.0058,0.2054,0.5608,0.0485,0.002,0.2304,0.0001,0.0645,0.1279,0.0002,0.164,0.6541,0.1176,1.5521,4.7783,0.6365,7.0369,
118,0.0061,0.2063,0.5682,0.06,0.0043,0.2295,0.0001,0.0634,0.1334,0.0002,0.1708,0.6795,0.1152,1.5827,4.871,0.5751,7.1003,
119,0.006,0.2245,0.5729,0.0572,0.0038,0.2287,0.0001,0.0542,0.1359,0.0001,0.1708,0.6656,0.1128,1.5934,4.4128,0.6171,6.695,
120,0.0064,0.1764,0.562,0.0596,0.0041,0.2444,0.0001,0.0555,0.1176,0.0002,0.1595,0.6576,0.1041,1.5188,4.8012,0.6295,7.0304,
121,0.0067,0.2247,0.589,0.056,0.0045,0.2982,0.0001,0.0777,0.1285,0.0002,0.1811,0.7682,0.1069,1.708,5.322,0.6207,7.7267,
122,0.0059,0.2058,0.5764,0.0524,0.0039,0.2316,0.0001,0.0675,0.1347,0.0002,0.1618,0.6659,0.1136,1.5781,4.5424,0.573,6.768,
123,0.0061,0.2229,0.5415,0.0519,0.0017,0.2534,0.0001,0.0566,0.1236,0.0001,0.1725,0.6761,0.1169,1.5753,4.2792,0.6121,6.5396,
124,0.0061,0.2098,0.5707,0.052,0.0046,0.2425,0,0.0578,0.1267,0.0002,0.167,0.665,0.1121,1.5748,4.89,0.5279,7.0641,
125,0.0063,0.2179,0.5373,0.0513,0.0019,0.2631,0.0001,0.0534,0.1304,0.0002,0.1642,0.6756,0.1135,1.5588,4.7929,0.564,6.9874,
126,0.0062,0.2015,0.5645,0.0537,0.0037,0.2177,0,0.0583,0.1222,0.0003,0.189,0.6563,0.1135,1.5504,5.087,0.6246,7.336,
127,0.0063,0.2695,0.5459,0.0455,0.0019,0.2403,0,0.0536,0.1236,0.0003,0.1815,0.664,0.1226,1.6168,5.0107,0.6055,7.3106,
128,0.0063,0.181,0.5863,0.0544,0.0023,0.2431,0,0.0636,0.1143,0.0003,0.1551,0.6511,0.115,1.5528,4.5915,0.5776,6.7979,
129,0.0066,0.2848,0.6419,0.0681,0.0072,0.2528,0.0001,1.7834,0.1269,0.0002,0.1661,2.4245,0.1214,3.4889,4.071,0.5901,8.2273,
130,0.0066,0.21,0.5932,0.0562,0.0042,0.2383,0.0001,0.0678,0.1258,0.0002,0.1699,0.6798,0.1093,1.6076,4.8343,0.556,7.0744,
131,0.0061,0.2026,0.5797,0.0542,0.0039,0.2193,0,0.0542,0.1354,0.0002,0.1656,0.6474,0.1218,1.5706,4.1484,0.563,6.3539,
132,0.0064,0.2023,0.5878,0.0524,0.0041,0.2328,0.0001,0.0576,0.1331,0.0002,0.1716,0.6673,0.1109,1.5875,4.9052,0.6394,7.2049,
133,0.0064,0.1818,0.5813,0.0535,0.0031,0.2505,0.0001,0.0571,0.1253,0.0002,0.1758,0.6807,0.1132,1.5723,4.6081,0.6003,6.8544,
134,0.0063,0.2112,0.576,0.0529,0.0017,0.232,0.0001,0.0552,0.1314,0.0002,0.1693,0.6564,0.1196,1.5819,4.1999,0.6466,6.5028,
135,0.0061,0.2026,0.5442,0.0575,0.004,0.263,0.0001,0.0527,0.1281,0.0002,0.161,0.6781,0.1116,1.5538,4.7071,0.6234,6.9896,
136,0.0062,0.0863,0.5643,0.0539,0.002,0.2325,0.0001,0.0567,0.1126,0.0002,0.1712,0.6459,0.1225,1.4389,4.5214,0.6369,6.677,
137,0.0064,0.383,0.5857,0.0548,0.0044,0.3061,0.0001,0.0614,0.1265,0.0002,0.1655,0.738,0.1121,1.8352,4.7412,0.5697,7.2227,
138,0.006,0.2098,0.5589,0.0532,0.0015,0.216,0.0001,0.0525,0.1267,0.0002,0.177,0.6361,0.1089,1.5262,4.8094,0.6199,7.0258,
139,0.0058,0.1982,0.5186,0.0514,0.0014,0.2151,0,0.0664,0.1204,0.0001,0.1654,0.6287,0.1087,1.4658,4.799,0.6027,6.9407,
140,0.0057,0.2094,0.582,0.055,0.0043,0.29,0.0001,0.0675,0.1322,0.0002,0.1839,0.7453,0.1164,1.6727,4.2378,0.5833,6.5646,
141,0.0063,0.2056,0.562,0.0544,0.0021,0.2252,0.0001,0.0619,0.122,0.0002,0.1652,0.6456,0.1141,1.546,4.405,0.5965,6.6179,
142,0.006,0.2028,0.6103,0.0645,0.0019,0.2293,0.0001,0.0653,0.1347,0.0002,0.1729,0.6845,0.125,1.6421,4.3558,0.5601,6.6341,
143,0.0062,0.2041,0.5842,0.0525,0.0038,0.2892,0,0.052,0.1258,0.0002,0.1701,0.712,0.1211,1.6372,4.7512,0.5091,6.9723,
144,0.0063,0.1758,0.6248,0.0594,0.002,0.2391,0.0001,0.065,0.1173,0.0002,0.1749,0.6745,0.1078,1.604,4.8934,0.6562,7.2311,
145,0.0062,0.2099,0.5897,0.0559,0.0067,0.2877,0,0.0622,0.1324,0.0002,0.1782,0.7417,0.1059,1.6675,4.6576,0.5366,6.9388,
146,0.006,0.2133,0.5532,0.0588,0.0041,0.235,0.0001,0.0572,0.1235,0.0001,0.163,0.6534,0.1059,1.5435,4.4478,0.3804,6.4456,
147,0.0059,0.2117,0.5652,0.0584,0.0042,0.2227,0.0001,0.0634,0.122,0.0002,0.1613,0.6496,0.1098,1.555,4.7176,0.6039,6.9496,
148,0.006,0.2723,0.5692,0.0528,0.002,0.235,0.0001,0.062,0.1289,0.0002,0.1828,0.6794,0.1087,1.6452,4.5328,0.5825,6.8316,
149,0.0058,0.212,0.5489,0.0579,0.0019,0.2253,0.0001,0.0525,0.1363,0.0002,0.1738,0.6646,0.12,1.5616,5.0723,0.6034,7.3106,
150,0.0061,0.2048,0.5574,0.0541,0.0022,0.2496,0.0001,0.0647,0.1254,0.0001,0.1683,0.6769,0.1141,1.5696,4.2516,0.5109,6.4076,
151,0.006,0.2108,0.5621,0.0529,0.0015,0.2423,0.0001,0.0644,0.1294,0.0002,0.1668,0.674,0.1216,1.5892,4.7457,0.6364,7.0461,
152,0.0061,0.1795,0.5707,0.1457,0.002,0.2391,0.0001,0.054,0.1176,0.0002,0.1554,0.7282,0.1138,1.6094,4.6416,0.5542,6.8777,
153,0.0066,0.2192,0.5627,0.177,0.0016,0.2873,0.0001,0.0561,0.124,0.0002,0.1707,0.8289,0.1192,1.7448,4.2259,0.6113,6.6584,
154,0.0059,0.2078,0.5577,0.0553,0.0016,0.251,0,0.1677,0.1148,0.0002,0.1652,0.7671,0.1029,1.6491,4.4281,0.51,6.662,
155,0.0059,0.2,0.5391,0.0559,0.0018,0.2164,0,0.063,0.12,0.0002,0.1756,0.6441,0.2028,1.6005,3.9551,0.3972,6.0337,
156,0.0063,0.2285,0.5867,0.0598,0.0043,0.2531,0.0001,0.0715,0.1289,0.0002,0.203,0.7375,0.1261,1.7008,4.5961,0.5169,6.8923,
157,0.006,0.215,0.5574,0.0508,0.0019,0.2238,0,0.0639,0.1262,0.0002,0.1602,0.6399,0.1146,1.544,4.3865,0.5781,6.5861,
158,0.0065,0.2204,0.5638,0.0575,0.007,0.2395,0.0001,0.07,0.1309,0.0001,0.1614,0.6871,0.113,1.6026,4.9092,0.6377,7.2248,
159,0.0063,0.213,0.533,0.0513,0.0015,0.2068,0,0.0652,0.1297,0.0002,0.16,0.6237,0.1197,1.5024,5.1372,0.6645,7.3754,
160,0.0068,0.1836,0.5702,0.045,0.0026,0.2712,0.0001,0.0637,0.1118,0.0002,0.1813,0.6951,0.1272,1.5976,4.9482,0.6215,7.2447,
161,0.0065,0.133,0.5948,0.0548,0.0022,0.2354,0.0001,0.0629,0.1144,0.0002,0.166,0.652,0.1036,1.5014,4.7828,0.6293,6.9861,
162,0.0057,0.2164,0.5755,0.0521,0.0049,0.2258,0.0001,0.0639,0.1342,0.0002,0.1726,0.6693,0.1123,1.5903,4.0898,0.5042,6.2585,
163,0.0065,0.2018,0.5439,0.0562,0.0039,0.2423,0.0001,0.058,0.1233,0.0002,0.197,0.6976,0.128,1.5896,4.661,0.4808,6.8097,
164,0.0057,0.1993,0.576,0.0517,0.0016,0.2253,0.0001,0.0542,0.1099,0.0003,0.1643,0.6233,0.1004,1.5141,3.9556,0.575,6.1157,
165,0.0065,0.2008,0.608,0.0553,0.0044,0.2766,0.0001,0.0751,0.134,0.0002,0.1691,0.7288,0.1264,1.6775,4.3358,0.559,6.6457,
166,0.0065,0.2019,0.5212,0.0471,0.0035,0.3024,0,0.0663,0.1325,0.0002,0.1605,0.7235,0.1112,1.5725,4.4304,0.6336,6.7089,
167,0.0063,0.2136,0.5438,0.0515,0.0035,0.2384,0.0001,0.1407,0.1112,0.0002,0.1755,0.732,0.1023,1.6074,4.3258,0.5618,6.5648,
168,0.0066,0.0865,0.5884,0.0547,0.0018,0.2349,0.0001,0.0561,0.1136,0.0002,0.1679,0.6445,0.1166,1.4573,4.7388,0.6373,6.9112,
169,0.0067,0.1037,0.5895,0.0553,0.0048,0.2356,0.0001,0.0628,0.1271,0.0001,0.1655,0.6682,0.113,1.4927,4.4556,0.6059,6.6402,
170,0.006,0.1983,0.5507,0.0568,0.0039,0.2853,0.0001,0.065,0.1247,0.0002,0.1691,0.7173,0.1124,1.5976,4.3554,0.565,6.5924,
171,0.0066,0.2006,0.5629,0.0521,0.0038,0.249,0,0.0573,0.1246,0.0002,0.1626,0.6643,0.1095,1.5555,4.6986,0.6106,6.9396,
172,0.0058,0.2027,0.557,0.0543,0.0018,0.2304,0.0001,0.0643,0.1251,0.0002,0.171,0.6624,0.1153,1.5558,4.8289,0.6123,7.0707,
173,0.0062,0.1999,0.5646,0.0561,0.0052,0.2579,0.0001,0.0564,0.121,0.0002,0.1611,0.6711,0.1115,1.564,4.0906,0.4925,6.2169,
174,0.0064,0.2144,0.5807,0.0524,0.0017,0.2749,0,0.0553,0.1224,0.0002,0.1698,0.6882,0.1113,1.6093,4.5693,0.4895,6.7426,
175,0.0061,0.2039,0.6236,0.0536,0.0041,0.2327,0.0001,0.0537,0.1256,0.0002,0.1694,0.6547,0.1135,1.6169,4.1239,0.543,6.3561,
176,0.0063,0.1857,0.5688,0.0556,0.0021,0.2256,0.0001,0.0632,0.1236,0.0002,0.1511,0.638,0.1151,1.5269,4.7407,0.5694,6.912,
177,0.0065,0.0999,0.608,0.0589,0.0024,0.2495,0.0001,0.0683,0.1281,0.0002,0.1654,0.6906,0.1298,1.5485,4.6253,0.6472,6.8963,
178,0.0058,0.2112,0.6308,0.0635,0.004,0.2505,0.0002,0.0594,0.1267,0.0002,0.1763,0.6936,0.1286,1.6868,5.1702,0.6539,7.5824,
179,0.0067,0.2076,0.5338,0.0545,0.0015,0.2117,0,0.0545,0.1221,0.0002,0.1761,0.6299,0.1112,1.4955,4.0591,0.5404,6.1751,
180,0.006,0.2084,0.5411,0.0631,0.0021,0.2172,0.0001,0.0522,0.1071,0.0002,0.1648,0.6212,0.118,1.5064,4.295,0.5838,6.4592,
181,0.0063,0.2066,0.5869,0.0557,0.0045,0.2969,0.0001,0.0663,0.1104,0.0002,0.1664,0.7212,0.1143,1.6478,4.2364,0.5342,6.4913,
182,0.0064,0.1975,0.5833,0.0543,0.0038,0.2189,0.0001,0.0629,0.1149,0.0003,0.1758,0.6501,0.1222,1.5715,4.3185,0.537,6.5,
183,0.0061,0.2153,0.5875,0.0586,0.005,0.2767,0.0001,0.0559,0.1317,0.0002,0.1602,0.7052,0.1115,1.6356,4.6428,0.5567,6.9052,
184,0.0071,0.1789,0.5869,0.0546,0.0042,0.2359,0.0001,0.0545,0.1223,0.0003,0.177,0.6676,0.1177,1.5728,4.5862,0.4892,6.7287,
185,0.0069,0.2256,0.5523,0.0663,0.0045,0.249,0.0001,0.0659,0.1276,0.0002,0.1669,0.6981,0.1176,1.612,4.3101,0.4872,6.4864,
186,0.0061,0.2122,0.5428,0.0516,0.0015,0.2203,0,0.0509,0.1219,0.0002,0.1707,0.6266,0.1066,1.5052,4.798,0.6019,6.9771,
187,0.0056,0.2033,0.5637,0.0608,0.0022,0.2264,0.0001,0.0602,0.1271,0.0002,0.1647,0.656,0.1131,1.5548,3.8681,0.4696,5.963,
188,0.006,0.2024,0.5536,0.0535,0.0019,0.2284,0.0001,0.0599,0.1235,0.0002,0.1657,0.6483,0.1147,1.5363,4.6193,0.6372,6.869,
189,0.0059,0.2119,0.5766,0.053,0.0039,0.2861,0.0001,0.0582,0.1256,0.0002,0.1642,0.7095,0.1278,1.6432,4.2866,0.6338,6.6348,
190,0.0061,0.2035,0.5181,0.0553,0.0018,0.2055,0,0.0663,0.1197,0.0003,0.1598,0.6204,0.1079,1.4642,4.8713,0.5841,6.9917,
191,0.0062,0.1953,0.5238,0.0501,0.0017,0.2605,0,0.0528,0.1225,0.0001,0.166,0.6662,0.1088,1.508,4.1428,0.4931,6.216,
192,0.0064,0.1845,0.5649,0.057,0.0018,0.2384,0.0001,0.0551,0.1142,0.0003,0.1631,0.6483,0.1095,1.5268,4.4814,0.5294,6.6171,
193,0.0069,0.2191,0.5904,0.0562,0.0019,0.2375,0.0001,0.0647,0.1258,0.0002,0.1661,0.6693,0.1188,1.6142,4.6388,0.5908,6.9218,
194,0.0067,0.2147,0.5422,0.0581,0.0017,0.2609,0.0001,0.0538,0.1325,0.0002,0.1656,0.6859,0.112,1.5724,4.6423,0.4849,6.7747,
195,0.0059,0.2105,0.5543,0.0567,0.0039,0.2926,0.0001,0.067,0.1263,0.0002,0.1692,0.7347,0.1125,1.6254,4.0225,0.5311,6.252,
196,0.0061,0.2027,0.5304,0.0594,0.0019,0.2246,0.0001,0.0541,0.1228,0.0001,0.1686,0.6449,0.1123,1.5082,4.4774,0.5461,6.605,
197,0.0064,0.208,0.5661,0.0556,0.0017,0.2779,0.0001,0.0717,0.1256,0.0003,0.1659,0.7145,0.1028,1.6077,4.4755,0.6264,6.7819,
198,0.0061,0.2089,0.5402,0.0549,0.0046,0.2348,0.0001,0.0553,0.1257,0.0002,0.1829,0.6748,0.1175,1.5598,4.3057,0.5693,6.5109,
199,0.0062,0.2057,0.5286,0.0577,0.0015,0.2219,0.0001,0.0622,0.1265,0.0002,0.1633,0.6425,0.1188,1.5085,4.6546,0.6102,6.8458,
200,0.0067,0.1754,0.5621,0.0545,0.0021,0.2979,0.0001,0.0638,0.1177,0.0002,0.1597,0.7084,0.1233,1.588,4.5622,0.6453,6.8761,
201,0.0063,0.2285,0.5704,0.0555,0.0027,0.2903,0.0001,0.0533,0.1354,0.0002,0.1752,0.7294,0.1241,1.6679,4.2646,0.4908,6.4976,
202,0.0062,0.2037,0.5736,0.0576,0.002,0.2172,0.0001,0.0592,0.1361,0.0003,0.1718,0.6639,0.1143,1.574,3.9504,0.482,6.0792,
203,0.0062,0.2007,0.5733,0.0564,0.0052,0.2898,0.0001,0.0636,0.13,0.0002,0.1677,0.7446,0.1122,1.6461,4.6049,0.4946,6.8197,
204,0.0065,0.2097,0.5607,0.0528,0.0046,0.2794,0.0001,0.053,0.1249,0.0002,0.1619,0.6936,0.1061,1.5877,4.7184,0.5999,6.9792,
205,0.0061,0.2081,0.5371,0.0563,0.0041,0.244,0.0001,0.0659,0.1277,0.0002,0.1712,0.6862,0.1246,1.5721,4.5533,0.5373,6.7421,
206,0.0062,0.2138,0.5764,0.0554,0.0036,0.2734,0.0001,0.055,0.137,0.0002,0.1747,0.7151,0.1009,1.6235,4.4337,0.6294,6.7622,
207,0.0061,0.2134,0.5593,0.0557,0.0018,0.2908,0.0001,0.0599,0.1248,0.0002,0.1695,0.7156,0.1089,1.6157,4.5896,0.5729,6.8556,
208,0.0064,0.183,0.5631,0.0567,0.0041,0.2516,0.0001,0.053,0.1171,0.0002,0.1601,0.6597,0.1231,1.5486,4.4595,0.5465,6.6333,
209,0.0065,0.218,0.5634,0.0519,0.0014,0.2219,0.0001,0.0619,0.1304,0.0002,0.165,0.6417,0.1122,1.5498,4.6227,0.5562,6.8012,
210,0.0064,0.2364,0.5423,0.0568,0.004,0.2744,0.0001,0.0658,0.1241,0.0002,0.1706,0.7116,0.1128,1.6174,4.569,0.5565,6.8144,
211,0.006,0.2129,0.5505,0.057,0.0046,0.2209,0,0.0575,0.1247,0.0002,0.1607,0.6371,0.1118,1.5262,4.105,0.4714,6.175,
212,0.006,0.2023,0.5652,0.0552,0.002,0.2716,0,0.0533,0.1259,0.0001,0.1624,0.6863,0.1104,1.5821,4.7949,0.6218,7.0742,
213,0.0059,0.215,0.5735,0.0552,0.0019,0.2863,0.0001,0.0562,0.1255,0.0003,0.1712,0.7131,0.1177,1.6357,4.2444,0.5346,6.4849,
214,0.0066,0.2021,0.5444,0.0543,0.0015,0.2769,0.0001,0.0559,0.1369,0.0002,0.1636,0.7011,0.1077,1.5679,4.2947,0.5348,6.4679,
215,0.0059,0.211,0.5337,0.0566,0.0014,0.2128,0,0.0594,0.1261,0.0002,0.1673,0.6322,0.1099,1.4987,4.4478,0.4838,6.5011,
216,0.0062,0.1795,0.5779,0.0595,0.0018,0.2225,0.0001,0.0489,0.1133,0.0003,0.1736,0.6385,0.1,1.5152,4.094,0.6203,6.3085,
217,0.0061,0.2132,0.5687,0.0538,0.0027,0.2832,0.0001,0.0628,0.1107,0.0002,0.1627,0.6923,0.1215,1.6118,4.4419,0.5803,6.7119,
218,0.0064,0.1989,0.5632,0.0522,0.0019,0.2328,0.0001,0.0658,0.1191,0.0002,0.1635,0.6499,0.1237,1.5521,4.2735,0.5819,6.4843,
219,0.0059,0.2162,0.5702,0.0589,0.0045,0.2788,0.0001,0.0559,0.1309,0.0002,0.1644,0.7099,0.1217,1.6342,4.6724,0.5601,6.9395,
220,0.0064,0.2192,0.5816,0.0538,0.0021,0.2864,0.0001,0.0651,0.1114,0.0002,0.1695,0.7041,0.1107,1.6319,4.462,0.5008,6.6697,
221,0.0059,0.2021,0.5483,0.0557,0.0018,0.2314,0.0001,0.0568,0.1118,0.0002,0.1646,0.6378,0.1051,1.509,3.8566,0.5588,5.9995,
222,0.0061,0.2065,0.5693,0.0518,0.0022,0.2199,0.0001,0.0666,0.137,0.0003,0.1754,0.6746,0.1035,1.5706,4.4321,0.6333,6.7077,
223,0.0063,0.2224,0.5462,0.0567,0.0018,0.2721,0.0001,0.064,0.1089,0.0002,0.1721,0.6921,0.1245,1.6034,4.4313,0.5254,6.6312,
224,0.0069,0.103,0.5797,0.0583,0.0019,0.2704,0.0001,0.066,0.107,0.0002,0.1535,0.6695,0.1001,1.4704,4.8276,0.6192,6.992,
225,0.0061,0.2119,0.5813,0.0528,0.0017,0.2479,0,0.059,0.1115,0.0002,0.1735,0.6584,0.1272,1.5929,4.1699,0.4841,6.3224,
226,0.0062,0.2127,0.5543,0.0516,0.0016,0.216,0.0001,0.0563,0.1086,0.0002,0.1715,0.6165,0.1046,1.5025,4.7385,0.5153,6.8299,
227,0.0061,0.2177,0.5752,0.062,0.0043,0.2612,0.0001,0.0663,0.1103,0.0002,0.1774,0.7012,0.1026,1.6144,4.2735,0.4824,6.4458,
228,0.0065,0.2042,0.5535,0.0498,0.0019,0.2483,0.0001,0.0641,0.1275,0.0002,0.169,0.6767,0.1052,1.555,3.8768,0.6225,6.1284,
229,0.0068,0.1995,0.5473,0.0575,0.0019,0.2766,0.0002,0.0715,0.1284,0.0002,0.1707,0.7227,0.1123,1.5991,4.5836,0.5317,6.7876,
230,0.0061,0.2486,0.5595,0.056,0.0039,0.2771,0.0001,0.0622,0.1114,0.0002,0.1604,0.6869,0.1128,1.6245,3.8519,0.5199,6.0693,
231,0.006,0.2048,0.5589,0.1583,0.002,0.2331,0,0.0616,0.1145,0.0002,0.1589,0.745,0.1069,1.6309,4.4704,0.3976,6.5711,
232,0.0063,0.1761,0.5676,0.0523,0.002,0.2332,0.0001,0.0519,0.116,0.0003,0.1728,0.646,0.125,1.5324,4.6075,0.5947,6.8179,
233,0.0063,0.1169,0.5847,0.0514,0.0047,0.2921,0.0001,0.0617,0.1033,0.0002,0.1618,0.6904,0.121,1.5342,4.3009,0.4948,6.4062,
234,0.0063,0.2109,0.5715,0.0573,0.0037,0.2249,0,0.0628,0.1078,0.0002,0.1706,0.6412,0.1127,1.5543,4.2153,0.5745,6.4148,
235,0.0061,0.1969,0.56,0.0503,0.002,0.2254,0.0001,0.0545,0.1111,0.0002,0.1615,0.622,0.1136,1.5077,3.7979,0.5212,5.904,
236,0.0066,0.2168,0.5602,0.0596,0.0053,0.3398,0.0001,0.0555,0.1138,0.0003,0.1583,0.7486,0.1114,1.6555,4.4231,0.5237,6.6779,
237,0.0069,0.2063,0.5395,0.0571,0.0039,0.2734,0.0001,0.0666,0.1121,0.0002,0.2245,0.7505,0.1196,1.6448,4.2303,0.4895,6.4404,
238,0.0069,0.2077,0.5677,0.0543,0.0015,0.2094,0.0001,0.0524,0.1069,0.0002,0.1592,0.5942,0.1006,1.4864,4.4126,0.5576,6.5346,
239,0.0064,0.2115,0.5272,0.0571,0.0026,0.2366,0,0.0618,0.1069,0.0002,0.1761,0.6575,0.1028,1.519,4.6557,0.5733,6.8269,
240,0.0066,0.0875,0.5926,0.0515,0.0019,0.2214,0.0001,0.0569,0.1165,0.0003,0.1546,0.6196,0.1216,1.4407,4.6863,0.6802,6.8814,
241,0.0064,0.2133,0.6024,0.0543,0.0021,0.2202,0.0001,0.0587,0.1143,0.0003,0.1695,0.633,0.1059,1.5696,4.6713,0.5641,6.8786,
242,0.0064,0.1974,0.5443,0.0519,0.002,0.2233,0.0001,0.056,0.1064,0.0003,0.1691,0.6203,0.1123,1.4889,4.5531,0.5588,6.6808,
243,0.0069,0.2749,0.6146,0.0596,0.0045,0.2758,0.0001,0.0669,0.1164,0.0003,0.1672,0.713,0.1158,1.7416,4.6569,0.615,7.0863,
244,0.0066,0.1957,0.5764,0.0549,0.0018,0.2316,0.0001,0.0581,0.1296,0.0002,0.173,0.6674,0.1174,1.5742,4.6294,0.6843,6.9679,
245,0.0067,0.2236,0.5526,0.058,0.006,0.2384,0,0.0606,0.1068,0.0002,0.1607,0.6471,0.1113,1.556,4.7819,0.6174,7.0298,
246,0.0066,0.1976,0.5556,0.0524,0.0021,0.2276,0.0001,0.0546,0.11,0.0002,0.1808,0.6445,0.1222,1.5364,4.4639,0.5774,6.6493,
247,0.0062,0.2653,0.5438,0.0465,0.0019,0.2713,0.0001,0.0546,0.1301,0.0002,0.1602,0.6788,0.101,1.6071,3.8602,0.4831,6.0221,
248,0.0063,0.2623,0.6053,0.0497,0.004,0.219,0,0.0545,0.1169,0.0002,0.1579,0.6147,0.1142,1.6206,4.2256,0.5195,6.4494,
249,0.0066,0.1108,0.5638,0.0526,0.0033,0.2185,0.0001,0.0537,0.1046,0.0002,0.1604,0.6022,0.1201,1.4101,4.6229,0.5767,6.683,
250,0.0061,0.2124,0.5594,0.0548,0.0045,0.2389,0.0001,0.0566,0.1089,0.0003,0.1828,0.6685,0.1113,1.5685,4.1148,0.5,6.2564,
251,0.0066,0.2412,0.5343,0.0615,0.0044,0.2268,0.0001,0.0655,0.1098,0.0002,0.1678,0.6536,0.1105,1.5548,4.0048,0.56,6.1918,
252,0.0058,0.2102,0.668,0.0614,0.0019,0.2435,0.0001,0.0567,0.1111,0.0002,0.162,0.653,0.1081,1.6546,4.5924,0.5162,6.837,
253,0.0068,0.2022,0.5344,0.0526,0.0037,0.2364,0,0.0608,0.1331,0.0002,0.1584,0.6567,0.1189,1.5266,3.7516,0.4357,5.789,
254,0.0059,0.2031,0.5884,0.0498,0.0038,0.2188,0.0001,0.0543,0.1281,0.0003,0.1697,0.6413,0.1149,1.5638,4.2253,0.3683,6.2368,
255,0.007,0.2338,0.579,0.0574,0.0022,0.2243,0.0001,0.0556,0.1298,0.0001,0.1623,0.646,0.1049,1.584,4.0043,0.4243,6.0857,
256,0.0068,0.1821,0.6264,0.0629,0.0053,0.2245,0.0001,0.0752,0.1085,0.0002,0.1624,0.658,0.127,1.6184,4.4786,0.4903,6.6611,
257,0.0068,0.2186,0.5345,0.1564,0.0022,0.2395,0.0001,0.0646,0.123,0.0003,0.2108,0.8192,0.1442,1.7353,4.3358,0.5762,6.7294,
258,0.0062,0.2184,0.6021,0.0596,0.0059,0.2741,0.0001,0.0563,0.1149,0.0002,0.1846,0.711,0.1154,1.666,4.362,0.5629,6.664,
259,0.006,0.2378,0.5656,0.0544,0.004,0.2301,0.0001,0.0598,0.1269,0.0002,0.2583,0.7458,0.1134,1.6792,4.3506,0.5731,6.6769,
260,0.0058,0.206,0.5908,0.0505,0.0019,0.2211,0.0001,0.0643,0.1157,0.0002,0.1646,0.6341,0.1124,1.5607,3.7524,0.4711,5.8565,
261,0.0057,0.2102,0.5681,0.0532,0.0017,0.2246,0,0.0541,0.1068,0.0003,0.1641,0.6166,0.1102,1.5185,4.5118,0.564,6.6658,
262,0.0066,0.2175,0.5662,0.0537,0.002,0.2308,0.0001,0.0584,0.1228,0.0002,0.1719,0.6559,0.1128,1.5728,3.9653,0.558,6.169,
263,0.0063,0.2089,0.5507,0.0524,0.0015,0.2182,0.0001,0.0556,0.1083,0.0002,0.1693,0.6181,0.1043,1.4975,4.2912,0.5401,6.3994,
264,0.0066,0.097,0.5585,0.0506,0.0041,0.2444,0.0001,0.0591,0.1059,0.0003,0.1693,0.6509,0.1163,1.4412,4.0353,0.57,6.1259,
265,0.0064,0.2109,0.5897,0.0549,0.0022,0.2286,0.0001,0.065,0.1301,0.0002,0.1694,0.6659,0.1196,1.6016,4.1081,0.451,6.235,
266,0.006,0.2149,0.5563,0.0556,0.0047,0.2742,0,0.0658,0.1085,0.0002,0.1606,0.6805,0.1065,1.5727,4.7851,0.5869,7.0183,
267,0.0061,0.214,0.5515,0.0597,0.0053,0.2296,0.0001,0.0649,0.1107,0.0002,0.1676,0.65,0.1163,1.5485,3.9221,0.4465,5.9924,
268,0.0066,0.1998,0.5711,0.0578,0.004,0.2326,0.0001,0.0598,0.1113,0.0001,0.1784,0.6549,0.1075,1.548,4.3856,0.5427,6.5517,
269,0.006,0.1856,0.5556,0.0556,0.0063,0.2186,0,0.0563,0.1287,0.0002,0.1648,0.6491,0.1124,1.5206,4.2711,0.4974,6.3637,
270,0.0059,0.2056,0.5711,0.0563,0.0045,0.2735,0.0001,0.055,0.1111,0.0002,0.1814,0.6983,0.1103,1.6014,4.0578,0.5399,6.2702,
271,0.0069,0.2213,0.5173,0.0538,0.0016,0.2273,0,0.0531,0.1087,0.0001,0.1665,0.6215,0.1222,1.4976,3.7946,0.4849,5.8484,
272,0.0064,0.1765,0.5759,0.0524,0.0021,0.2335,0.0001,0.0558,0.1181,0.0003,0.1661,0.6411,0.1121,1.5216,4.2723,0.4771,6.344,
273,0.0059,0.2239,0.5751,0.0536,0.0022,0.2249,0.0001,0.0658,0.1251,0.0002,0.1671,0.6515,0.1057,1.569,4.0292,0.4588,6.1279,
274,0.0063,0.192,0.5477,0.0532,0.0034,0.223,0.0001,0.0557,0.1089,0.0003,0.1837,0.6433,0.1169,1.5182,4.2074,0.5377,6.3377,
275,0.0061,0.2026,0.5739,0.0528,0.0048,0.2311,0.0001,0.0545,0.1085,0.0002,0.1688,0.6373,0.1096,1.5403,3.8774,0.4693,5.9634,
276,0.0062,0.2173,0.6541,0.0615,0.0017,0.2263,0.0001,0.0631,0.1103,0.0002,0.1938,0.6681,0.1126,1.6698,3.7173,0.4328,5.8936,
277,0.0063,0.2062,0.5131,0.0509,0.0015,0.2337,0.0001,0.0644,0.1041,0.0002,0.1583,0.6242,0.1108,1.4704,4.0536,0.5115,6.1119,
278,0.0064,0.2107,0.5615,0.0575,0.0022,0.2405,0.0001,0.0634,0.1285,0.0002,0.1728,0.6835,0.1149,1.5873,4.5762,0.5731,6.8105,
279,0.0067,0.2089,0.5565,0.0533,0.0036,0.2201,0.0001,0.0611,0.1037,0.0002,0.1582,0.6141,0.112,1.5064,4.5476,0.5857,6.7122,
280,0.0065,0.185,0.6807,0.0405,0.006,0.2793,0.0001,0.0612,0.1149,0.0002,0.1608,0.68,0.1182,1.6869,4.4521,0.5604,6.7743,
281,0.0067,0.2113,0.5375,0.1715,0.0018,0.2329,0.0001,0.067,0.1277,0.0002,0.1832,0.7971,0.1106,1.673,3.9081,0.4991,6.1588,
282,0.0068,0.2258,0.5764,0.0593,0.007,0.2867,0.0001,0.0693,0.1124,0.0002,0.1655,0.7207,0.1901,1.7315,3.7225,0.4867,6.0109,
283,0.0063,0.2046,0.547,0.0555,0.0043,0.2177,0.0001,0.0637,0.1037,0.0003,0.1618,0.6232,0.1185,1.5083,3.6843,0.4073,5.6726,
284,0.006,0.2057,0.563,0.0603,0.002,0.2263,0,0.0526,0.1084,0.0002,0.1563,0.6224,0.1159,1.5246,4.3956,0.4319,6.4241,
285,0.006,0.2166,0.5479,0.0605,0.0055,0.23,0.0001,0.057,0.1228,0.0002,0.1638,0.6524,0.1173,1.5485,4.3095,0.5579,6.4944,
286,0.0066,0.207,0.5833,0.0522,0.0017,0.2245,0.0001,0.0552,0.1278,0.0002,0.1592,0.6385,0.1044,1.5513,4.477,0.5643,6.6693,
287,0.0064,0.2062,0.5567,0.0511,0.0017,0.2238,0.0001,0.0533,0.1051,0.0001,0.1828,0.6283,0.1071,1.5146,3.969,0.4283,5.9881,
288,0.0068,0.1791,0.5827,0.0583,0.0059,0.2256,0,0.0592,0.1102,0.0002,0.1518,0.6254,0.1213,1.5282,4.7816,0.5527,6.9372,
289,0.0059,0.2192,0.571,0.0609,0.0047,0.2505,0.0001,0.0799,0.1087,0.0002,0.1836,0.7077,0.1183,1.6349,4.6418,0.5479,6.8988,
290,0.0057,0.2075,0.5549,0.0576,0.0021,0.2226,0.0001,0.0624,0.1089,0.0002,0.1615,0.6287,0.1023,1.5104,4.3752,0.4036,6.3618,
291,0.0067,0.2127,0.5295,0.0562,0.0046,0.2224,0.0001,0.0541,0.1264,0.0002,0.163,0.6402,0.1108,1.5115,3.9015,0.408,5.8965,
292,0.006,0.2072,0.5525,0.0473,0.0019,0.2596,0.0001,0.0554,0.1083,0.0002,0.1613,0.6467,0.1196,1.5437,4.349,0.5311,6.4993,
293,0.0063,0.2111,0.5758,0.0591,0.0017,0.2079,0.0001,0.0639,0.1041,0.0002,0.1606,0.6084,0.1003,1.5119,3.7767,0.5198,5.8885,
294,0.0069,0.1988,0.5393,0.0522,0.0016,0.2281,0.0001,0.0569,0.1125,0.0002,0.1891,0.6552,0.1056,1.5181,4.501,0.5036,6.5958,
295,0.0062,0.1998,0.5419,0.0585,0.002,0.2183,0.0001,0.0555,0.1305,0.0002,0.16,0.6359,0.1099,1.5028,4.4684,0.5497,6.5953,
296,0.0065,0.1846,0.5922,0.0613,0.0057,0.2277,0.0001,0.0682,0.1068,0.0001,0.1677,0.6518,0.125,1.5703,3.5086,0.4536,5.6087,
297,0.0063,0.101,0.5675,0.0529,0.0036,0.2461,0.0001,0.06,0.1106,0.0002,0.1684,0.6542,0.1239,1.4633,4.5301,0.5363,6.6046,
298,0.0058,0.2068,0.5577,0.0539,0.0018,0.2238,0.0001,0.0844,0.1112,0.0002,0.1624,0.6485,0.1132,1.5398,4.0404,0.4782,6.1328,
299,0.006,0.2555,0.566,0.0602,0.0054,0.2182,0,0.0637,0.1086,0.0002,0.1782,0.6452,0.1142,1.599,4.3638,0.5146,6.5509,
300,0.0064,0.2071,0.6463,0.0511,0.002,0.2227,0.0001,0.0647,0.1156,0.0003,0.1632,0.6339,0.1111,1.6135,4.1944,0.5344,6.4134,
301,0.0062,0.2122,0.52,0.0541,0.0019,0.3057,0,0.0688,0.1348,0.0002,0.1585,0.7353,0.1186,1.602,4.0495,0.5021,6.2243,
302,0.0061,0.2069,0.561,0.0536,0.0054,0.2182,0.0001,0.0655,0.1075,0.0002,0.1719,0.6416,0.1103,1.5333,3.4007,0.4046,5.4093,
303,0.0061,0.2102,0.5698,0.06,0.0036,0.244,0.0001,0.0557,0.1094,0.0002,0.159,0.6477,0.1109,1.5555,3.5326,0.5855,5.7578,
304,0.0067,0.0925,0.6018,0.0545,0.0045,0.2635,0.0001,0.0636,0.1247,0.0003,0.1651,0.7113,0.1143,1.5414,3.411,0.4272,5.4615,
305,0.0061,0.2123,0.5717,0.0635,0.002,0.2186,0.0001,0.0565,0.1297,0.0002,0.1751,0.6607,0.117,1.5774,4.0046,0.4387,6.0992,
306,0.0059,0.2279,0.5651,0.0528,0.0016,0.2403,0.0001,0.0643,0.1093,0.0001,0.1779,0.6612,0.1059,1.5771,3.7204,0.4372,5.8091,
307,0.0065,0.2088,0.5671,0.0552,0.002,0.2296,0.0001,0.0602,0.111,0.0001,0.1738,0.6486,0.1152,1.5595,4.3222,0.5374,6.4907,
308,0.0063,0.2048,0.5634,0.0591,0.0019,0.2199,0.0002,0.0524,0.1091,0.0003,0.16,0.6178,0.1066,1.5109,3.9436,0.4576,5.9836,
309,0.0061,0.2837,0.5639,0.0576,0.0038,0.2322,0.0001,0.0672,0.1222,0.0002,0.1781,0.676,0.1264,1.6675,3.0124,0.3701,5.1203,
310,0.0066,0.1981,0.5331,0.0517,0.0017,0.2295,0.0001,0.0647,0.1264,0.0002,0.1689,0.6563,0.1089,1.5113,3.4016,0.3663,5.3521,
311,0.0064,0.2041,0.5444,0.0539,0.0056,0.2772,0.0001,0.0536,0.1076,0.0002,0.1706,0.6837,0.1014,1.5498,3.6976,0.3666,5.6915,
312,0.0067,0.087,0.5785,0.0567,0.0021,0.2658,0.0001,0.0535,0.1164,0.0002,0.1531,0.6639,0.1109,1.4586,4.379,0.5115,6.4259,
313,0.0062,0.2082,0.5813,0.0566,0.0019,0.274,0,0.0555,0.1079,0.0002,0.1729,0.6841,0.1069,1.598,4.0262,0.4681,6.1657,
314,0.006,0.2201,0.5512,0.0527,0.0041,0.233,0.0001,0.064,0.1076,0.0001,0.1681,0.6491,0.1141,1.5492,4.2561,0.5128,6.3891,
315,0.0064,0.2073,0.5646,0.0599,0.0045,0.2205,0.0002,0.0625,0.1098,0.0002,0.1594,0.6328,0.1017,1.5236,4.2654,0.5408,6.4002,
316,0.0062,0.1949,0.5544,0.054,0.0038,0.2392,0.0001,0.0772,0.1131,0.0002,0.1928,0.6999,0.1316,1.6006,4.5352,0.5502,6.7598,
317,0.0062,0.2125,0.5574,0.0506,0.0035,0.2829,0.0001,0.0647,0.1086,0.0002,0.16,0.6876,0.1111,1.5833,4.3842,0.5108,6.5494,
318,0.0059,0.2069,0.5645,0.0576,0.0037,0.2265,0.0001,0.0529,0.127,0.0002,0.1671,0.6505,0.1087,1.5471,3.7474,0.5429,5.9101,
319,0.0065,0.2222,0.5509,0.0542,0.002,0.2778,0.0001,0.0643,0.1138,0.0002,0.1604,0.6873,0.107,1.5874,4.5696,0.4409,6.67,
320,0.0067,0.0841,0.6061,0.0579,0.0046,0.2441,0.0001,0.0591,0.1132,0.0002,0.1594,0.6567,0.1147,1.4804,4.2595,0.5765,6.3955,
321,0.0059,0.2229,0.5594,0.0555,0.0067,0.2837,0.0001,0.0563,0.1102,0.0002,0.1625,0.6919,0.1155,1.6087,4.175,0.4882,6.3544,
322,0.0064,0.209,0.5933,0.0552,0.0017,0.2344,0.0001,0.0573,0.1098,0.0002,0.1578,0.6325,0.1263,1.5764,4.1506,0.4117,6.2141,
323,0.006,0.2077,0.5635,0.0607,0.0037,0.2574,0.0001,0.0551,0.1275,0.0003,0.1745,0.6983,0.1181,1.6086,3.5164,0.4181,5.6154,
324,0.0062,0.2013,0.5483,0.052,0.0016,0.2385,0.0001,0.0551,0.1061,0.0001,0.1656,0.63,0.1117,1.5103,3.4569,0.4461,5.4884,
325,0.0062,0.2094,0.5445,0.0582,0.0057,0.2913,0.0001,0.0592,0.1076,0.0002,0.1569,0.69,0.1099,1.5688,3.333,0.4173,5.3957,
326,0.0073,0.2084,0.5191,0.0549,0.0016,0.3223,0.0001,0.0614,0.1165,0.0002,0.169,0.7433,0.1046,1.5911,4.0163,0.4682,6.1495,
327,0.0061,0.2123,0.5277,0.0569,0.0033,0.224,0.0001,0.0654,0.1103,0.0001,0.161,0.6306,0.1152,1.4987,4.0014,0.4907,6.0609,
328,0.0069,0.1815,0.5896,0.0594,0.0031,0.2311,0.0001,0.0628,0.1142,0.0002,0.1451,0.6313,0.1087,1.535,4.2292,0.5098,6.3544,
329,0.0066,0.2209,0.5449,0.0659,0.0043,0.2846,0.0001,0.0614,0.1245,0.0003,0.1701,0.7294,0.105,1.6218,3.8755,0.5126,6.0883,
330,0.0064,0.2149,0.587,0.0547,0.0021,0.2627,0,0.0666,0.1115,0.0002,0.17,0.6841,0.106,1.6079,3.5738,0.4061,5.6615,
331,0.0063,0.2065,0.607,0.0521,0.004,0.2285,0.0001,0.0737,0.1314,0.0003,0.1623,0.6696,0.1077,1.6063,4.347,0.4835,6.5104,
332,0.0062,0.2092,0.542,0.0547,0.0043,0.2422,0.0002,0.0552,0.1159,0.0002,0.1606,0.6488,0.1122,1.5316,4.2514,0.5014,6.3558,
333,0.0059,0.1996,0.5557,0.0541,0.0037,0.3029,0.0001,0.0624,0.1081,0.0002,0.1652,0.7125,0.1118,1.5967,3.7245,0.3764,5.7689,
334,0.0067,0.2164,0.546,0.1623,0.0024,0.2524,0.0001,0.0572,0.1312,0.0003,0.1616,0.7852,0.1152,1.6793,4.2178,0.5113,6.479,
335,0.0064,0.2009,0.5493,0.0621,0.0038,0.2184,0.0001,0.0546,0.1114,0.0003,0.2238,0.6941,0.1246,1.5832,4.2728,0.5215,6.4509,
336,0.0064,0.0925,0.576,0.0543,0.002,0.2745,0.0001,0.0578,0.1236,0.0002,0.1622,0.6891,0.105,1.4812,4.6064,0.5475,6.71,
337,0.0057,0.0898,0.6507,0.0656,0.0047,0.2832,0.0002,0.0751,0.1116,0.0002,0.1674,0.7252,0.1128,1.5967,4.03,0.6515,6.3496,
338,0.0061,0.1909,0.5678,0.0487,0.0018,0.2222,0.0001,0.0686,0.1117,0.0003,0.1719,0.6435,0.1007,1.5296,4.1886,0.4804,6.2696,
339,0.006,0.2013,0.6466,0.0589,0.0021,0.2241,0.0001,0.065,0.1271,0.0002,0.165,0.659,0.1038,1.6283,3.4296,0.4196,5.5497,
340,0.0066,0.202,0.552,0.0616,0.0023,0.3026,0.0001,0.0681,0.1087,0.0002,0.1848,0.7411,0.1137,1.6242,4.2867,0.4404,6.4253,
341,0.006,0.2007,0.553,0.0593,0.0041,0.2782,0.0001,0.0526,0.1238,0.0002,0.1717,0.7063,0.1106,1.5844,3.4129,0.4133,5.481,
342,0.0063,0.2041,0.5462,0.0525,0.0043,0.2281,0.0001,0.064,0.1297,0.0002,0.1789,0.6729,0.1067,1.546,3.3676,0.3577,5.3416,
343,0.0061,0.2093,0.5654,0.0517,0.0035,0.2314,0.0001,0.0571,0.1123,0.0002,0.1707,0.6394,0.1003,1.5311,4.325,0.5076,6.4341,
344,0.0065,0.0957,0.6023,0.0524,0.004,0.28,0,0.0552,0.114,0.0001,0.1631,0.6834,0.1204,1.5191,4.5232,0.4189,6.5331,
345,0.0061,0.2175,0.5807,0.0537,0.0037,0.2617,0.0001,0.0547,0.1096,0.0002,0.1683,0.6692,0.1224,1.6057,4.4457,0.5223,6.6466,
346,0.0063,0.2165,0.5627,0.0555,0.002,0.2719,0.0001,0.0621,0.1248,0.0001,0.1594,0.6915,0.112,1.599,4.4059,0.5339,6.6091,
347,0.006,0.2056,0.5691,0.0524,0.0018,0.2226,0.0001,0.0568,0.1321,0.0001,0.1654,0.6475,0.1123,1.5511,3.8361,0.4286,5.8922,
348,0.0064,0.2183,0.5532,0.0537,0.002,0.2687,0.0001,0.064,0.1106,0.0002,0.1661,0.6778,0.1232,1.5872,4.2538,0.5244,6.4397,
349,0.0066,0.2005,0.5304,0.0541,0.0037,0.2673,0.0001,0.0641,0.1106,0.0002,0.1589,0.6705,0.1122,1.5284,4.0819,0.5246,6.2126,
350,0.0065,0.2514,0.5765,0.0548,0.004,0.2404,0.0001,0.0585,0.1268,0.0001,0.1728,0.6724,0.1197,1.6377,3.4096,0.4831,5.6028,
351,0.0062,0.2112,0.5275,0.0521,0.0034,0.2213,0,0.0708,0.1261,0.0002,0.247,0.7335,0.1229,1.6086,4.4222,0.5434,6.6467,
352,0.0066,0.1778,0.5917,0.0739,0.0051,0.2753,0.0001,0.0683,0.1199,0.0002,0.1617,0.7197,0.119,1.6311,4.3746,0.4755,6.5627,
353,0.0064,0.0866,0.6473,0.0552,0.0038,0.2895,0.0001,0.0657,0.1107,0.0002,0.163,0.705,0.1128,1.5678,3.5289,0.4285,5.5965,
354,0.0062,0.2033,0.539,0.0638,0.0048,0.228,0.0001,0.0536,0.1166,0.0002,0.1679,0.6522,0.1215,1.5337,3.7367,0.3233,5.666,
355,0.0059,0.208,0.5522,0.0532,0.0017,0.2892,0.0001,0.0562,0.1124,0.0002,0.17,0.6998,0.1028,1.5793,4.0789,0.5016,6.2368,
356,0.0068,0.2122,0.5719,0.0573,0.0039,0.2223,0.0001,0.0592,0.1116,0.0002,0.1625,0.6311,0.1162,1.5472,4.4202,0.544,6.5856,
357,0.006,0.2093,0.546,0.0541,0.0016,0.2613,0,0.0638,0.1077,0.0002,0.1676,0.6674,0.1284,1.5661,4.2477,0.5282,6.4144,
358,0.0063,0.307,0.5681,0.0517,0.0044,0.292,0,0.0623,0.1107,0.0002,0.1706,0.71,0.1095,1.7095,4.4019,0.5239,6.7076,
359,0.0065,0.2066,0.5672,0.054,0.0019,0.2815,0.0001,0.0637,0.114,0.0002,0.172,0.6999,0.1038,1.5954,4.1303,0.5357,6.3324,
360,0.0063,0.2488,0.5787,0.0559,0.0042,0.2312,0.0001,0.0593,0.1114,0.0003,0.1631,0.6451,0.1266,1.6172,4.4214,0.5338,6.6514,
361,0.006,0.2112,0.5509,0.0508,0.0017,0.2173,0.0001,0.0636,0.1197,0.0001,0.1642,0.6311,0.1014,1.5125,4.4704,0.5354,6.5978,
362,0.0064,0.2175,0.5678,0.0658,0.002,0.2801,0.0001,0.0589,0.1254,0.0002,0.1748,0.7221,0.104,1.626,4.3785,0.5418,6.6176,
363,0.0062,0.2191,0.5653,0.0543,0.004,0.2379,0,0.0621,0.1313,0.0003,0.1727,0.688,0.1033,1.5931,3.6456,0.5527,5.8622,
364,0.0061,0.2111,0.5577,0.0535,0.0016,0.259,0,0.0643,0.128,0.0002,0.1665,0.6817,0.1065,1.5692,3.6771,0.4416,5.7582,
365,0.006,0.2046,0.5201,0.0516,0.0016,0.2746,0,0.0511,0.1079,0.0001,0.1647,0.6599,0.1099,1.5063,3.333,0.4326,5.3419,
366,0.0067,0.2018,0.553,0.0453,0.0031,0.2245,0,0.051,0.1081,0.0001,0.1855,0.6259,0.1072,1.5002,4.2058,0.5244,6.3005,
367,0.0062,0.2149,0.6557,0.0506,0.0014,0.2234,0.0001,0.0658,0.1332,0.0001,0.158,0.6445,0.112,1.6394,4.4439,0.5452,6.6992,
368,0.0064,0.1855,0.5814,0.0542,0.0018,0.2784,0.0001,0.06,0.119,0.0004,0.1732,0.7079,0.1153,1.6102,4.4112,0.5189,6.6177,
369,0.0067,0.2278,0.5901,0.0588,0.0021,0.2305,0.0001,0.0686,0.1112,0.0002,0.163,0.6515,0.1145,1.6014,3.7286,0.4483,5.8513,
370,0.0064,0.199,0.5664,0.0511,0.0017,0.2811,0.0001,0.066,0.1128,0.0002,0.1698,0.7016,0.1159,1.5997,4.3008,0.5444,6.5151,
371,0.0064,0.2575,0.5733,0.0548,0.0049,0.2922,0.0001,0.0555,0.1233,0.0003,0.1684,0.7164,0.1125,1.6778,3.4944,0.4744,5.717,
372,0.0063,0.209,0.5537,0.0536,0.0036,0.2265,0.0001,0.072,0.1317,0.0002,0.2294,0.7302,0.1138,1.6279,4.3988,0.5352,6.6326,
373,0.0061,0.2014,0.5409,0.0554,0.0041,0.2876,0.0001,0.0595,0.1238,0.0002,0.1602,0.7062,0.1112,1.5759,3.6621,0.4511,5.761,
374,0.0067,0.2139,0.533,0.0617,0.0058,0.3041,0.0001,0.0537,0.1082,0.0002,0.1665,0.7168,0.1199,1.5978,3.6748,0.4549,5.8001,
375,0.0062,0.2136,0.5575,0.0588,0.0017,0.2417,0.0001,0.0654,0.1278,0.0003,0.1623,0.6731,0.1176,1.577,4.3961,0.4094,6.4564,
376,0.0064,0.1844,0.5845,0.0528,0.0042,0.2321,0.0001,0.0545,0.1082,0.0003,0.165,0.6305,0.1148,1.5338,4.3315,0.5227,6.466,
377,0.0066,0.2115,0.5585,0.0588,0.0017,0.2307,0.0001,0.0658,0.1277,0.0002,0.1604,0.6621,0.1125,1.5599,4.0314,0.5459,6.2103,
378,0.006,0.2208,0.5584,0.0588,0.0035,0.2325,0.0001,0.0673,0.1253,0.0002,0.1872,0.6935,0.1154,1.6027,4.4277,0.5503,6.6525,
379,0.0062,0.2105,0.5769,0.0543,0.0018,0.2846,0.0001,0.0555,0.1126,0.0002,0.1691,0.6937,0.1145,1.6101,4.2004,0.4774,6.3612,
380,0.0061,0.2256,0.5788,0.0563,0.0015,0.2554,0,0.0635,0.1256,0.0001,0.1595,0.6709,0.1104,1.6043,4.1614,0.524,6.3625,
381,0.0066,0.2037,0.5185,0.0504,0.0015,0.2345,0.0001,0.0552,0.1225,0.0002,0.1937,0.67,0.1324,1.5378,4.3675,0.5283,6.507,
382,0.0063,0.2092,0.5715,0.0566,0.0021,0.2593,0.0001,0.0762,0.1111,0.0003,0.168,0.6962,0.1256,1.6193,4.023,0.4602,6.1768,
383,0.0063,0.2133,0.564,0.0545,0.0044,0.2872,0.0001,0.0644,0.1328,0.0002,0.1856,0.7478,0.1129,1.6524,4.4687,0.5615,6.7549,
384,0.0063,0.0872,0.6,0.0509,0.0019,0.2791,0.0001,0.0619,0.1124,0.0002,0.1572,0.6798,0.1054,1.4935,4.5975,0.5201,6.6845,
385,0.0064,0.2169,0.5492,0.0657,0.0042,0.2687,0.0001,0.0678,0.1296,0.0001,0.1826,0.7329,0.1087,1.6239,4.5386,0.5501,6.7873,
386,0.0064,0.2077,0.5506,0.0604,0.002,0.2248,0.0001,0.0606,0.1292,0.0002,0.1609,0.6573,0.1022,1.5332,4.3635,0.3782,6.348,
387,0.0064,0.2252,0.5878,0.0567,0.0046,0.2247,0.0001,0.0716,0.1114,0.0002,0.1711,0.6587,0.1173,1.6062,4.3028,0.5415,6.5205,
388,0.0068,0.215,0.5573,0.0527,0.0019,0.2722,0,0.0635,0.1356,0.0002,0.1723,0.7134,0.1261,1.6309,3.9381,0.4742,6.1136,
389,0.0064,0.2058,0.5813,0.054,0.0017,0.2373,0.0001,0.0633,0.1236,0.0002,0.1617,0.6583,0.1197,1.5813,4.4536,0.5565,6.6648,
390,0.007,0.1978,0.5637,0.0547,0.0036,0.2756,0.0001,0.0659,0.1404,0.0002,0.1665,0.7194,0.1132,1.6083,3.8722,0.46,6.0139,
391,0.0063,0.196,0.6523,0.0528,0.0017,0.2279,0.0001,0.0523,0.1309,0.0001,0.161,0.6362,0.1129,1.6136,4.519,0.5284,6.7339,
392,0.0066,0.183,0.5601,0.0534,0.0016,0.2742,0,0.0626,0.1099,0.0002,0.1768,0.6895,0.1303,1.5804,4.695,0.5063,6.8603,
393,0.0058,0.2152,0.5924,0.0512,0.0069,0.2374,0.0001,0.0676,0.1134,0.0002,0.1755,0.6718,0.1264,1.624,4.3945,0.4955,6.5859,
394,0.0062,0.217,0.5729,0.053,0.0057,0.2308,0.0001,0.0571,0.1228,0.0002,0.1603,0.648,0.114,1.568,4.4638,0.5554,6.6668,
395,0.0064,0.2273,0.6239,0.0596,0.0043,0.2335,0,0.0695,0.1337,0.0002,0.1844,0.7015,0.1053,1.6789,4.4208,0.5059,6.6806,
396,0.0061,0.2079,0.5519,0.0573,0.003,0.2372,0.0001,0.0559,0.111,0.0002,0.1632,0.6391,0.1217,1.5344,4.0333,0.5731,6.2119,
397,0.0064,0.2765,0.5852,0.0601,0.0041,0.2457,0.0001,0.0728,0.1285,0.0002,0.1636,0.6888,0.1135,1.6813,4.3942,0.5588,6.7052,
398,0.0057,0.2049,0.5785,0.057,0.0019,0.2637,0,0.0667,0.1325,0.0002,0.1622,0.6953,0.1083,1.6007,3.9946,0.3291,5.9977,
399,0.0066,0.2161,0.5434,0.0505,0.0045,0.2758,0.0001,0.1701,0.1147,0.0002,0.1706,0.8049,0.102,1.686,4.1074,0.509,6.3719,
400,0.0076,0.1814,0.5617,0.0583,0.0021,0.2286,0.0001,0.0571,0.1185,0.0002,0.155,0.6373,0.1111,1.511,3.8962,0.5373,6.0225,
401,0.0067,0.2104,0.7109,0.0657,0.002,0.2673,0.0001,0.1018,0.1299,0.0003,0.1754,0.7583,0.1119,1.8105,4.3415,0.5335,6.7619,
402,0.006,0.2087,0.7025,0.0498,0.0021,0.2789,0.0001,0.0652,0.123,0.0002,0.1706,0.7033,0.1044,1.7354,4.3773,0.5073,6.6936,
403,0.0064,0.1879,0.656,0.055,0.0023,0.2872,0.0001,0.0571,0.1152,0.0002,0.1692,0.7045,0.1089,1.674,4.3401,0.5126,6.5989,
404,0.0062,0.2029,0.5346,0.0636,0.0057,0.4077,0.0001,0.0696,0.1359,0.0002,0.168,0.8733,0.1068,1.7328,4.2009,0.4929,6.5014,
405,0.0064,0.2116,0.5622,0.0564,0.0047,0.2776,0.0001,0.0637,0.1363,0.0002,0.1567,0.7204,0.2298,1.7418,4.3629,0.466,6.6434,
406,0.0066,0.2131,0.5536,0.0581,0.004,0.2876,0,0.0551,0.125,0.0002,0.1725,0.713,0.1021,1.6006,3.9518,0.49,6.1126,
407,0.0064,0.2132,0.5527,0.0582,0.004,0.3087,0,0.066,0.1283,0.0002,0.1686,0.7504,0.11,1.6423,4.2473,0.5079,6.47,
408,0.0065,0.0956,0.6018,0.0519,0.0019,0.2959,0.0001,0.0647,0.1358,0.0002,0.1664,0.7349,0.125,1.579,4.43,0.5036,6.5846,
409,0.0061,0.2185,0.5736,0.05,0.0046,0.3788,0.0001,0.0816,0.1403,0.0002,0.1706,0.8471,0.1138,1.7764,4.3469,0.5554,6.757,
410,0.0063,0.2365,0.5965,0.057,0.0051,0.2947,0.0001,0.0678,0.1409,0.0002,0.1543,0.7453,0.1131,1.7132,4.4641,0.6164,6.8654,
411,0.0064,0.2091,0.5921,0.0571,0.002,0.2817,0.0001,0.0684,0.1369,0.0002,0.1894,0.7552,0.1237,1.6962,4.5216,0.5326,6.8234,
412,0.0068,0.213,0.5584,0.0627,0.0023,0.2902,0,0.0657,0.1233,0.0002,0.1606,0.7171,0.2004,1.7031,4.3534,0.5017,6.633,
413,0.0064,0.2139,0.6029,0.0597,0.0035,0.2842,0.0001,0.0585,0.1274,0.0002,0.1759,0.7249,0.1096,1.6694,4.5425,0.5765,6.8583,
414,0.006,0.2115,0.5839,0.0485,0.0018,0.2857,0.0001,0.058,0.14,0.0003,0.171,0.7185,0.1031,1.6319,4.4618,0.5672,6.7322,
415,0.0059,0.2185,0.5769,0.0549,0.0038,0.2842,0.0001,0.0607,0.1269,0.0002,0.1795,0.7269,0.1176,1.6582,4.4284,0.6017,6.7628,
416,0.0063,0.084,0.5729,0.0703,0.0052,0.2726,0.0001,0.0634,0.1331,0.0002,0.162,0.7235,0.1257,1.5247,4.3834,0.5746,6.5555,
417,0.0062,0.2828,0.5716,0.0519,0.0015,0.3096,0,0.0648,0.1257,0.0003,0.1979,0.767,0.1239,1.7625,4.3076,0.589,6.7294,
418,0.0062,0.2954,0.5812,0.06,0.0021,0.2727,0.0001,0.0632,0.1314,0.0002,0.1656,0.7133,0.1287,1.7426,4.4883,0.5856,6.8895,
419,0.0063,0.3546,0.5438,0.0556,0.0044,0.2211,0.0001,0.0643,0.1226,0.0002,0.1754,0.6615,0.1091,1.6857,4.2593,0.5245,6.5398,
420,0.0058,0.2048,0.6037,0.0559,0.0059,0.2852,0.0001,0.0663,0.151,0.0002,0.175,0.7572,0.1109,1.6918,3.9884,0.4995,6.2501,
421,0.0061,0.1981,0.5512,0.0497,0.0043,0.2774,0.0001,0.0699,0.1351,0.0002,0.2633,0.8146,0.1082,1.6877,4.353,0.5816,6.6979,
422,0.006,0.1992,0.5729,0.0613,0.0016,0.2326,0.0001,0.0631,0.1257,0.0002,0.1646,0.6601,0.1126,1.559,4.03,0.5305,6.19,
423,0.0062,0.2107,0.5125,0.0515,0.0014,0.2628,0.0001,0.0555,0.1368,0.0002,0.1596,0.6786,0.1004,1.5144,4.4038,0.5294,6.5181,
424,0.0068,0.2454,0.5865,0.0507,0.002,0.2153,0,0.064,0.1199,0.0002,0.1795,0.6467,0.1212,1.6201,4.1255,0.5781,6.4054,
425,0.0067,0.1988,0.5802,0.0636,0.0019,0.3493,0.0001,0.0578,0.139,0.0002,0.1783,0.8095,0.126,1.7319,4.4171,0.5835,6.804,
426,0.0066,0.1852,0.577,0.0597,0.005,0.2403,0.0001,0.1406,0.1249,0.0002,0.1706,0.7554,0.1146,1.6507,4.4387,0.5743,6.7414,
427,0.0062,0.2061,0.5496,0.0518,0.002,0.2875,0.0001,0.0637,0.2386,0.0002,0.1852,0.8434,0.1118,1.7295,4.1788,0.5068,6.4909,
428,0.0061,0.2095,0.5523,0.0579,0.0037,0.2354,0.0001,0.0646,0.1277,0.0002,0.169,0.6706,0.1026,1.5494,4.5093,0.5417,6.6745,
429,0.006,0.2141,0.5599,0.0553,0.0019,0.2359,0.0001,0.0537,0.1221,0.0002,0.1627,0.6446,0.1099,1.5432,4.5772,0.571,6.7651,
430,0.0062,0.1991,0.5477,0.0521,0.0016,0.2232,0.0001,0.0544,0.1228,0.0001,0.1626,0.6292,0.1205,1.5103,4.212,0.5564,6.3553,
431,0.0063,0.2125,0.5829,0.0534,0.0016,0.2435,0.0001,0.0631,0.1321,0.0002,0.1762,0.6855,0.1046,1.6039,4.3637,0.4978,6.5376,
432,0.0062,0.1753,0.6545,0.0595,0.0073,0.2629,0.0001,0.0582,0.1194,0.0002,0.1639,0.6922,0.1152,1.6557,4.2648,0.5254,6.5219,
433,0.0063,0.2206,0.5613,0.0521,0.0021,0.2475,0.0001,0.1589,0.1168,0.0002,0.1728,0.764,0.1192,1.6784,4.6097,0.5233,6.8884,
434,0.0064,0.2222,0.591,0.0529,0.0022,0.231,0.0001,0.0671,0.1207,0.0002,0.1749,0.6665,0.1106,1.6094,4.1848,0.5403,6.4164,
435,0.0064,0.2123,0.5258,0.0552,0.0032,0.2225,0.0001,0.0659,0.124,0.0002,0.164,0.6449,0.1191,1.5193,4.4909,0.54,6.6287,
436,0.0063,0.2204,0.5362,0.0525,0.0014,0.2162,0.0001,0.0518,0.1254,0.0002,0.156,0.6125,0.1053,1.487,4.4139,0.5868,6.5596,
437,0.006,0.2047,0.5344,0.0538,0.0014,0.2136,0,0.0529,0.1271,0.0002,0.173,0.6308,0.1102,1.4925,4.1637,0.5468,6.2798,
438,0.0067,0.2121,0.5576,0.0465,0.0022,0.239,0,0.0623,0.122,0.0001,0.1694,0.6584,0.1014,1.5497,4.3009,0.5074,6.4333,
439,0.0064,0.2084,0.5681,0.0617,0.0048,0.2478,0.0001,0.065,0.1293,0.0002,0.1679,0.706,0.1099,1.6106,3.9818,0.5397,6.2037,
440,0.0062,0.1824,0.5612,0.0489,0.0019,0.2179,0.0001,0.0653,0.1109,0.0001,0.1493,0.6097,0.1051,1.4809,4.3934,0.5707,6.5199,
441,0.0064,0.2117,0.5618,0.0594,0.0019,0.2343,0.0001,0.0583,0.1274,0.0002,0.1665,0.6633,0.1253,1.5832,4.2686,0.5412,6.4716,
442,0.0062,0.2181,0.5755,0.0558,0.0039,0.2289,0.0002,0.057,0.1281,0.0001,0.1622,0.6503,0.1064,1.5667,4.3052,0.5269,6.4764,
443,0.0064,0.2009,0.5788,0.0563,0.0017,0.2262,0.0001,0.0626,0.1199,0.0002,0.163,0.6457,0.1056,1.5467,4.4479,0.5504,6.619,
444,0.0062,0.2053,0.5582,0.0571,0.0019,0.2352,0.0001,0.0607,0.1263,0.0001,0.1766,0.6714,0.1072,1.558,4.0266,0.4992,6.1617,
445,0.0068,0.219,0.5636,0.0706,0.0066,0.2477,0.0001,0.0634,0.1233,0.0002,0.1821,0.7142,0.114,1.6273,4.5448,0.595,6.8417,
446,0.0061,0.2111,0.5693,0.0524,0.0038,0.2221,0,0.0637,0.1172,0.0002,0.1698,0.6464,0.1196,1.5616,4.1584,0.4908,6.281,
447,0.0057,0.2038,0.5641,0.056,0.0038,0.2232,0.0001,0.0569,0.1247,0.0003,0.1613,0.644,0.106,1.5366,4.2392,0.5581,6.4049,
448,0.0063,0.1777,0.5802,0.0563,0.0018,0.2245,0.0001,0.0661,0.1148,0.0003,0.1773,0.6581,0.1263,1.5601,4.3994,0.5407,6.5778,
449,0.0059,0.2112,0.6018,0.0546,0.0046,0.2264,0.0001,0.0542,0.1247,0.0002,0.161,0.6416,0.1069,1.5803,4.2147,0.5305,6.4032,
450,0.0069,0.2204,0.6071,0.0571,0.0041,0.2905,0.0001,0.0589,0.112,0.0002,0.1798,0.7214,0.1259,1.6953,4.35,0.5338,6.6557,
451,0.0069,0.2081,0.5464,0.0502,0.002,0.2282,0.0001,0.0529,0.1229,0.0002,0.1587,0.6319,0.1093,1.5131,4.3252,0.4766,6.3899,
452,0.0062,0.2208,0.5643,0.0574,0.0018,0.235,0,0.0629,0.1322,0.0003,0.1634,0.6709,0.1169,1.5918,4.2247,0.5096,6.4016,
453,0.0062,0.2023,0.5497,0.0527,0.0019,0.2267,0.0001,0.0563,0.1299,0.0002,0.1719,0.6537,0.1197,1.5413,4.3382,0.5525,6.5041,
454,0.006,0.2048,0.5702,0.0523,0.0039,0.2324,0,0.0531,0.1232,0.0002,0.1596,0.6397,0.1134,1.5458,4.3296,0.5637,6.5108,
455,0.0062,0.2102,0.5812,0.06,0.0017,0.2396,0.0001,0.0548,0.1129,0.0002,0.1732,0.6575,0.1079,1.5738,4.2617,0.5898,6.4998,
456,0.0063,0.1751,0.5819,0.0542,0.0044,0.2253,0.0001,0.0545,0.1119,0.0002,0.1531,0.6206,0.1129,1.5079,4.2121,0.5229,6.3185,
457,0.0066,0.2281,0.5994,0.0583,0.0036,0.2325,0.0001,0.0865,0.1367,0.0002,0.1635,0.7025,0.1268,1.6782,4.2692,0.5443,6.5657,
458,0.0061,0.2159,0.5777,0.0531,0.0021,0.236,0.0001,0.055,0.1335,0.0001,0.1649,0.6585,0.1113,1.5778,4.2286,0.511,6.3954,
459,0.0063,0.2249,0.5516,0.0581,0.0046,0.2275,0.0001,0.0624,0.1308,0.0002,0.1601,0.6584,0.1115,1.5668,4.2826,0.5353,6.4604,
460,0.0066,0.2016,0.5734,0.0526,0.0038,0.2477,0.0001,0.0639,0.1227,0.0002,0.1692,0.6751,0.1298,1.5986,4.2045,0.5276,6.4019,
461,0.0063,0.1964,0.5353,0.0562,0.0021,0.23,0.0001,0.0581,0.1261,0.0002,0.16,0.6447,0.1201,1.5119,4.2404,0.4763,6.3006,
462,0.0061,0.2068,0.6326,0.053,0.0043,0.2236,0.0001,0.0582,0.123,0.0002,0.1645,0.6381,0.1117,1.6045,4.2525,0.5336,6.4644,
463,0.0062,0.1996,0.5348,0.0602,0.0025,0.236,0.0001,0.0626,0.1169,0.0002,0.1702,0.6688,0.1111,1.5337,4.0549,0.4186,6.0787,
464,0.0062,0.0973,0.5552,0.0527,0.0023,0.2307,0,0.0676,0.1341,0.0002,0.1685,0.6704,0.1119,1.4535,4.3119,0.572,6.413,
465,0.0066,0.2051,0.5961,0.0956,0.0042,0.227,0,0.0607,0.1286,0.0002,0.1618,0.6923,0.116,1.6331,4.2202,0.5166,6.4454,
466,0.0059,0.2087,0.7402,0.0587,0.0018,0.2473,0.0002,0.0642,0.1278,0.0002,0.1645,0.6822,0.1209,1.7681,4.2129,0.4676,6.5209,
467,0.0063,0.2073,0.6323,0.061,0.0024,0.2476,0,0.053,0.1116,0.0003,0.1696,0.6621,0.1089,1.6267,4.1082,0.4498,6.2545,
468,0.006,0.2107,0.5717,0.0576,0.0044,0.2307,0.0001,0.0669,0.1229,0.0002,0.2479,0.7458,0.1156,1.6585,4.2237,0.492,6.4436,
469,0.0062,0.2114,0.5336,0.0574,0.0021,0.2757,0,0.0653,0.123,0.0001,0.1707,0.7083,0.1136,1.582,4.3803,0.5034,6.5392,
470,0.0068,0.2082,0.5701,0.0572,0.0041,0.2289,0.0001,0.0691,0.1108,0.0002,0.1712,0.6561,0.106,1.5602,4.0667,0.5086,6.209,
471,0.0061,0.2219,0.5674,0.0564,0.0036,0.2775,0.0001,0.0558,0.132,0.0002,0.1643,0.7045,0.1079,1.6192,4.1819,0.4934,6.3645,
472,0.0068,0.0822,0.5873,0.0552,0.0021,0.3204,0.0001,0.062,0.1176,0.0002,0.1487,0.725,0.1191,1.5334,3.8176,0.5199,5.9461,
473,0.0063,0.2125,0.571,0.0615,0.0019,0.2703,0.0001,0.0677,0.1269,0.0002,0.1722,0.7148,0.1063,1.6338,4.3498,0.5191,6.5768,
474,0.0063,0.2153,0.5573,0.057,0.0038,0.2426,0.0001,0.0567,0.1268,0.0002,0.1784,0.6775,0.107,1.5722,4.2042,0.525,6.3731,
475,0.0062,0.2093,0.5686,0.0644,0.0044,0.2248,0.0002,0.0612,0.112,0.0002,0.1715,0.6578,0.1013,1.5531,4.0843,0.5237,6.2354,
476,0.0067,0.2162,0.5412,0.0623,0.002,0.2226,0,0.0589,0.1125,0.0002,0.1569,0.6279,0.1222,1.5216,4.151,0.4659,6.2172,
477,0.0064,0.2062,0.5542,0.052,0.0037,0.2198,0,0.0557,0.1392,0.0002,0.169,0.6505,0.1189,1.5448,4.1615,0.504,6.2813,
478,0.0063,0.2135,0.5589,0.0515,0.0044,0.2842,0.0001,0.053,0.1217,0.0002,0.1632,0.6936,0.1363,1.6233,4.1254,0.5129,6.3341,
479,0.0061,0.2064,0.5907,0.0549,0.0041,0.2284,0.0001,0.057,0.1361,0.0001,0.1742,0.6703,0.1158,1.5974,4.3295,0.5325,6.5335,
480,0.0065,0.085,0.605,0.0568,0.002,0.2407,0.0001,0.0638,0.1136,0.0002,0.1609,0.6522,0.1118,1.4751,4.2721,0.4782,6.3035,
481,0.0067,0.2233,0.5903,0.0563,0.0021,0.2348,0.0001,0.0658,0.1264,0.0002,0.1739,0.6786,0.1174,1.6288,3.7568,0.5356,5.9964,
482,0.0069,0.2132,0.5865,0.0554,0.0039,0.2976,0.0001,0.0657,0.1123,0.0002,0.1716,0.7183,0.1181,1.6527,4.3554,0.5573,6.6415,
483,0.0062,0.2118,0.5609,0.0546,0.0019,0.2155,0.0001,0.0679,0.1238,0.0002,0.1605,0.6372,0.1171,1.5408,4.2011,0.5275,6.3437,
484,0.0062,0.2119,0.5461,0.0585,0.0036,0.2873,0.0001,0.0702,0.1248,0.0002,0.1655,0.7257,0.1158,1.6137,4.1968,0.5339,6.4156,
485,0.0066,0.1954,0.5527,0.054,0.0041,0.243,0.0001,0.0503,0.1255,0.0002,0.1649,0.6545,0.1138,1.5338,4.214,0.5585,6.3779,
486,0.0067,0.2041,0.5564,0.053,0.0016,0.2577,0.0001,0.0645,0.1307,0.0002,0.1667,0.6846,0.1116,1.5704,3.9237,0.4935,6.0635,
487,0.0063,0.2081,0.5604,0.0517,0.0015,0.3391,0.0001,0.0558,0.1224,0.0002,0.1623,0.7415,0.1087,1.6316,4.2418,0.535,6.4822,
488,0.0068,0.1851,0.5745,0.0568,0.0079,0.2356,0.0001,0.0551,0.1193,0.0001,0.1677,0.6567,0.112,1.5467,4.2988,0.5055,6.4213,
489,0.0063,0.0874,0.5429,0.062,0.002,0.2736,0.0001,0.0552,0.1218,0.0002,0.1591,0.6858,0.1347,1.4694,4.2575,0.5244,6.322,
490,0.0064,0.1965,0.5538,0.0511,0.0015,0.2264,0,0.051,0.1213,0.0002,0.1568,0.6168,0.1094,1.4888,4.1743,0.5125,6.2447,
491,0.0061,0.2023,0.6151,0.0531,0.0014,0.2521,0.0001,0.0638,0.1233,0.0002,0.1667,0.67,0.1184,1.6178,3.8782,0.5012,6.0664,
492,0.0061,0.1991,0.5423,0.0535,0.0016,0.2669,0,0.0553,0.1327,0.0002,0.2605,0.779,0.098,1.6319,4.1825,0.5402,6.4238,
493,0.0066,0.2158,0.5073,0.0538,0.0014,0.266,0,0.0671,0.1074,0.0002,0.1744,0.6781,0.1068,1.5203,4.2279,0.5053,6.3286,
494,0.0061,0.2135,0.567,0.0535,0.0035,0.2871,0.0001,0.0561,0.1256,0.0002,0.1653,0.7077,0.1082,1.6142,4.2289,0.5023,6.4194,
495,0.0062,0.2132,0.5496,0.0536,0.0053,0.2739,0.0001,0.0642,0.1295,0.0002,0.1771,0.7192,0.1095,1.6088,4.2624,0.4989,6.4463,
496,0.0063,0.0921,0.5872,0.1458,0.0024,0.3048,0.0001,0.0547,0.1266,0.0002,0.1564,0.8073,0.1411,1.6473,4.3511,0.5374,6.6074,
497,0.0061,0.207,0.5656,0.0549,0.0041,0.3669,0.0001,0.0664,0.1292,0.0002,0.1784,0.8209,0.1414,1.7556,4.3342,0.5039,6.6712,
498,0.0063,0.2105,0.5739,0.0662,0.0039,0.2679,0.0001,0.0631,0.2261,0.0002,0.1612,0.8036,0.1258,1.7303,4.1538,0.5186,6.4767,
499,0.0063,0.208,0.564,0.0565,0.0036,0.2724,0.0001,0.0539,0.127,0.0002,0.1618,0.6894,0.1121,1.5928,4.145,0.5034,6.3153,
500,0.0061,0.2113,0.5501,0.0528,0.0042,0.2735,0.0001,0.0529,0.1216,0.0002,0.1683,0.6906,0.1024,1.5718,4.0824,0.4476,6.173,
501,0.0064,0.2084,0.5764,0.0526,0.0055,0.2869,0.0001,0.0615,0.1269,0.0003,0.1646,0.7141,0.1238,1.6396,4.1295,0.4949,6.3337,
502,0.0063,0.2091,0.5579,0.1079,0.0017,0.2938,0,0.053,0.1243,0.0003,0.1789,0.7732,0.1136,1.668,4.137,0.5228,6.3968,
503,0.0065,0.2064,0.557,0.0496,0.0048,0.2642,0.0001,0.0564,0.133,0.0003,0.1785,0.7021,0.1141,1.5955,4.3208,0.5395,6.5267,
504,0.0064,0.1829,0.5699,0.0535,0.002,0.2851,0.0001,0.0762,0.1131,0.0003,0.1594,0.708,0.1121,1.5908,4.3231,0.5283,6.5198,
505,0.0068,0.2122,0.5454,0.0578,0.0026,0.2905,0.0001,0.0646,0.1262,0.0002,0.1622,0.7214,0.114,1.6081,4.3159,0.5291,6.5275,
506,0.0061,0.2068,0.5672,0.0521,0.0015,0.2771,0.0001,0.0537,0.1208,0.0002,0.159,0.673,0.1126,1.5743,4.2365,0.5437,6.4427,
507,0.0064,0.2216,0.5309,0.0546,0.0015,0.2234,0.0001,0.0605,0.128,0.0002,0.1563,0.6334,0.0974,1.4984,3.8079,0.5254,5.9012,
508,0.006,0.2079,0.5496,0.0526,0.0014,0.2642,0.0001,0.0612,0.1244,0.0002,0.1728,0.6851,0.1035,1.5582,4.0868,0.4908,6.2056,
509,0.0065,0.2056,0.5342,0.057,0.0015,0.2162,0.0001,0.0523,0.1218,0.0002,0.1606,0.6179,0.1259,1.5004,4.084,0.457,6.1146,
510,0.0062,0.2106,0.5657,0.0534,0.0019,0.2288,0.0001,0.0629,0.128,0.0001,0.1635,0.6562,0.1132,1.5618,4.4501,0.5437,6.6293,
511,0.0061,0.2009,0.5707,0.0549,0.004,0.2222,0,0.0596,0.1327,0.0002,0.1687,0.6599,0.1146,1.562,4.229,0.5589,6.4205,
512,0.0061,0.1834,0.5757,0.0616,0.002,0.2793,0.0001,0.06,0.1193,0.0002,0.1648,0.7055,0.1179,1.6003,4.3167,0.5168,6.5043,
513,0.0064,0.2173,0.5574,0.0557,0.0016,0.2379,0.0002,0.0671,0.1313,0.0001,0.1768,0.6874,0.1242,1.6027,4.5379,0.5113,6.7311,
514,0.0065,0.2156,0.5805,0.0535,0.0026,0.2901,0.0001,0.0631,0.1102,0.0002,0.1612,0.697,0.1132,1.6234,4.4178,0.4486,6.5694,
515,0.0062,0.2063,0.5663,0.0523,0.0041,0.2685,0.0001,0.0628,0.1304,0.0002,0.1655,0.7012,0.1115,1.6006,4.4404,0.4466,6.5616,
516,0.0068,0.2057,0.5658,0.0552,0.004,0.2695,0.0001,0.0586,0.1278,0.0002,0.1748,0.7071,0.1189,1.6152,4.3671,0.5267,6.583,
517,0.0062,0.2068,0.5639,0.058,0.0039,0.2737,0.0001,0.062,0.1352,0.0002,0.1679,0.7164,0.1159,1.6186,4.1831,0.484,6.3582,
518,0.0064,0.2032,0.5641,0.055,0.0021,0.2955,0.0001,0.0653,0.1281,0.0003,0.1614,0.726,0.1044,1.6129,4.2656,0.5295,6.4778,
519,0.0062,0.2099,0.5368,0.0574,0.0018,0.2745,0.0001,0.0566,0.1225,0.0002,0.1615,0.6913,0.1111,1.5636,3.915,0.563,6.1124,
