0,0.0067,0.0984,0.6265,0.0462,0.0019,0.2361,0.0001,1.3049,0.1456,0.0003,0.2036,1.9605,0.1379,2.8461,2.9243,0.4953,6.3302,
1,0.0071,0.105,0.6336,0.0622,0.0053,0.2397,0,0.0671,0.1108,0.0002,0.171,0.6737,0.1326,1.5755,3.1479,0.4805,5.2753,
2,0.0064,0.2094,0.6128,0.0556,0.0054,0.2384,0.0001,0.0647,0.1087,0.0002,0.1624,0.6543,0.1271,1.625,3.1253,0.502,5.3272,
3,0.006,0.2056,0.5904,0.0586,0.005,0.2281,0.0001,0.0536,0.1126,0.0002,0.1645,0.6345,0.1161,1.5613,3.1769,0.4929,5.3149,
4,0.0062,0.2168,0.5681,0.0604,0.0026,0.2999,0.0001,0.0576,0.1093,0.0003,0.1651,0.7135,0.1163,1.6305,3.2799,0.5201,5.509,
5,0.0064,0.2021,0.5928,0.0532,0.0022,0.2439,0.0001,0.0517,0.103,0.0002,0.1681,0.6385,0.1164,1.5717,3.0918,0.4361,5.1745,
6,0.0063,0.2036,0.6258,0.0527,0.0026,0.2169,0.0001,0.054,0.1056,0.0002,0.1915,0.6438,0.1104,1.6016,3.1019,0.573,5.3461,
7,0.006,0.2059,0.5662,0.0569,0.0018,0.3057,0.0001,0.0628,0.1104,0.0002,0.1691,0.7197,0.1204,1.6264,3.2652,0.5804,5.5441,
8,0.0063,0.0994,0.6088,0.0703,0.0026,0.4105,0.0002,0.0583,0.1228,0.0002,0.1715,0.8586,0.1199,1.7069,3.4401,0.5605,5.7881,
9,0.0065,0.2346,0.5947,0.0536,0.002,0.3089,0,0.0584,0.1163,0.0002,0.169,0.7255,0.1189,1.69,3.4107,0.5595,5.7391,
10,0.006,0.209,0.587,0.0555,0.0016,0.2792,0.0001,0.071,0.1315,0.0002,0.1591,0.7164,0.1078,1.6395,2.9806,0.5522,5.2453,
11,0.006,0.2062,0.6017,0.054,0.0044,0.2773,0.0001,0.058,0.1273,0.0002,0.17,0.7048,0.1017,1.6314,3.3028,0.5002,5.5071,
12,0.006,0.2081,0.6009,0.0592,0.004,0.2296,0.0001,0.0562,0.112,0.0003,0.1644,0.6365,0.1127,1.573,2.9263,0.4748,5.0448,
13,0.0067,0.2016,0.5565,0.0555,0.0036,0.279,0.0001,0.0553,0.1278,0.0002,0.181,0.7172,0.2147,1.7061,3.4084,0.5148,5.7018,
14,0.006,0.2143,0.5855,0.0616,0.0018,0.2907,0.0001,0.0544,0.1153,0.0002,0.1762,0.7118,0.1015,1.6269,3.3166,0.5835,5.6018,
15,0.0062,0.2212,0.5953,0.0553,0.0037,0.3031,0,0.0552,0.1246,0.0002,0.1585,0.7138,0.1207,1.6668,3.555,0.4798,5.7821,
16,0.0066,0.0916,0.6546,0.0474,0.0017,0.2465,0,0.0656,0.1182,0.0002,0.1665,0.658,0.132,1.5529,3.7554,0.579,5.9591,
17,0.0066,0.2261,0.587,0.0611,0.0017,0.2931,0.0001,0.0582,0.1337,0.0002,0.1665,0.7262,0.1215,1.6752,3.4057,0.5068,5.662,
18,0.0065,0.2073,0.5737,0.0608,0.0015,0.2786,0.0001,0.0532,0.1239,0.0002,0.1639,0.6921,0.1113,1.601,3.2739,0.5814,5.5286,
19,0.0061,0.1922,0.5638,0.0603,0.0016,0.3029,0,0.065,0.1403,0.0002,0.1547,0.7339,0.1096,1.6175,3.4993,0.6122,5.8084,
20,0.006,0.2186,0.7462,0.0602,0.0021,0.3266,0.0001,0.0544,0.1521,0.0002,0.1589,0.7718,0.1009,1.8544,3.0354,0.515,5.4766,
21,0.006,0.201,0.5494,0.0607,0.0015,0.3013,0.0001,0.0525,0.1487,0.0002,0.1646,0.7409,0.1173,1.6231,3.6692,0.5261,5.8932,
22,0.0064,0.2046,0.6002,0.0644,0.0053,0.3358,0.0001,0.0659,0.1474,0.0002,0.1621,0.804,0.1225,1.7488,3.2896,0.5114,5.6288,
23,0.0069,0.211,0.6265,0.0588,0.0048,0.2508,0.0001,0.0727,0.1408,0.0002,0.1602,0.7067,0.1052,1.6659,3.7288,0.5345,6.0086,
24,0.0065,0.0894,0.6065,0.0707,0.0019,0.3197,0.0001,0.0564,0.1308,0.0001,0.1593,0.7518,0.1322,1.5985,4.1029,0.597,6.3748,
25,0.0066,0.2257,0.6364,0.0534,0.005,0.3465,0.0001,0.07,0.1414,0.0002,0.1688,0.8051,0.1265,1.8088,4.0421,0.596,6.5197,
26,0.0064,0.2043,0.6182,0.068,0.0021,0.3197,0.0001,0.0641,0.1398,0.0002,0.1696,0.7824,0.1095,1.7316,3.5081,0.5807,5.8945,
27,0.0061,0.2281,0.5838,0.0622,0.0049,0.315,0.0001,0.0658,0.1421,0.0002,0.1688,0.7747,0.1118,1.7122,3.4337,0.4759,5.6942,
28,0.0063,0.2103,0.5789,0.0532,0.0016,0.3446,0.0001,0.068,0.1563,0.0003,0.1687,0.8115,0.107,1.7225,3.9712,0.5184,6.2864,
29,0.0076,0.2004,0.6106,0.0547,0.0048,0.3313,0.0001,0.0584,0.1484,0.0002,0.1613,0.7786,0.1215,1.73,3.5669,0.5101,5.8856,
30,0.0061,0.212,0.5802,0.1579,0.0016,0.3214,0.0001,0.057,0.1424,0.0002,0.1771,0.8703,0.1065,1.7851,4.1919,0.5392,6.5906,
31,0.0068,0.2062,0.5492,0.0532,0.0047,0.3063,0.0001,0.1606,0.1446,0.0003,0.1695,0.8576,0.1166,1.7437,4.0733,0.5201,6.412,
32,0.0063,0.1853,0.575,0.0528,0.0041,0.3139,0.0001,0.0527,0.1417,0.0002,0.1625,0.7442,0.1047,1.6271,4.1871,0.6032,6.4902,
33,0.0061,0.1861,0.6583,0.0622,0.0018,0.322,0.0001,0.0612,0.1401,0.0003,0.1809,0.7818,0.1176,1.7641,4.5667,0.6156,7.0184,
34,0.0058,0.2153,0.6175,0.0574,0.0024,0.3292,0.0001,0.0678,0.1462,0.0002,0.1657,0.7882,0.1182,1.8029,4.3897,0.6238,6.8857,
35,0.0064,0.1953,0.6262,0.0622,0.0015,0.3101,0,0.0643,0.145,0.0002,0.1748,0.768,0.0992,1.7054,4.4213,0.6221,6.8177,
36,0.0061,0.201,0.569,0.0533,0.0016,0.3258,0.0001,0.0515,0.1468,0.0002,0.1625,0.7511,0.099,1.6369,4.0442,0.5607,6.3092,
37,0.0065,0.2102,0.6454,0.0536,0.0033,0.314,0,0.0589,0.1453,0.0002,0.1636,0.7478,0.1216,1.7405,4.2552,0.6322,6.697,
38,0.0063,0.208,0.5702,0.0553,0.0043,0.3148,0.0001,0.0635,0.1404,0.0002,0.1635,0.7518,0.1021,1.6448,4.4755,0.3758,6.5669,
39,0.0063,0.2159,0.5949,0.0624,0.0067,0.3154,0.0001,0.0548,0.1461,0.0002,0.1811,0.79,0.1122,1.7303,4.0523,0.6568,6.5067,
40,0.007,0.1746,0.586,0.0532,0.0017,0.3167,0,0.0702,0.1452,0.0002,0.1858,0.787,0.1176,1.6863,5.002,0.5859,7.345,
41,0.0061,0.2155,0.6123,0.0625,0.0042,0.3282,0.0001,0.0538,0.1479,0.0002,0.1751,0.7901,0.1111,1.7482,4.4399,0.6565,6.9149,
42,0.0061,0.2069,0.5899,0.0569,0.0017,0.328,0,0.0572,0.1511,0.0002,0.1664,0.7761,0.1198,1.7102,4.0536,0.5623,6.3973,
43,0.0061,0.2182,0.6241,0.0603,0.0063,0.3174,0.0001,0.067,0.1366,0.0002,0.1739,0.7799,0.1291,1.7695,4.9338,0.6776,7.4517,
44,0.0059,0.2076,0.6133,0.056,0.0016,0.2961,0.0001,0.0595,0.144,0.0002,0.1641,0.7391,0.1152,1.6923,4.8383,0.5906,7.1956,
45,0.0062,0.2278,0.6139,0.0501,0.0045,0.318,0.0001,0.0578,0.1444,0.0002,0.1832,0.7799,0.1207,1.7602,4.0517,0.5597,6.4418,
46,0.0064,0.205,0.6463,0.06,0.0032,0.2932,0.0001,0.0694,0.1328,0.0002,0.1608,0.7294,0.1207,1.7224,4.3602,0.5861,6.7482,
47,0.0066,0.2235,0.6131,0.0656,0.0016,0.3098,0.0001,0.058,0.1378,0.0002,0.1742,0.7579,0.1063,1.7175,4.6201,0.5736,6.9882,
48,0.0068,0.1886,0.6366,0.0592,0.0023,0.3106,0.0001,0.0552,0.1246,0.0003,0.1674,0.7385,0.1224,1.7068,5.0481,0.6648,7.4937,
49,0.0065,0.2366,0.6306,0.0723,0.0026,0.3446,0.0001,0.0626,0.1428,0.0002,0.1654,0.8066,0.1317,1.8252,4.1733,0.5756,6.6435,
50,0.0061,0.2042,0.6009,0.052,0.0017,0.2948,0.0001,0.0619,0.1477,0.0002,0.17,0.7451,0.1088,1.6745,4.8757,0.7062,7.331,
51,0.0067,0.2294,0.6019,0.0643,0.0021,0.3279,0.0001,0.0689,0.139,0.0002,0.1672,0.791,0.1102,1.7532,4.7923,0.6736,7.2936,
52,0.0067,0.2193,0.6301,0.0534,0.0017,0.3279,0,0.0568,0.1499,0.0003,0.1696,0.7764,0.1201,1.7629,4.3255,0.5804,6.7461,
53,0.0066,0.2088,0.6112,0.0703,0.0026,0.3309,0,0.0607,0.1457,0.0002,0.172,0.8012,0.1357,1.7759,4.8306,0.6588,7.3384,
54,0.0061,0.2162,0.6213,0.0623,0.0018,0.3154,0.0001,0.0561,0.1352,0.0002,0.2706,0.8555,0.1116,1.8236,4.217,0.3708,6.4832,
55,0.0065,0.2106,0.5897,0.0566,0.0037,0.2946,0,0.0624,0.1344,0.0002,0.1643,0.7323,0.1148,1.6668,5.0496,0.6616,7.4507,
56,0.0062,0.1839,0.6035,0.0502,0.0044,0.2975,0.0001,0.056,0.1269,0.0002,0.1706,0.7195,0.1126,1.6436,4.6146,0.6902,7.0219,
57,0.0067,0.2142,0.6148,0.0533,0.0018,0.2959,0.0001,0.0672,0.1404,0.0002,0.1818,0.7602,0.1129,1.7174,5.0463,0.6794,7.5154,
58,0.006,0.2095,0.6028,0.0614,0.0017,0.2615,0,0.0607,0.1456,0.0002,0.1665,0.7123,0.1234,1.6653,4.442,0.7003,6.877,
59,0.0068,0.1875,0.5879,0.0645,0.0041,0.2833,0.0001,0.0645,0.1296,0.0001,0.1741,0.7346,0.1239,1.6525,5.0374,0.6588,7.4194,
60,0.006,0.2158,0.6036,0.0776,0.0054,0.2949,0.0002,0.0542,0.1318,0.0002,0.1733,0.7575,0.1074,1.7002,4.7068,0.6143,7.0953,
61,0.0066,0.2098,0.5758,0.0651,0.0043,0.312,0.0001,0.0554,0.1335,0.0002,0.1653,0.7506,0.1129,1.6647,4.6228,0.5934,6.9576,
62,0.0065,0.2079,0.5827,0.0644,0.0021,0.3113,0.0001,0.0609,0.1449,0.0002,0.1807,0.7827,0.1147,1.7019,5.0479,0.5784,7.4018,
63,0.0062,0.2121,0.6027,0.0572,0.0021,0.2977,0,0.052,0.1219,0.0003,0.1795,0.7274,0.1092,1.6696,5.0642,0.6791,7.485,
64,0.0069,0.1826,0.6213,0.0571,0.0029,0.265,0.0002,0.0632,0.1298,0.0002,0.2596,0.794,0.1185,1.7397,5.0803,0.6896,7.5874,
65,0.0066,0.2123,0.6886,0.0691,0.0021,0.3641,0.0001,0.0824,0.1473,0.0002,0.1815,0.8645,0.1235,1.9094,4.5253,0.6145,7.1293,
66,0.0063,0.2076,0.659,0.0538,0.0017,0.2949,0.0001,0.058,0.1222,0.0002,0.1698,0.7113,0.106,1.7033,5.1138,0.6027,7.5006,
67,0.0069,0.1901,0.6295,0.0551,0.0016,0.2904,0.0001,0.0704,0.1316,0.0001,0.1682,0.7288,0.1101,1.6758,4.6295,0.691,7.0682,
68,0.0061,0.2296,0.6411,0.0613,0.0075,0.2747,0.0001,0.0596,0.1269,0.0002,0.1638,0.713,0.1158,1.7606,5.2717,0.6116,7.7156,
69,0.0064,0.2081,0.6032,0.0587,0.0038,0.3057,0.0001,0.0653,0.131,0.0002,0.1844,0.7681,0.1125,1.7094,4.5659,0.5231,6.8792,
70,0.0062,0.2025,0.6038,0.0786,0.0046,0.3019,0.0001,0.0688,0.1301,0.0002,0.1648,0.7662,0.1403,1.7283,4.7853,0.4086,6.9998,
71,0.0067,0.2153,0.6162,0.0518,0.0015,0.3004,0.0001,0.0514,0.1244,0.0002,0.1691,0.7086,0.1139,1.6724,5.188,0.5812,7.5182,
72,0.0064,0.0968,0.6274,0.0698,0.0037,0.3018,0.0001,0.0578,0.1339,0.0003,0.1916,0.7793,0.1372,1.6672,4.8717,0.6665,7.2831,
73,0.0068,0.217,0.618,0.058,0.0021,0.2566,0.0001,0.075,0.1567,0.0003,0.1888,0.7567,0.1154,1.7234,5.0079,0.6864,7.4923,
74,0.0066,0.2148,0.6131,0.0633,0.0065,0.3073,0.0001,0.0615,0.1326,0.0002,0.1815,0.7696,0.1081,1.7239,4.5345,0.6042,6.9331,
75,0.006,0.2119,0.6094,0.0543,0.004,0.2994,0.0002,0.0609,0.1507,0.0002,0.1714,0.7631,0.1165,1.7203,5.1114,0.6183,7.527,
76,0.0063,0.214,0.6329,0.0609,0.0041,0.2941,0.0001,0.0642,0.1528,0.0003,0.2944,0.8881,0.1166,1.8672,5.064,0.6703,7.6767,
77,0.0063,0.203,0.7398,0.059,0.0021,0.3215,0.0001,0.0596,0.1227,0.0002,0.1697,0.7555,0.1158,1.8346,5.1806,0.6198,7.7067,
78,0.0061,0.2063,0.645,0.0626,0.0019,0.2679,0,0.0551,0.1375,0.0003,0.1773,0.719,0.1242,1.712,4.7946,0.5912,7.1766,
79,0.0064,0.1871,0.5878,0.06,0.0028,0.2978,0.0001,0.0636,0.1307,0.0002,0.175,0.7403,0.1338,1.6652,5.2796,0.6205,7.6461,
80,0.0074,0.1786,0.6327,0.0587,0.0025,0.2558,0.0001,0.0554,0.1195,0.0002,0.1654,0.6755,0.1272,1.6372,4.6893,0.4996,6.9107,
81,0.0062,0.2122,0.6474,0.0715,0.0023,0.2648,0.0001,0.072,0.1342,0.0002,0.1728,0.7347,0.1094,1.7221,4.7641,0.6046,7.1651,
82,0.0066,0.2004,0.608,0.0566,0.0042,0.325,0.0001,0.0678,0.1283,0.0002,0.1732,0.7699,0.1153,1.7141,4.7648,0.6467,7.198,
83,0.0062,0.2073,0.6113,0.055,0.0054,0.2297,0.0001,0.0614,0.1345,0.0003,0.1791,0.6882,0.1088,1.6317,5.1997,0.6126,7.518,
84,0.0062,0.2139,0.6039,0.0544,0.0067,0.2934,0.0001,0.0539,0.1251,0.0003,0.1727,0.7259,0.1154,1.6772,4.7975,0.6765,7.223,
85,0.0064,0.2264,0.6288,0.055,0.0039,0.3162,0.0001,0.0637,0.1347,0.0002,0.1703,0.7611,0.1176,1.7528,4.4682,0.5902,6.8833,
86,0.0068,0.2269,0.6111,0.0565,0.0045,0.2997,0.0001,0.0688,0.1324,0.0003,0.1721,0.7561,0.1219,1.7345,4.5441,0.6225,6.9744,
87,0.0065,0.2107,0.6205,0.061,0.0021,0.3048,0,0.0536,0.1288,0.0002,0.1603,0.7279,0.1141,1.6895,4.2508,0.6013,6.6172,
88,0.0066,0.2273,0.5862,0.0551,0.0023,0.3117,0.0001,0.0631,0.1188,0.0002,0.1541,0.7232,0.1317,1.6871,4.6856,0.6257,7.0746,
89,0.0063,0.2077,0.6326,0.0587,0.002,0.2472,0.0001,0.0622,0.1246,0.0002,0.1709,0.683,0.1136,1.6551,4.512,0.6053,6.8438,
90,0.0062,0.2058,0.5425,0.0632,0.0016,0.3102,0.0001,0.0644,0.1268,0.0002,0.1693,0.746,0.1118,1.6229,4.7002,0.6807,7.0748,
91,0.0059,0.1965,0.5957,0.0529,0.0024,0.2468,0.0001,0.0713,0.1346,0.0002,0.1648,0.6885,0.115,1.613,4.6075,0.659,6.9551,
92,0.0067,0.2191,0.6212,0.0657,0.0026,0.2888,0.0001,0.0575,0.1256,0.0002,0.1767,0.7372,0.1211,1.7181,5.2537,0.6957,7.7416,
93,0.0064,0.2076,0.6171,0.0519,0.0018,0.3193,0.0001,0.065,0.1346,0.0088,0.1769,0.7722,0.1184,1.7312,5.1876,0.4017,7.395,
94,0.0061,0.2296,0.6195,0.0741,0.0069,0.2495,0.0001,0.0678,0.1431,0.0003,0.1694,0.7326,0.1286,1.7336,4.4409,0.6691,6.9134,
95,0.0068,0.2149,0.6143,0.0549,0.0018,0.243,0,0.0637,0.1287,0.0002,0.1703,0.6739,0.1248,1.6459,5.2493,0.6756,7.6404,
96,0.007,0.0958,0.587,0.0574,0.0019,0.2954,0.0001,0.0643,0.1177,0.0002,0.1648,0.714,0.124,1.5392,4.8398,0.6482,7.1048,
97,0.0068,0.2182,0.6257,0.0614,0.0018,0.2302,0.0001,0.0709,0.1406,0.0002,0.1657,0.6875,0.116,1.6647,4.9624,0.7297,7.4385,
98,0.0061,0.2409,0.6218,0.0542,0.0037,0.2953,0.0001,0.0741,0.1264,0.0002,0.2675,0.8402,0.1186,1.8379,5.0478,0.6062,7.5694,
99,0.0066,0.2224,0.5952,0.0708,0.0037,0.315,0.0001,0.0607,0.1343,0.0002,0.1731,0.771,0.1179,1.7235,4.7923,0.6002,7.1875,
100,0.0063,0.2111,0.6909,0.0563,0.0018,0.2793,0,0.0593,0.1423,0.0003,0.1767,0.7285,0.1242,1.7693,5.1201,0.6081,7.568,
101,0.0067,0.2241,0.6025,0.0583,0.0043,0.2436,0.0001,0.0545,0.1328,0.0002,0.1712,0.6834,0.1181,1.6452,4.1316,0.5428,6.3901,
102,0.0061,0.2019,0.7221,0.0601,0.0041,0.2887,0.0001,0.0573,0.1308,0.0003,0.1735,0.733,0.1164,1.7893,4.9953,0.5305,7.3906,
103,0.0061,0.3015,0.6061,0.0574,0.0016,0.232,0.0001,0.0695,0.13,0.0003,0.1757,0.6801,0.1242,1.7339,4.8894,0.6793,7.3786,
104,0.0083,0.1016,0.6056,0.0561,0.004,0.2475,0.0001,0.0545,0.121,0.0002,0.1726,0.6732,0.1072,1.5095,4.8213,0.6357,7.0526,
105,0.0062,0.2177,0.63,0.0575,0.0018,0.2442,0.0001,0.0571,0.1326,0.0002,0.1888,0.6985,0.102,1.6653,4.7778,0.5882,7.1027,
106,0.0064,0.1991,0.5834,0.0564,0.0016,0.2888,0.0001,0.0626,0.1289,0.0003,0.1839,0.7409,0.1172,1.657,4.6776,0.6179,7.0252,
107,0.0061,0.2039,0.6034,0.0612,0.004,0.2488,0.0001,0.0605,0.1235,0.0002,0.1717,0.6842,0.1056,1.6176,4.5079,0.6193,6.8203,
108,0.0069,0.2098,0.5759,0.0561,0.0033,0.2918,0.0001,0.0604,0.1284,0.0002,0.1735,0.7299,0.1203,1.6554,4.9608,0.6271,7.3187,
109,0.0063,0.209,0.5779,0.0541,0.0022,0.2456,0.0001,0.0624,0.1375,0.0001,0.1801,0.6981,0.1094,1.6143,4.8731,0.6371,7.1974,
110,0.0061,0.2127,0.5875,0.0641,0.0036,0.2402,0.0001,0.0611,0.1282,0.0002,0.165,0.6786,0.1293,1.6256,4.5025,0.593,6.7937,
111,0.0063,0.2238,0.5797,0.0511,0.0015,0.2762,0.0001,0.0611,0.1298,0.0002,0.1737,0.7043,0.1111,1.6348,4.4399,0.4526,6.5986,
112,0.0065,0.0869,0.6151,0.0644,0.0028,0.2493,0.0001,0.0691,0.1221,0.0002,0.172,0.6991,0.2222,1.6427,4.855,0.612,7.1871,
113,0.0063,0.2117,0.6475,0.0587,0.0047,0.3679,0.0001,0.0706,0.1355,0.0002,0.1805,0.837,0.1133,1.8258,5.1103,0.6701,7.6798,
114,0.0061,0.2276,0.6871,0.0582,0.0043,0.3163,0.0001,0.0668,0.1237,0.0002,0.172,0.7577,0.1026,1.796,4.7375,0.6115,7.2243,
115,0.0069,0.3032,0.6046,0.0536,0.0078,0.2362,0.0001,0.068,0.1292,0.0003,0.182,0.694,0.1134,1.7381,4.9734,0.6288,7.4189,
116,0.0065,0.2019,0.589,0.0636,0.0041,0.2322,0.0001,0.0553,0.1276,0.0002,0.1699,0.668,0.1008,1.5743,4.8384,0.6319,7.1177,
117,0.0065,0.202,0.6024,0.0524,0.0048,0.2965,0.0001,0.0603,0.1325,0.0002,0.1781,0.7387,0.1217,1.6803,4.3905,0.5854,6.732,
118,0.0066,0.199,0.575,0.0559,0.005,0.2649,0.0001,0.0683,0.1266,0.0003,0.1747,0.7136,0.1141,1.6204,5.1478,0.5845,7.4313,
119,0.0068,0.223,0.6086,0.0724,0.0067,0.2545,0,0.073,0.1305,0.0002,0.1632,0.7145,0.1159,1.6801,4.8805,0.5455,7.1837,
120,0.0065,0.1988,0.6147,0.0584,0.0039,0.302,0.0002,0.0553,0.1292,0.0002,0.1661,0.7317,0.1132,1.6809,5.1543,0.6433,7.5508,
121,0.006,0.2334,0.629,0.0585,0.0082,0.2508,0.0001,0.0676,0.1309,0.0002,0.1647,0.6996,0.1193,1.702,4.8464,0.5558,7.1746,
122,0.006,0.2137,0.5936,0.0567,0.0039,0.2406,0,0.0637,0.1384,0.0003,0.1833,0.7023,0.1121,1.6386,4.8388,0.558,7.1099,
123,0.0065,0.2308,0.6013,0.0613,0.0021,0.2266,0.0001,0.0561,0.1315,0.0002,0.1721,0.6656,0.1107,1.6283,4.3619,0.603,6.6674,
124,0.0059,0.2122,0.6049,0.0642,0.0017,0.2447,0.0001,0.0624,0.1285,0.0002,0.1782,0.6942,0.1274,1.6574,4.2251,0.6296,6.5867,
125,0.0062,0.2325,0.6329,0.0583,0.0077,0.2545,0.0001,0.0614,0.1358,0.0002,0.1676,0.7026,0.1143,1.7012,5.1039,0.4632,7.3389,
126,0.0059,0.2182,0.6084,0.0599,0.0023,0.2422,0.0001,0.0592,0.13,0.0001,0.1701,0.678,0.1055,1.6245,5.1197,0.6942,7.5168,
127,0.0076,0.2266,0.6353,0.0526,0.0055,0.3049,0.0001,0.0625,0.1242,0.0003,0.1808,0.7566,0.1806,1.8239,4.7461,0.6565,7.3,
128,0.0066,0.0921,0.6206,0.0498,0.0019,0.3022,0.0001,0.0609,0.1181,0.0002,0.1588,0.7083,0.1258,1.5685,4.7307,0.6565,7.0325,
129,0.007,0.2224,0.6294,0.0612,0.0043,0.2419,0.0001,0.0634,0.137,0.0002,0.1797,0.7065,0.1222,1.7016,5.2322,0.6157,7.6273,
130,0.0061,0.2078,0.5944,0.0528,0.0019,0.2828,0.0001,0.0678,0.1316,0.0002,0.1644,0.7187,0.1156,1.6525,4.4822,0.6229,6.8329,
131,0.0062,0.22,0.6157,0.0524,0.0034,0.2984,0.0001,0.0703,0.1392,0.0002,0.162,0.7397,0.1048,1.7022,4.6512,0.6554,7.0848,
132,0.0069,0.209,0.5996,0.0638,0.0039,0.2389,0.0001,0.065,0.1262,0.0003,0.1715,0.6857,0.1238,1.6357,4.3569,0.578,6.6424,
133,0.007,0.2112,0.6206,0.0656,0.0046,0.248,0.0001,0.0668,0.1299,0.0002,0.1749,0.7066,0.1244,1.6804,4.6112,0.5979,6.9618,
134,0.0066,0.2092,0.5757,0.0599,0.0017,0.2243,0,0.0647,0.122,0.0002,0.1702,0.6541,0.1076,1.5615,4.4821,0.6499,6.765,
135,0.0065,0.208,0.5957,0.0578,0.0041,0.3025,0.0001,0.0531,0.1226,0.0002,0.1726,0.7722,0.1193,1.7148,4.6259,0.6106,7.0228,
136,0.0071,0.1867,0.6241,0.0604,0.0017,0.2457,0.0001,0.0597,0.1226,0.0002,0.174,0.6746,0.1077,1.6151,4.6863,0.5804,6.9522,
137,0.006,0.2109,0.6541,0.0583,0.0037,0.3046,0,0.0606,0.1319,0.0002,0.1819,0.756,0.1054,1.742,5.1709,0.6442,7.6286,
138,0.0059,0.2153,0.5978,0.0618,0.0022,0.2432,0.0002,0.0562,0.1281,0.0002,0.1794,0.6893,0.1139,1.6351,5.0172,0.6453,7.3705,
139,0.0059,0.2074,0.5899,0.058,0.0039,0.2529,0.0001,0.0671,0.1335,0.0002,0.265,0.7965,0.1294,1.7382,4.2624,0.57,6.641,
140,0.0062,0.2118,0.5881,0.0594,0.0015,0.2852,0.0001,0.0529,0.1244,0.0002,0.1697,0.7027,0.101,1.6209,4.7368,0.4976,6.9245,
141,0.0065,0.2076,0.5827,0.056,0.0072,0.2572,0.0001,0.0567,0.1316,0.0001,0.175,0.7017,0.122,1.6269,5.0658,0.6764,7.4501,
142,0.0063,0.2206,0.5869,0.0687,0.0071,0.2518,0.0001,0.0695,0.129,0.0002,0.1539,0.6993,0.1148,1.6384,4.272,0.6149,6.5963,
143,0.0061,0.2054,0.5793,0.0545,0.0079,0.3028,0.0001,0.0563,0.1323,0.0003,0.1689,0.7422,0.225,1.7723,4.5723,0.624,7.0434,
144,0.0076,0.1032,0.5834,0.0633,0.0016,0.2863,0.0001,0.0535,0.1201,0.0002,0.1801,0.718,0.1198,1.5497,3.9949,0.6511,6.2758,
145,0.0066,0.8732,0.6114,0.0639,0.0019,0.2374,0.0001,0.066,0.1334,0.0002,0.1639,0.682,0.1302,2.3153,4.8438,0.6151,7.8498,
146,0.006,0.222,0.6198,0.0595,0.0035,0.2419,0.0001,0.0764,0.1308,0.0002,0.1811,0.7119,0.122,1.6942,4.7383,0.3785,6.8841,
147,0.006,0.2155,0.6176,0.0605,0.0052,0.2527,0.0001,0.0592,0.1298,0.0002,0.1756,0.7004,0.1035,1.6539,4.6579,0.6063,6.9924,
148,0.0061,0.2217,0.5704,0.0578,0.0044,0.3041,0.0001,0.0639,0.1393,0.0002,0.1767,0.7606,0.1143,1.6865,4.3596,0.6084,6.7312,
149,0.0068,0.2111,0.6518,0.0657,0.0046,0.2435,0.0001,0.0623,0.1277,0.0003,0.1728,0.691,0.1259,1.699,4.74,0.6203,7.1325,
150,0.0059,0.2157,0.5942,0.061,0.0017,0.2603,0.0001,0.0549,0.1301,0.0001,0.1822,0.7071,0.1202,1.6537,4.5171,0.5527,6.7944,
151,0.0061,0.2077,0.6108,0.0639,0.0025,0.2346,0.0001,0.0761,0.1429,0.0002,0.168,0.7017,0.1277,1.6655,4.9866,0.5408,7.2641,
152,0.0069,0.1853,0.6039,0.0623,0.0021,0.3369,0.0001,0.0589,0.1253,0.0002,0.1763,0.7815,0.1035,1.6966,4.822,0.5525,7.1445,
153,0.0065,0.2162,0.6293,0.0635,0.0018,0.2952,0.0001,0.0601,0.1319,0.0002,0.1698,0.7405,0.1145,1.7183,4.8836,0.6037,7.2837,
154,0.0066,0.2223,0.6104,0.0587,0.0021,0.2406,0.0001,0.0718,0.1279,0.0002,0.1623,0.6808,0.1245,1.6549,4.7954,0.6109,7.1368,
155,0.0067,0.2081,0.6002,0.06,0.0028,0.2337,0.0001,0.0688,0.1254,0.0002,0.1713,0.6776,0.1239,1.625,4.2203,0.5639,6.4856,
156,0.0061,0.2133,0.5817,0.0574,0.0037,0.3009,0.0001,0.0743,0.149,0.0002,0.2091,0.8216,0.1158,1.7548,4.4717,0.5663,6.8701,
157,0.0061,0.2097,0.609,0.0576,0.0037,0.3206,0.0001,0.0638,0.1309,0.0003,0.163,0.7564,0.126,1.7167,5.0655,0.6049,7.4675,
158,0.0061,0.2941,0.6075,0.0585,0.002,0.2428,0.0001,0.0643,0.1358,0.0003,0.1622,0.6829,0.1153,1.7173,3.9358,0.552,6.2781,
159,0.0063,0.2039,0.6061,0.0545,0.0034,0.2881,0.0001,0.0633,0.1376,0.0002,0.1679,0.7335,0.1193,1.6774,4.4779,0.6242,6.8511,
160,0.0065,0.0883,0.6831,0.063,0.0019,0.2395,0.0001,0.0556,0.124,0.0003,0.1654,0.6681,0.1108,1.5695,4.5284,0.6192,6.789,
161,0.0062,0.2363,0.6889,0.0598,0.0022,0.2496,0.0001,0.0549,0.1286,0.0003,0.1681,0.6802,0.1158,1.7422,4.7645,0.5882,7.1697,
162,0.0066,0.2055,0.6688,0.0583,0.0043,0.2442,0.0001,0.0599,0.1315,0.0002,0.1736,0.6875,0.1148,1.691,4.2089,0.6292,6.6023,
163,0.0062,0.2204,0.6232,0.055,0.0066,0.2455,0.0001,0.0619,0.133,0.0002,0.1695,0.6855,0.1021,1.6501,4.5873,0.5826,6.8911,
164,0.0059,0.2083,0.694,0.0625,0.0069,0.3129,0.0001,0.0668,0.1187,0.0003,0.1576,0.7451,0.1063,1.771,4.3339,0.569,6.7455,
165,0.0066,0.2129,0.6026,0.1428,0.0022,0.3268,0.0001,0.0708,0.1317,0.0002,0.1839,0.8773,0.1156,1.8293,4.9328,0.6307,7.4685,
166,0.0062,0.2192,0.7384,0.0604,0.0031,0.2485,0.0001,0.058,0.1364,0.0001,0.1678,0.6962,0.1313,1.8041,4.7829,0.5726,7.2337,
167,0.0064,0.1769,0.5717,0.0522,0.0062,0.2284,0.0001,0.062,0.1211,0.0002,0.1826,0.6673,0.1196,1.5527,4.7446,0.5731,6.9466,
