0,0.0064,0.1877,0.5591,0.0764,0.0047,0.2343,0,0.0798,0.1109,0.0002,0.2704,0.7917,0.1176,1.6782,2.995,0.4212,5.1577,
1,0.0063,0.2201,0.575,0.0429,0.0036,0.2233,0.0001,0.0626,0.1053,0.0003,0.1715,0.625,0.135,1.5718,3.135,0.4953,5.2785,
2,0.0058,0.2243,0.5528,0.0523,0.002,0.2213,0.0001,0.0586,0.1043,0.0002,0.1641,0.6216,0.1154,1.5294,3.1015,0.5051,5.205,
3,0.006,0.1814,0.6049,0.0524,0.0042,0.225,0.0001,0.0639,0.1083,0.0002,0.1824,0.6527,0.1143,1.5664,2.7548,0.4176,4.8063,
4,0.0056,0.2013,0.5253,0.0415,0.0049,0.2298,0.0001,0.06,0.1061,0.0002,0.1667,0.624,0.1147,1.4775,2.9179,0.4808,4.9462,
5,0.0058,0.0887,0.5253,0.0458,0.0036,0.2174,0.0001,0.0669,0.1029,0.0002,0.1649,0.6135,0.1137,1.3558,3.0741,0.5005,4.9962,
6,0.0057,0.0983,0.5766,0.0453,0.0023,0.2203,0.0001,0.0582,0.1088,0.0002,0.1571,0.6089,0.1292,1.4299,3.1578,0.5683,5.2225,
7,0.0057,0.2047,0.551,0.06,0.0043,0.2688,0.0001,0.058,0.1096,0.0003,0.1644,0.6818,0.1051,1.5587,2.7838,0.4683,4.8831,
8,0.0061,0.2263,0.5225,0.0526,0.0015,0.2701,0.0001,0.0728,0.1168,0.0002,0.1759,0.7091,0.1161,1.5958,3.3132,0.538,5.5228,
9,0.0058,0.2142,0.5647,0.0543,0.0024,0.2305,0.0001,0.0646,0.1155,0.0002,0.2334,0.7166,0.1142,1.6261,3.0708,0.5038,5.2721,
10,0.0056,0.2142,0.5527,0.0493,0.0022,0.2765,0,0.0718,0.1053,0.0003,0.1706,0.692,0.1119,1.5865,3.1982,0.5499,5.4069,
11,0.0057,0.2096,0.5689,0.0553,0.0036,0.2714,0.0001,0.0599,0.1133,0.0003,0.1657,0.6865,0.1228,1.6032,2.8149,0.505,4.995,
12,0.0059,0.1996,0.5179,0.0634,0.0018,0.2216,0.0001,0.0653,0.1081,0.0001,0.1617,0.6362,0.1118,1.4817,3.2804,0.4695,5.3055,
13,0.0056,0.202,0.5172,0.0512,0.0018,0.26,0.0001,0.0614,0.1846,0.0002,0.1652,0.7385,0.1326,1.6053,3.3334,0.5694,5.581,
14,0.0057,0.2039,0.5352,0.0515,0.0031,0.2711,0.0001,0.0649,0.109,0.0002,0.1749,0.691,0.1158,1.5614,3.3634,0.5555,5.5516,
15,0.0056,0.2131,0.5647,0.0572,0.0017,0.256,0.0001,0.0606,0.1091,0.0001,0.1644,0.6584,0.1119,1.5653,3.4163,0.565,5.6222,
16,0.006,0.1026,0.5464,0.0534,0.0016,0.2737,0.0001,0.0669,0.1103,0.0002,0.1531,0.6747,0.1044,1.4448,3.5968,0.5843,5.6988,
17,0.0058,0.2138,0.5708,0.059,0.0048,0.2181,0.0001,0.0545,0.1244,0.0002,0.1649,0.6383,0.1063,1.5429,3.5056,0.5869,5.7104,
18,0.0057,0.2058,0.5586,0.0523,0.0035,0.2671,0.0001,0.055,0.1224,0.0003,0.16,0.6763,0.1302,1.5873,3.1776,0.5055,5.3516,
19,0.0057,0.2527,0.5471,0.0546,0.0037,0.2736,0.0001,0.0558,0.1139,0.0002,0.1594,0.6779,0.1219,1.6176,3.503,0.5932,5.7862,
20,0.0058,0.2007,0.5172,0.0582,0.0027,0.2784,0.0001,0.0584,0.2535,0.0003,0.1914,0.8605,0.1096,1.7029,3.6851,0.4821,5.9438,
21,0.006,0.2012,0.5511,0.0568,0.0021,0.2858,0.0001,0.0681,0.1416,0.0002,0.1639,0.7316,0.1015,1.6009,3.6384,0.575,5.8896,
22,0.0057,0.2134,0.5532,0.0536,0.0018,0.2878,0.0001,0.0677,0.1364,0.0003,0.1816,0.7485,0.1213,1.6521,3.2165,0.5023,5.4451,
23,0.0058,0.2089,0.5351,0.0579,0.0041,0.2508,0.0001,0.0526,0.1413,0.0002,0.1692,0.692,0.1181,1.5707,3.5448,0.5742,5.7597,
24,0.0065,0.2016,0.6041,0.0522,0.002,0.2836,0.0001,0.0727,0.1282,0.0003,0.1677,0.7235,0.116,1.6643,3.956,0.59,6.288,
25,0.0062,0.2178,0.5764,0.0583,0.0022,0.3021,0,0.0644,0.1428,0.0003,0.1753,0.7601,0.1174,1.6928,3.931,0.5783,6.2758,
26,0.0061,0.2105,0.5373,0.0567,0.0019,0.2908,0.0001,0.063,0.138,0.0002,0.161,0.7277,0.1198,1.6114,3.7443,0.5122,5.9428,
27,0.0062,0.2057,0.5583,0.0524,0.0036,0.2711,0,0.0663,0.1342,0.0003,0.182,0.7246,0.1138,1.623,4.0608,0.5069,6.2639,
28,0.0063,0.1952,0.5491,0.057,0.0045,0.2889,0.0001,0.062,0.1333,0.0002,0.1716,0.7367,0.1131,1.6098,3.6127,0.5021,5.7948,
29,0.0058,0.2071,0.5429,0.0566,0.0042,0.3293,0.0001,0.0609,0.1417,0.0002,0.1742,0.7841,0.1133,1.6625,3.9427,0.5028,6.1767,
30,0.0056,0.1951,0.5258,0.0545,0.002,0.2892,0,0.0607,0.1329,0.0002,0.1722,0.723,0.1236,1.5819,4.1311,0.518,6.3016,
31,0.0058,0.2043,0.5797,0.0559,0.0032,0.2399,0.0001,0.0649,0.1441,0.0002,0.1827,0.7052,0.1022,1.6061,3.3868,0.5822,5.6455,
32,0.0061,0.1791,0.5635,0.0581,0.0017,0.2883,0.0001,0.0653,0.1211,0.0002,0.228,0.7774,0.1131,1.6488,4.2214,0.6008,6.5485,
33,0.0055,0.2039,0.5601,0.0521,0.0019,0.2963,0.0001,0.0632,0.1333,0.0002,0.1604,0.7225,0.1035,1.6065,4.2227,0.487,6.3879,
34,0.0058,0.2234,0.5563,0.053,0.0024,0.291,0.0001,0.0646,0.139,0.0001,0.1697,0.7337,0.1056,1.6732,3.8366,0.6069,6.1876,
35,0.0056,0.214,0.5522,0.0551,0.0044,0.2898,0.0001,0.055,0.1394,0.0002,0.1806,0.7443,0.1343,1.6588,4.3381,0.5493,6.6185,
36,0.0058,0.2078,0.5611,0.0515,0.0016,0.2969,0.0001,0.0651,0.144,0.0003,0.1721,0.7465,0.1189,1.6476,4.1002,0.6153,6.4368,
37,0.0058,0.2159,0.5347,0.0523,0.0038,0.2957,0.0001,0.0573,0.1493,0.0003,0.1729,0.7475,0.1208,1.6355,3.8805,0.5288,6.116,
38,0.0057,0.2017,0.547,0.0542,0.0021,0.2855,0,0.0554,0.1389,0.0002,0.1595,0.7064,0.1046,1.5748,4.581,0.4488,6.6801,
39,0.0064,0.2157,0.579,0.0571,0.0043,0.2868,0.0001,0.061,0.1376,0.0002,0.1752,0.739,0.1159,1.6683,4.1502,0.6455,6.545,
40,0.006,0.1781,0.5802,0.0579,0.0042,0.2781,0.0001,0.0639,0.1235,0.0003,0.1563,0.6959,0.1129,1.5828,4.52,0.6378,6.8182,
41,0.0059,0.2253,0.5875,0.0561,0.0049,0.3031,0.0001,0.0555,0.1445,0.0003,0.1694,0.7501,0.1042,1.6853,4.4644,0.5553,6.7768,
42,0.0057,0.2126,0.5703,0.0535,0.004,0.3042,0.0001,0.0623,0.1584,0.0002,0.1702,0.7696,0.1199,1.6892,4.7455,0.6224,7.1279,
43,0.006,0.2081,0.5607,0.0524,0.002,0.2934,0.0001,0.0644,0.1412,0.0002,0.1612,0.7304,0.104,1.6195,4.738,0.642,7.0677,
44,0.006,0.207,0.5573,0.0547,0.0018,0.2923,0.0001,0.0558,0.138,0.0002,0.1785,0.737,0.12,1.6399,4.8874,0.5842,7.1853,
45,0.0058,0.215,0.5535,0.0492,0.0016,0.2953,0.0001,0.0523,0.1451,0.0002,0.1605,0.7141,0.1158,1.6154,4.6077,0.663,6.9548,
46,0.0059,0.2014,0.52,0.0557,0.0059,0.295,0.0001,0.0676,0.1362,0.0002,0.1774,0.7534,0.1033,1.5902,4.9243,0.5856,7.1715,
47,0.0057,0.2575,0.5435,0.0506,0.0018,0.2744,0.0001,0.0664,0.1392,0.0002,0.1735,0.7271,0.1249,1.6689,3.9799,0.67,6.3924,
48,0.0063,0.0896,0.5696,0.0602,0.0022,0.3225,0.0001,0.0651,0.1381,0.0002,0.1774,0.784,0.1142,1.5761,5.1022,0.6703,7.4293,
49,0.0058,0.2113,0.6514,0.058,0.0015,0.2553,0.0001,0.0915,0.1334,0.0003,0.1789,0.7317,0.1255,1.7347,4.819,0.5927,7.2184,
50,0.0057,0.1735,0.5935,0.0508,0.0041,0.2929,0.0001,0.0629,0.137,0.0002,0.1667,0.7327,0.1,1.6163,4.9249,0.6703,7.2838,
51,0.0057,0.1835,0.5455,0.0524,0.0043,0.2916,0.0001,0.06,0.1351,0.0002,0.178,0.7364,0.1219,1.6025,4.166,0.4917,6.3315,
52,0.006,0.2153,0.6514,0.053,0.0016,0.2853,0.0001,0.0674,0.1283,0.0002,0.1839,0.7328,0.0996,1.7187,4.4504,0.6485,6.8873,
53,0.0056,0.2081,0.6269,0.059,0.0015,0.2737,0.0001,0.0618,0.1327,0.0002,0.1659,0.7038,0.1121,1.6645,4.7533,0.5959,7.0848,
54,0.0057,0.3187,0.5432,0.0545,0.0015,0.2809,0,0.0638,0.1331,0.0002,0.1688,0.7118,0.1272,1.7141,4.4423,0.6606,6.8867,
55,0.0058,0.2008,0.6409,0.0526,0.0015,0.2671,0.0001,0.06,0.1223,0.0001,0.1592,0.672,0.1173,1.643,4.9151,0.7769,7.4025,
56,0.0062,0.1844,0.5649,0.057,0.0019,0.2793,0.0001,0.0602,0.1289,0.0002,0.1836,0.728,0.1347,1.635,5.1153,0.6554,7.4809,
57,0.0057,0.2171,0.5699,0.0546,0.0017,0.2987,0.0001,0.0639,0.1396,0.0002,0.168,0.7454,0.1081,1.6592,4.9271,0.6746,7.3307,
58,0.0055,0.2165,0.549,0.0568,0.004,0.232,0.0001,0.072,0.1348,0.0002,0.1735,0.6917,0.1122,1.5861,5.0058,0.4305,7.0936,
59,0.006,0.2087,0.5554,0.0523,0.0016,0.2673,0,0.0647,0.1294,0.0002,0.1667,0.6991,0.1081,1.5863,5.072,0.6001,7.3298,
60,0.0056,0.2065,0.5319,0.0514,0.0015,0.2359,0.0001,0.0689,0.1331,0.0001,0.1589,0.6594,0.1089,1.5212,4.9669,0.6556,7.2169,
61,0.0056,0.2096,0.5263,0.0518,0.0014,0.2776,0.0001,0.0572,0.1407,0.0002,0.1844,0.7241,0.1181,1.5939,4.3215,0.5798,6.5687,
62,0.0058,0.2124,0.5478,0.0493,0.0037,0.2748,0.0001,0.064,0.1278,0.0002,0.1651,0.7022,0.1106,1.5886,4.6561,0.5314,6.8481,
63,0.0058,0.291,0.5509,0.0561,0.0015,0.2738,0.0001,0.0637,0.129,0.0003,0.1714,0.7117,0.1324,1.7008,5.0868,0.6029,7.4606,
64,0.006,0.0821,0.5698,0.0527,0.0022,0.2754,0.0001,0.0611,0.1318,0.0002,0.1528,0.6913,0.1108,1.4742,5.1281,0.6481,7.3298,
65,0.0059,0.2074,0.6261,0.0684,0.0057,0.2424,0,0.0671,0.1377,0.0001,0.1738,0.7068,0.1144,1.6738,4.8481,0.624,7.218,
66,0.0057,0.2063,0.575,0.0534,0.0036,0.2769,0.0001,0.0653,0.1248,0.0003,0.1676,0.7093,0.1281,1.6365,5.0255,0.5873,7.3203,
67,0.0056,0.2188,0.54,0.053,0.0036,0.2649,0,0.0662,0.1237,0.0002,0.1622,0.6849,0.1051,1.5624,4.6886,0.5865,6.907,
68,0.0055,0.211,0.5267,0.0509,0.0031,0.2765,0.0001,0.0722,0.1315,0.0002,0.195,0.75,0.1243,1.6616,4.4969,0.658,6.8885,
69,0.0057,0.2046,0.55,0.056,0.004,0.2773,0.0001,0.065,0.1283,0.0002,0.1648,0.7149,0.1066,1.5922,4.9653,0.5861,7.2135,
70,0.0056,0.2096,0.5858,0.0534,0.0033,0.2316,0.0001,0.0663,0.1252,0.0003,0.1738,0.6692,0.1104,1.5902,4.3564,0.5874,6.6058,
71,0.006,0.2081,0.5672,0.0553,0.0019,0.2638,0.0001,0.0643,0.1252,0.0003,0.1646,0.6909,0.131,1.6133,4.7376,0.6622,7.0822,
72,0.006,0.0988,0.5667,0.0542,0.002,0.274,0.0001,0.07,0.123,0.0002,0.1592,0.6997,0.1224,1.5061,4.8992,0.6798,7.1604,
73,0.0055,0.2219,0.5577,0.0577,0.002,0.228,0.0001,0.0536,0.1235,0.0002,0.1745,0.6547,0.1169,1.5678,4.6187,0.6467,6.9046,
74,0.0057,0.2284,0.5598,0.0521,0.0042,0.2262,0.0001,0.0588,0.1266,0.0002,0.168,0.6568,0.1114,1.5731,4.6351,0.6321,6.9137,
75,0.0056,0.2091,0.5604,0.0566,0.007,0.2314,0,0.064,0.1265,0.0002,0.1722,0.6734,0.121,1.579,4.6561,0.6257,6.9313,
76,0.0056,0.2033,0.5597,0.0535,0.0019,0.232,0.0001,0.0631,0.1252,0.0002,0.1623,0.6546,0.1132,1.5451,4.7295,0.684,7.0293,
77,0.0057,0.2102,0.5555,0.0553,0.0043,0.2303,0,0.0553,0.1279,0.0002,0.1643,0.6492,0.1177,1.5464,4.8571,0.6753,7.1481,
78,0.0059,0.2161,0.5167,0.0568,0.0018,0.2187,0.0002,0.0662,0.125,0.0002,0.1695,0.6547,0.1146,1.5202,5.0323,0.595,7.2209,
79,0.0057,0.2256,0.5329,0.0523,0.002,0.2716,0.0001,0.0558,0.1361,0.0002,0.1628,0.6914,0.1016,1.5689,4.5638,0.3714,6.5767,
80,0.0058,0.1905,0.6659,0.0519,0.0029,0.2497,0.0001,0.063,0.1165,0.0003,0.1831,0.6871,0.123,1.6859,4.8106,0.6664,7.2398,
81,0.0057,0.2136,0.7061,0.0429,0.0076,0.2278,0.0001,0.0801,0.1431,0.0003,0.2136,0.7429,0.1071,1.7865,4.1331,0.5408,6.5342,
82,0.0057,0.2034,0.6838,0.0586,0.0022,0.2811,0,0.0542,0.128,0.0003,0.1717,0.7119,0.1113,1.7291,5.0716,0.6682,7.5395,
83,0.0057,0.2986,0.5721,0.0535,0.0038,0.2216,0.0001,0.0631,0.1257,0.0002,0.1608,0.6457,0.1175,1.649,4.567,0.6185,6.9074,
84,0.0057,0.3348,0.564,0.0547,0.0039,0.2686,0.0001,0.0683,0.1238,0.0002,0.175,0.7117,0.1087,1.7387,4.3492,0.6572,6.8154,
85,0.0059,0.2036,0.6625,0.0524,0.0046,0.2321,0.0001,0.0595,0.125,0.0003,0.1766,0.6664,0.1241,1.6731,5.0926,0.6017,7.4439,
86,0.0062,0.1991,0.5486,0.0529,0.0015,0.2745,0.0001,0.0645,0.129,0.0002,0.1739,0.7127,0.1115,1.5899,4.8712,0.6548,7.1881,
87,0.0056,0.1893,0.5531,0.0497,0.0017,0.2629,0.0001,0.0635,0.1272,0.0002,0.1682,0.6871,0.1286,1.5751,4.6529,0.6132,6.9108,
88,0.0061,0.1846,0.5682,0.0585,0.0044,0.2451,0.0001,0.0533,0.1118,0.0003,0.1738,0.6634,0.1207,1.5578,4.8783,0.6364,7.1463,
89,0.0058,0.2179,0.5625,0.0559,0.0047,0.2449,0,0.0576,0.1277,0.0003,0.1711,0.6763,0.1255,1.5981,4.733,0.6491,7.0547,
90,0.0056,0.1102,0.5632,0.0528,0.0041,0.2758,0.0001,0.0594,0.1249,0.0002,0.1793,0.7154,0.1261,1.5312,4.8228,0.6024,7.0325,
91,0.006,0.2162,0.5719,0.0543,0.0044,0.2723,0.0001,0.0647,0.1234,0.0002,0.1667,0.6988,0.1107,1.6172,4.5616,0.5963,6.8474,
92,0.0056,0.2076,0.5255,0.0531,0.0039,0.2652,0.0001,0.0638,0.1278,0.0002,0.185,0.7161,0.1201,1.5854,5.0771,0.6696,7.4034,
93,0.0056,0.2068,0.5583,0.0511,0.0017,0.2288,0.0001,0.0527,0.1244,0.0003,0.1732,0.6474,0.1134,1.5414,5.0342,0.6682,7.3154,
94,0.0056,0.2032,0.5448,0.0511,0.0017,0.2711,0.0001,0.065,0.1227,0.0002,0.1701,0.6937,0.104,1.563,4.8826,0.6474,7.1625,
95,0.0056,0.2142,0.5547,0.0536,0.0054,0.2664,0.0001,0.0697,0.1119,0.0002,0.167,0.6907,0.1228,1.5988,5.2087,0.5968,7.4825,
96,0.0062,0.1843,0.5602,0.0663,0.0054,0.2267,0.0001,0.0638,0.118,0.0003,0.1884,0.6877,0.1068,1.5634,5.1262,0.6841,7.449,
97,0.0058,0.0983,0.5506,0.0649,0.0036,0.2783,0.0001,0.066,0.1237,0.0002,0.1749,0.7234,0.1162,1.505,5.075,0.6031,7.2565,
98,0.0058,0.2094,0.5658,0.0488,0.002,0.2768,0.0001,0.0552,0.1293,0.0001,0.1673,0.6914,0.1214,1.6016,4.9405,0.6536,7.2664,
99,0.0055,0.2136,0.5693,0.0583,0.0041,0.2659,0.0001,0.0643,0.1217,0.0002,0.1716,0.7042,0.1003,1.6063,4.0456,0.6089,6.3348,
100,0.0059,0.2086,0.5689,0.0551,0.0018,0.2216,0,0.0646,0.1222,0.0002,0.1717,0.6499,0.1026,1.5441,3.9654,0.681,6.2613,
101,0.0055,0.2074,0.5558,0.0508,0.0033,0.2173,0.0001,0.0549,0.126,0.0002,0.1818,0.6495,0.1129,1.5384,5.0937,0.3726,7.0757,
102,0.0056,0.2074,0.5466,0.0542,0.0018,0.2197,0.0001,0.0622,0.1248,0.0002,0.164,0.6392,0.124,1.5461,4.8644,0.6216,7.1063,
103,0.0064,0.2051,0.558,0.0543,0.0016,0.2234,0.0001,0.066,0.1254,0.0002,0.1702,0.6566,0.1086,1.543,4.4022,0.6759,6.6943,
104,0.0061,0.1153,0.5597,0.0568,0.0073,0.232,0.0001,0.0556,0.1122,0.0002,0.1647,0.6465,0.127,1.4677,4.8622,0.6028,7.0137,
105,0.0063,0.2173,0.6432,0.058,0.004,0.2681,0.0001,0.0738,0.1249,0.0002,0.1677,0.7103,0.1114,1.6999,4.5457,0.5916,6.9137,
106,0.0058,0.2063,0.5661,0.0521,0.0018,0.2295,0.0001,0.0607,0.1227,0.0002,0.1713,0.6486,0.1309,1.5654,5.1078,0.6184,7.366,
107,0.0058,0.2105,0.5727,0.059,0.0024,0.2737,0.0001,0.0577,0.1238,0.0002,0.1651,0.6991,0.1116,1.6123,4.6458,0.6193,6.9509,
108,0.0058,0.2228,0.558,0.0517,0.0045,0.2292,0.0001,0.0593,0.1258,0.0003,0.1768,0.6642,0.1125,1.5716,4.6274,0.6321,6.9021,
109,0.0059,0.2106,0.5572,0.053,0.0018,0.2269,0,0.0646,0.1315,0.0003,0.1753,0.675,0.1109,1.572,4.7178,0.6193,6.9863,
110,0.0061,0.2619,0.5448,0.055,0.0063,0.2311,0,0.0572,0.1259,0.0001,0.1747,0.6628,0.108,1.5923,5.1039,0.5991,7.3701,
111,0.0058,0.188,0.5143,0.0534,0.0038,0.2178,0.0001,0.0722,0.1249,0.0002,0.1812,0.6686,0.1105,1.4965,4.3973,0.6649,6.6332,
112,0.0061,0.0943,0.5662,0.0543,0.002,0.2776,0.0001,0.1475,0.1196,0.0002,0.178,0.7924,0.1203,1.5919,4.7512,0.6518,7.0714,
113,0.0058,0.2171,0.5585,0.0688,0.004,0.2965,0.0001,0.0572,0.1268,0.0003,0.1985,0.7706,0.112,1.6751,4.7874,0.6698,7.2035,
114,0.0057,0.2198,0.6862,0.056,0.0018,0.2355,0.0002,0.0557,0.1296,0.0002,0.1676,0.6631,0.1248,1.7082,4.4373,0.5848,6.8004,
115,0.0058,0.2029,0.5315,0.1635,0.0058,0.2951,0.0001,0.065,0.1232,0.0002,0.1718,0.8427,0.1127,1.7036,4.7199,0.6746,7.1684,
116,0.0058,0.2008,0.6242,0.0608,0.0045,0.2315,0.0001,0.0656,0.1279,0.0002,0.1881,0.6958,0.1109,1.6474,4.9486,0.5951,7.2628,
117,0.0057,0.2026,0.6264,0.0525,0.0041,0.2702,0,0.0632,0.1234,0.0002,0.1626,0.6949,0.1135,1.6526,4.5371,0.669,6.9342,
118,0.0057,0.2074,0.635,0.0513,0.0015,0.2143,0.0001,0.0582,0.1213,0.0002,0.1829,0.6392,0.1123,1.6071,4.6252,0.5605,6.8659,
119,0.0059,0.2196,0.6989,0.0471,0.0014,0.2137,0.0001,0.0657,0.122,0.0001,0.173,0.6318,0.1086,1.675,4.4518,0.6092,6.8086,
120,0.0061,0.0881,0.5953,0.0553,0.0032,0.2276,0.0001,0.0629,0.1138,0.0002,0.1561,0.6351,0.1161,1.4568,5.0327,0.6518,7.2211,
121,0.0057,0.2183,0.5694,0.0498,0.0054,0.2772,0.0001,0.0671,0.1312,0.0002,0.1764,0.7228,0.1239,1.6525,4.9851,0.6245,7.3388,
122,0.0056,0.2175,0.5784,0.0559,0.0036,0.2704,0.0001,0.0639,0.1234,0.0002,0.1642,0.6966,0.1242,1.6325,4.9374,0.5955,7.237,
123,0.0057,0.2069,0.5295,0.0536,0.0015,0.2231,0.0001,0.0673,0.1268,0.0002,0.1674,0.6509,0.1086,1.5119,4.9704,0.6077,7.1686,
124,0.0058,0.2178,0.547,0.0548,0.0015,0.2502,0.0001,0.0731,0.1295,0.0003,0.1741,0.7032,0.1095,1.5944,4.1971,0.6105,6.4729,
125,0.0056,0.2122,0.5659,0.0515,0.0036,0.2702,0.0001,0.0564,0.1254,0.0002,0.171,0.6991,0.1049,1.5967,4.7341,0.6103,7.0132,
126,0.0057,0.2158,0.5623,0.0619,0.0015,0.2174,0,0.0609,0.1216,0.0002,0.1612,0.6343,0.1155,1.5432,4.3392,0.5852,6.5376,
127,0.0056,0.217,0.5422,0.0568,0.0021,0.2186,0.0001,0.0632,0.1259,0.0002,0.164,0.6438,0.1008,1.5181,5.0061,0.588,7.1847,
128,0.0061,0.089,0.5694,0.0561,0.0019,0.2257,0.0001,0.064,0.1152,0.0002,0.1781,0.6532,0.1283,1.4562,4.8956,0.6693,7.102,
129,0.006,0.2187,0.559,0.048,0.0017,0.2398,0.0001,0.0679,0.1302,0.0002,0.1838,0.6879,0.23,1.7166,4.5178,0.6448,6.9584,
130,0.0058,0.2121,0.5563,0.0483,0.0023,0.2828,0.0001,0.0731,0.1282,0.0002,0.1779,0.7341,0.2289,1.7478,4.6456,0.5136,6.9801,
131,0.0058,0.2137,0.5512,0.0594,0.0036,0.2728,0,0.0612,0.1243,0.0003,0.1737,0.7126,0.2162,1.7078,4.8691,0.6069,7.2531,
132,0.0058,0.2814,0.5663,0.0515,0.0015,0.2108,0.0001,0.0599,0.1536,0.0002,0.1616,0.6489,0.1083,1.6212,4.4369,0.5925,6.7213,
133,0.0058,0.2059,0.5307,0.0504,0.0015,0.2187,0.0001,0.054,0.1268,0.0001,0.1805,0.6427,0.2223,1.6163,4.5942,0.671,6.9513,
134,0.0056,0.1996,0.5323,0.0517,0.0016,0.266,0.0001,0.0517,0.1236,0.0001,0.1715,0.6805,0.2045,1.6287,4.5374,0.5745,6.8158,
135,0.0058,0.2057,0.5661,0.0579,0.0071,0.2293,0,0.063,0.1231,0.0002,0.1726,0.6706,0.113,1.6051,4.2044,0.515,6.3993,
136,0.0062,0.1859,0.5783,0.0553,0.0018,0.275,0.0001,0.0662,0.1179,0.0003,0.1624,0.696,0.1141,1.5929,4.9462,0.6567,7.2769,
137,0.006,0.1044,0.6194,0.0556,0.0017,0.2733,0,0.0649,0.1226,0.0002,0.1687,0.6986,0.1139,1.5562,4.8934,0.6174,7.1378,
138,0.006,0.2102,0.542,0.052,0.0018,0.2309,0.0001,0.0569,0.1279,0.0003,0.1723,0.6626,0.1234,1.5541,4.9913,0.6638,7.2798,
139,0.0057,0.2093,0.5793,0.0504,0.002,0.2703,0.0001,0.0637,0.1226,0.0002,0.175,0.7017,0.1137,1.6198,4.6475,0.6256,6.9621,
140,0.0057,0.205,0.5393,0.0548,0.002,0.2195,0.0001,0.0647,0.1254,0.0003,0.1889,0.6722,0.1197,1.5522,4.2544,0.5001,6.3769,
141,0.0058,0.2058,0.5559,0.0528,0.0043,0.2159,0.0001,0.0576,0.1245,0.0002,0.1736,0.6411,0.1123,1.5296,4.7012,0.5704,6.8722,
142,0.0059,0.2264,0.576,0.052,0.0044,0.2231,0,0.062,0.1251,0.0002,0.1729,0.6514,0.112,1.5823,4.1594,0.5822,6.3954,
143,0.0054,0.1983,0.5375,0.0545,0.0034,0.2306,0,0.0611,0.1274,0.0002,0.1799,0.6735,0.1147,1.5395,4.8606,0.5868,7.059,
144,0.006,0.1839,0.5562,0.0557,0.0047,0.2308,0,0.0727,0.1132,0.0002,0.1666,0.6587,0.1123,1.527,4.3373,0.6367,6.5778,
145,0.0059,0.2148,0.5932,0.0512,0.0017,0.2787,0.0001,0.0569,0.127,0.0002,0.1889,0.7207,0.104,1.6506,4.9624,0.5565,7.244,
146,0.0056,0.2131,0.5438,0.057,0.002,0.2642,0.0001,0.0538,0.1277,0.0002,0.1804,0.7006,0.1063,1.5796,4.6104,0.5791,6.8422,
147,0.0056,0.215,0.5764,0.0516,0.0016,0.2253,0.0001,0.0631,0.1271,0.0002,0.1794,0.6633,0.1039,1.5756,4.2308,0.5594,6.4402,
148,0.0057,0.2046,0.5397,0.0522,0.0033,0.2768,0.0001,0.066,0.1268,0.0002,0.1739,0.7159,0.1058,1.5822,4.9669,0.604,7.2274,
149,0.0059,0.2938,0.5571,0.0497,0.0018,0.2197,0.0001,0.0641,0.1244,0.0002,0.17,0.6413,0.1022,1.6078,4.7595,0.577,7.018,
150,0.0056,0.2055,0.5791,0.0534,0.0037,0.2323,0.0001,0.0543,0.1277,0.0001,0.1634,0.6541,0.1152,1.5699,4.4885,0.6335,6.7651,
151,0.0055,0.2577,0.5555,0.0562,0.0053,0.2269,0.0001,0.0637,0.1256,0.0002,0.1617,0.6557,0.1161,1.6012,4.405,0.5017,6.5814,
152,0.0061,0.1791,0.5915,0.0615,0.0021,0.2642,0,0.0634,0.118,0.0003,0.1724,0.695,0.1205,1.6049,4.9893,0.5334,7.2012,
153,0.0057,0.2202,0.5452,0.0591,0.0021,0.2216,0.0001,0.0643,0.1256,0.0001,0.1673,0.6527,0.1135,1.5445,5.0257,0.642,7.2842,
154,0.0057,0.2108,0.557,0.0547,0.002,0.2248,0.0001,0.0687,0.1255,0.0002,0.173,0.6602,0.2062,1.648,4.6685,0.6143,7.0049,
155,0.0057,0.2031,0.5305,0.0533,0.0046,0.2158,0.0001,0.0614,0.1219,0.0002,0.1622,0.631,0.2064,1.584,4.75,0.6285,7.0346,
156,0.0054,0.2078,0.5708,0.0535,0.0017,0.2256,0.0001,0.0534,0.1239,0.0002,0.2272,0.6963,0.1169,1.6046,4.6028,0.525,6.8048,
157,0.0057,0.2076,0.5361,0.0521,0.0031,0.2208,0.0001,0.0668,0.13,0.0002,0.1675,0.6516,0.2142,1.6231,4.5128,0.619,6.8266,
158,0.0055,0.2201,0.5637,0.0525,0.0042,0.2676,0.0001,0.0543,0.1239,0.0002,0.1646,0.687,0.1928,1.6823,4.6893,0.6447,7.0865,
159,0.0057,0.2097,0.5444,0.0519,0.004,0.2306,0.0001,0.0605,0.1251,0.0002,0.2865,0.7774,0.1211,1.6672,4.3283,0.4928,6.5598,
160,0.0061,0.0879,0.5454,0.0504,0.0019,0.226,0.0001,0.0534,0.1113,0.0001,0.151,0.605,0.1134,1.3676,4.6324,0.6584,6.7369,
161,0.006,0.1914,0.5792,0.0606,0.0022,0.2263,0,0.0578,0.1102,0.0002,0.1788,0.6552,0.1104,1.5569,4.2994,0.5011,6.4352,
162,0.0057,0.2842,0.5658,0.0568,0.0038,0.2216,0.0001,0.0544,0.1249,0.0003,0.1746,0.6486,0.121,1.6342,4.8493,0.6534,7.2114,
163,0.0057,0.185,0.5691,0.0563,0.0037,0.227,0.0001,0.0665,0.126,0.0002,0.1634,0.6593,0.118,1.551,4.7399,0.6535,7.0187,
164,0.006,0.2141,0.57,0.054,0.0036,0.2237,0.0001,0.0692,0.1298,0.0002,0.1907,0.692,0.1477,1.6437,4.9269,0.6171,7.2593,
165,0.0062,0.1992,0.5403,0.0605,0.0033,0.2656,0.0001,0.0573,0.1264,0.0002,0.1721,0.6983,0.1105,1.5677,4.5147,0.5534,6.71,
166,0.0059,0.2052,0.534,0.0489,0.0044,0.2248,0,0.0568,0.1217,0.0003,0.1721,0.6406,0.1094,1.5033,4.7187,0.5754,6.8708,
167,0.0061,0.1697,0.5328,0.0535,0.0038,0.2146,0,0.0537,0.1247,0.0001,0.1718,0.6334,0.1222,1.4717,4.7577,0.6437,6.9462,
168,0.006,0.1036,0.575,0.0567,0.0022,0.2748,0.0001,0.0599,0.113,0.0002,0.1669,0.6922,0.1015,1.4912,4.7977,0.5766,6.9429,
169,0.0058,0.2165,0.5716,0.0678,0.0016,0.2219,0.0001,0.0559,0.111,0.0002,0.1738,0.6424,0.1191,1.5788,4.6757,0.6147,6.9425,
170,0.0057,0.2139,0.5476,0.0549,0.0056,0.2254,0.0001,0.0658,0.1318,0.0003,0.1629,0.6656,0.1146,1.5597,4.6796,0.6112,6.9222,
171,0.0056,0.2032,0.5493,0.0543,0.0044,0.2219,0.0001,0.0575,0.1238,0.0002,0.1695,0.6448,0.1171,1.5304,4.7508,0.5888,6.9404,
172,0.0057,0.2051,0.5435,0.0583,0.0021,0.2192,0.0001,0.0559,0.1272,0.0003,0.1662,0.6453,0.1103,1.5222,4.482,0.5135,6.5914,
173,0.0056,0.2199,0.5528,0.0559,0.0043,0.2137,0,0.0671,0.1139,0.0002,0.166,0.6381,0.1146,1.5408,4.5627,0.5618,6.7392,
174,0.0055,0.2075,0.5589,0.0507,0.002,0.2677,0.0001,0.0577,0.1123,0.0002,0.1714,0.6748,0.1262,1.586,4.5108,0.6045,6.7756,
175,0.006,0.2279,0.539,0.0497,0.0023,0.2053,0.0001,0.0602,0.1204,0.0003,0.1755,0.6293,0.1125,1.5296,4.6701,0.5786,6.8532,
176,0.006,0.1761,0.5631,0.0549,0.002,0.216,0.0001,0.0676,0.111,0.0003,0.1831,0.651,0.1207,1.5293,4.6242,0.6539,6.8864,
177,0.0057,0.2183,0.5666,0.0562,0.0017,0.2667,0.0001,0.0665,0.1258,0.0002,0.1729,0.7071,0.1158,1.624,4.7776,0.5408,7.0171,
178,0.0056,0.2165,0.57,0.0563,0.0015,0.2134,0.0001,0.0596,0.1216,0.0002,0.1715,0.6343,0.1249,1.5625,4.3303,0.5009,6.4688,
179,0.006,0.2063,0.5272,0.0494,0.0016,0.2252,0.0001,0.0673,0.1132,0.0002,0.1753,0.645,0.1204,1.5141,4.7451,0.5029,6.837,
180,0.0056,0.209,0.5124,0.0511,0.0015,0.2587,0.0001,0.0588,0.1251,0.0001,0.16,0.6647,0.1122,1.5106,4.1217,0.505,6.2133,
181,0.0059,0.2049,0.5533,0.0568,0.0044,0.2206,0,0.0558,0.1289,0.0003,0.1751,0.6634,0.1242,1.566,4.2504,0.5505,6.4398,
182,0.0059,0.2609,0.5573,0.0513,0.0022,0.2297,0,0.0637,0.1232,0.0002,0.1618,0.6431,0.103,1.579,4.2651,0.483,6.3989,
183,0.0057,0.2079,0.547,0.0534,0.005,0.2231,0.0001,0.0632,0.1237,0.0003,0.1738,0.66,0.1194,1.5495,4.9199,0.6275,7.1675,
184,0.0061,0.185,0.5434,0.055,0.002,0.2498,0,0.0675,0.1158,0.0002,0.1662,0.6727,0.1209,1.5403,4.9704,0.6035,7.1873,
185,0.0056,0.2148,0.5657,0.0639,0.0044,0.2712,0.0001,0.0571,0.1268,0.0002,0.1754,0.7167,0.1177,1.628,4.2124,0.5647,6.4768,
186,0.0056,0.2233,0.5269,0.0563,0.0019,0.2288,0,0.0684,0.1254,0.0002,0.1653,0.6614,0.1195,1.5473,4.5245,0.5312,6.6732,
187,0.0056,0.2089,0.5779,0.0569,0.0044,0.247,0.0001,0.0583,0.1265,0.0002,0.1855,0.6948,0.1117,1.6053,4.4953,0.5878,6.7626,
188,0.0061,0.2095,0.5453,0.0565,0.0021,0.2318,0.0001,0.0566,0.1303,0.0002,0.1869,0.6819,0.1221,1.5746,4.6095,0.6078,6.8682,
189,0.0058,0.2141,0.5584,0.0529,0.002,0.2645,0,0.0644,0.1246,0.0002,0.1712,0.6949,0.1108,1.5943,4.9252,0.6634,7.258,
190,0.0056,0.2019,0.5669,0.049,0.004,0.2224,0.0001,0.0621,0.1236,0.0002,0.1643,0.6419,0.1078,1.5338,4.6385,0.6464,6.8901,
191,0.006,0.2115,0.5362,0.0506,0.0015,0.2159,0.0001,0.0548,0.1233,0.0002,0.1709,0.6295,0.1149,1.5085,4.1536,0.5231,6.259,
192,0.0064,0.1795,0.6558,0.057,0.0053,0.2919,0.0001,0.0686,0.1126,0.0002,0.1729,0.7205,0.1105,1.686,4.6907,0.5854,7.0357,
193,0.0061,0.2156,0.5771,0.0657,0.0024,0.3004,0.0001,0.077,0.1599,0.0002,0.2217,0.8396,0.1278,1.7741,4.7112,0.5854,7.1434,
194,0.0058,0.2073,0.67,0.0484,0.0033,0.2195,0.0001,0.052,0.1241,0.0002,0.1603,0.6175,0.1095,1.6195,3.8128,0.453,5.9556,
195,0.0061,0.215,0.5404,0.0512,0.0021,0.2733,0.0001,0.06,0.1225,0.0002,0.211,0.7349,0.1208,1.6373,4.4836,0.4974,6.6953,
196,0.0057,0.2095,0.576,0.0555,0.0043,0.2246,0.0001,0.0607,0.1251,0.0002,0.1754,0.6626,0.1234,1.5901,4.1269,0.5681,6.3615,
197,0.0058,0.2181,0.5381,0.0511,0.0036,0.2228,0.0001,0.0558,0.1408,0.0003,0.1786,0.6669,0.1051,1.5422,4.8333,0.6022,7.0519,
198,0.0058,0.2141,0.5662,0.0577,0.0037,0.2233,0.0001,0.0636,0.1265,0.0002,0.166,0.6538,0.1151,1.5621,4.6738,0.5697,6.8767,
199,0.0054,0.2081,0.5462,0.053,0.0041,0.2219,0.0001,0.0673,0.1245,0.0003,0.1838,0.6744,0.1198,1.5639,4.304,0.536,6.4776,
200,0.006,0.1821,0.6537,0.0658,0.0017,0.2175,0.0001,0.0625,0.1155,0.0001,0.1769,0.6529,0.1085,1.6138,4.1516,0.4855,6.3218,
201,0.0059,0.2108,0.5572,0.0594,0.0045,0.3269,0.0001,0.0568,0.1439,0.0002,0.1797,0.7923,0.1064,1.683,3.644,0.4408,5.839,
202,0.0061,0.2318,0.5903,0.055,0.0037,0.2202,0,0.0604,0.1213,0.0002,0.1658,0.6441,0.1239,1.6094,4.8546,0.6412,7.1831,
203,0.0056,0.2212,0.6048,0.0559,0.0041,0.2747,0.0001,0.0589,0.1293,0.0002,0.1784,0.7311,0.1231,1.6973,4.7764,0.5259,7.0769,
204,0.0061,0.2215,0.6001,0.0664,0.0016,0.2527,0.0001,0.0694,0.1237,0.0002,0.1729,0.7058,0.2099,1.7541,3.9455,0.3612,6.1328,
205,0.006,0.205,0.5984,0.0583,0.0044,0.2264,0.0001,0.056,0.1117,0.0003,0.1825,0.6548,0.1093,1.5836,4.4297,0.5928,6.6764,
206,0.0056,0.2096,0.5265,0.0489,0.0035,0.2726,0.0001,0.058,0.1252,0.0002,0.1832,0.7062,0.1214,1.5791,4.2363,0.5395,6.4277,
207,0.0059,0.2052,0.5526,0.052,0.0019,0.2331,0.0001,0.066,0.1275,0.0002,0.1729,0.6737,0.1066,1.5552,4.3396,0.5645,6.531,
208,0.0059,0.1793,0.5805,0.1366,0.0021,0.291,0.0002,0.0762,0.1203,0.0002,0.1635,0.8055,0.1123,1.6972,3.8535,0.4756,6.102,
209,0.0058,0.2132,0.5889,0.0535,0.0042,0.2289,0.0001,0.0642,0.1137,0.0002,0.1667,0.6461,0.1143,1.5784,4.5817,0.5854,6.8228,
210,0.0057,0.2152,0.5904,0.0567,0.0038,0.233,0.0001,0.0601,0.1092,0.0003,0.1669,0.6459,0.1351,1.604,4.4797,0.5316,6.6909,
211,0.006,0.2146,0.5418,0.0551,0.0038,0.2208,0.0001,0.0533,0.1235,0.0002,0.1757,0.6501,0.1148,1.5381,4.0247,0.3606,5.9961,
212,0.0055,0.2188,0.5623,0.0477,0.0017,0.2675,0.0001,0.0559,0.1105,0.0002,0.1785,0.6732,0.1223,1.59,4.6198,0.526,6.8093,
213,0.0057,0.2059,0.5199,0.053,0.004,0.2197,0.0001,0.0578,0.1105,0.0003,0.1731,0.6334,0.1047,1.4807,4.1774,0.5079,6.2395,
214,0.0059,0.2078,0.5396,0.0532,0.0055,0.2737,0,0.0642,0.1241,0.0002,0.1709,0.7047,0.1111,1.5768,4.0389,0.5622,6.2488,
215,0.0058,0.2126,0.5534,0.0552,0.0019,0.2242,0.0001,0.0556,0.1235,0.0003,0.1644,0.637,0.1261,1.5448,4.2705,0.5277,6.414,
216,0.0066,0.1944,0.5159,0.065,0.0018,0.2324,0.0001,0.0607,0.1114,0.0002,0.1586,0.6431,0.1154,1.4886,4.3234,0.486,6.3761,
217,0.0057,0.2116,0.5399,0.0551,0.002,0.2182,0.0001,0.0538,0.107,0.0002,0.18,0.6295,0.1095,1.5083,4.4363,0.4827,6.5069,
218,0.0059,0.2264,0.5636,0.0525,0.002,0.2596,0.0001,0.0544,0.1092,0.0002,0.1634,0.656,0.1126,1.5761,4.5854,0.6255,6.8602,
219,0.0056,0.2089,0.5503,0.0516,0.0019,0.2144,0.0001,0.0563,0.1206,0.0002,0.1766,0.6352,0.1204,1.5325,4.3624,0.5767,6.5458,
220,0.0058,0.2034,0.5176,0.0561,0.002,0.2809,0.0001,0.0554,0.1132,0.0003,0.182,0.7061,0.1217,1.5645,2.9968,0.5243,5.162,
221,0.0056,0.2152,0.547,0.0552,0.0041,0.2417,0.0001,0.0672,0.1309,0.0002,0.1753,0.6891,0.1142,1.582,4.7609,0.621,7.0435,
222,0.0056,0.2102,0.5313,0.0604,0.0042,0.2366,0.0001,0.0618,0.1227,0.0002,0.177,0.6743,0.1138,1.5431,3.976,0.5026,6.0918,
223,0.0055,0.1971,0.5334,0.0552,0.0018,0.2167,0,0.0624,0.1096,0.0002,0.1603,0.6178,0.1203,1.4854,3.8994,0.4663,5.9234,
224,0.0062,0.0875,0.5848,0.0589,0.0019,0.2777,0.0001,0.0635,0.114,0.0002,0.1751,0.7072,0.1131,1.5127,4.1604,0.5402,6.2978,
225,0.0059,0.1087,0.5782,0.0517,0.0026,0.2238,0.0001,0.0655,0.1144,0.0002,0.1845,0.6576,0.1054,1.4657,4.2799,0.5564,6.3752,
226,0.006,0.2014,0.5551,0.0557,0.0039,0.2885,0.0001,0.0634,0.1113,0.0002,0.1738,0.7095,0.1205,1.606,4.5431,0.5242,6.7459,
227,0.0055,0.1995,0.5588,0.0512,0.0039,0.2237,0,0.0519,0.1117,0.0003,0.1716,0.632,0.1119,1.5182,4.6604,0.5516,6.8023,
228,0.0058,0.2163,0.5746,0.062,0.0016,0.223,0.0001,0.0607,0.1117,0.0002,0.1618,0.6337,0.1121,1.5543,4.6313,0.6182,6.8767,
229,0.0061,0.1951,0.5595,0.0547,0.0024,0.2646,0.0001,0.059,0.1062,0.0002,0.1956,0.6932,0.1098,1.5713,4.014,0.5728,6.2316,
230,0.006,0.2133,0.5091,0.0592,0.0018,0.258,0.0001,0.0624,0.1053,0.0002,0.1618,0.6596,0.1144,1.5109,4.2044,0.531,6.3231,
231,0.0058,0.208,0.5396,0.0542,0.0016,0.213,0,0.1786,0.1104,0.0002,0.191,0.7606,0.1285,1.6535,3.9617,0.4816,6.171,
232,0.006,0.0802,0.5758,0.0524,0.0022,0.2748,0.0001,0.0573,0.1091,0.0002,0.1586,0.6707,0.1085,1.4568,4.0103,0.5277,6.0689,
233,0.0056,0.2158,0.6657,0.0517,0.0014,0.2109,0.0001,0.0808,0.1383,0.0002,0.1737,0.6679,0.1236,1.6897,4.137,0.3881,6.2858,
234,0.0061,0.2024,0.5854,0.0529,0.0043,0.3713,0.0001,0.0625,0.1197,0.0002,0.1656,0.7982,0.1285,1.7309,3.7848,0.4364,6.0263,
235,0.0058,0.2115,0.5474,0.0568,0.0018,0.217,0.0001,0.0665,0.108,0.0002,0.1688,0.6371,0.1182,1.5343,4.323,0.5874,6.5169,
236,0.0056,0.2975,0.5515,0.0553,0.0018,0.2185,0.0001,0.066,0.1088,0.0002,0.1659,0.6302,0.1044,1.5974,4.0614,0.5371,6.2662,
237,0.0058,0.2044,0.5425,0.053,0.0037,0.2142,0.0001,0.0583,0.1103,0.0001,0.1735,0.6283,0.1132,1.5168,4.375,0.6031,6.5679,
238,0.0057,0.2051,0.5816,0.053,0.0042,0.2227,0,0.0608,0.1035,0.0003,0.1719,0.633,0.1236,1.5597,4.1331,0.5104,6.2761,
239,0.0057,0.2141,0.548,0.0541,0.0017,0.2214,0.0001,0.0659,0.1075,0.0002,0.1659,0.6316,0.1102,1.5174,4.3165,0.4943,6.4047,
240,0.006,0.0979,0.5789,0.0547,0.0021,0.2213,0.0001,0.0615,0.1088,0.0001,0.1649,0.6311,0.112,1.4386,4.5704,0.5636,6.6461,
241,0.0059,0.213,0.583,0.0595,0.0022,0.2742,0,0.0552,0.111,0.0002,0.1737,0.6927,0.1193,1.6263,4.4806,0.5738,6.7551,
242,0.0056,0.223,0.5558,0.0576,0.0038,0.2619,0.0001,0.066,0.1155,0.0002,0.1864,0.7098,0.1119,1.6154,3.794,0.5164,5.9977,
243,0.0059,0.2137,0.5436,0.0512,0.0016,0.2217,0.0001,0.0604,0.1081,0.0002,0.1756,0.6285,0.1081,1.5114,4.1114,0.463,6.1567,
244,0.0059,0.2068,0.5474,0.0526,0.0016,0.212,0,0.0665,0.1123,0.0003,0.1711,0.6338,0.1182,1.522,4.8508,0.5708,7.018,
245,0.0063,0.2138,0.5318,0.0504,0.0018,0.2125,0.0001,0.0527,0.111,0.0002,0.1687,0.6083,0.1082,1.476,4.5584,0.5165,6.6285,
246,0.0058,0.2066,0.5666,0.0549,0.002,0.2195,0.0001,0.0649,0.1238,0.0003,0.165,0.6482,0.1253,1.5657,4.0361,0.5128,6.1877,
247,0.0059,0.2168,0.5243,0.0472,0.004,0.2092,0.0001,0.0584,0.1042,0.0003,0.1654,0.6026,0.1101,1.4673,4.0735,0.5027,6.1144,
248,0.0058,0.0879,0.5761,0.0536,0.0017,0.2687,0.0001,0.0692,0.1118,0.0002,0.1666,0.6877,0.1184,1.4901,4.5935,0.5735,6.7348,
249,0.0057,0.2253,0.5515,0.054,0.0064,0.2342,0.0001,0.054,0.1134,0.0002,0.1687,0.6474,0.1047,1.5466,4.3584,0.5217,6.5034,
250,0.0057,0.2046,0.572,0.06,0.0037,0.217,0.0001,0.0608,0.1066,0.0002,0.1711,0.6364,0.1108,1.5382,4.1012,0.534,6.2473,
251,0.0055,0.2179,0.5093,0.0523,0.0015,0.2074,0,0.0493,0.1047,0.0001,0.1693,0.5932,0.1198,1.4551,4.4072,0.5331,6.4686,
252,0.0055,0.2018,0.5587,0.0536,0.0041,0.2203,0,0.0742,0.1104,0.0002,0.172,0.6508,0.1058,1.5335,4.1733,0.4348,6.2146,
253,0.0057,0.207,0.5435,0.0553,0.0019,0.2157,0,0.0727,0.1061,0.0002,0.1772,0.6388,0.113,1.5178,4.0274,0.5119,6.1347,
254,0.0061,0.205,0.5469,0.0564,0.0018,0.2095,0.0001,0.06,0.1042,0.0002,0.1639,0.6068,0.1196,1.4948,4.1079,0.564,6.2406,
255,0.0059,0.2038,0.5134,0.0619,0.0047,0.2266,0.0001,0.0899,0.1101,0.0003,0.1741,0.6825,0.1184,1.5317,4.2484,0.518,6.3725,
256,0.006,0.1795,0.5502,0.0534,0.0019,0.2323,0.0001,0.0648,0.1094,0.0002,0.166,0.6445,0.1228,1.5176,4.0491,0.592,6.2334,
257,0.0058,0.2146,0.6317,0.0581,0.0068,0.2269,0.0001,0.0636,0.1073,0.0003,0.172,0.6524,0.1129,1.632,4.0861,0.5369,6.3277,
258,0.0057,0.2016,0.555,0.0556,0.0039,0.2133,0.0001,0.0638,0.1058,0.0002,0.1598,0.6138,0.1104,1.4947,4.1264,0.4453,6.14,
259,0.0058,0.2069,0.5299,0.0527,0.0017,0.3341,0.0001,0.0581,0.1219,0.0002,0.1734,0.7565,0.1104,1.6192,4.6983,0.6044,6.9921,
260,0.0056,0.2053,0.5125,0.0524,0.0039,0.2528,0.0001,0.0621,0.1127,0.0002,0.1836,0.6795,0.1178,1.5285,3.99,0.4804,6.0693,
261,0.0056,0.2087,0.5595,0.0601,0.0037,0.224,0,0.0636,0.1117,0.0003,0.1638,0.6457,0.1254,1.5583,4.1633,0.5053,6.2976,
262,0.0057,0.2044,0.5396,0.0599,0.004,0.2086,0.0001,0.0711,0.1049,0.0002,0.1699,0.6317,0.1027,1.4941,4.3113,0.603,6.4818,
263,0.0056,0.2228,0.5358,0.0501,0.0017,0.2189,0.0001,0.0662,0.1136,0.0002,0.163,0.6304,0.1144,1.5172,4.4226,0.5986,6.6109,
264,0.006,0.0932,0.5806,0.055,0.005,0.3163,0.0001,0.0704,0.1071,0.0002,0.1537,0.7277,0.1037,1.5233,4.3186,0.5383,6.4538,
265,0.0059,0.2153,0.5373,0.0643,0.0043,0.227,0.0001,0.0551,0.1066,0.0002,0.2673,0.7429,0.1281,1.6378,4.1225,0.4737,6.3077,
266,0.0057,0.2177,0.5679,0.0583,0.0036,0.2186,0.0001,0.0682,0.1096,0.0002,0.1658,0.6378,0.1312,1.5747,4.4584,0.5266,6.6334,
267,0.0059,0.2064,0.5544,0.0507,0.0035,0.2104,0.0001,0.0599,0.1083,0.0002,0.1664,0.6093,0.1173,1.5042,4.3924,0.5578,6.5253,
268,0.0059,0.2114,0.5723,0.0573,0.0021,0.2159,0.0001,0.0651,0.1145,0.0002,0.1748,0.6459,0.1137,1.5592,4.4134,0.5389,6.5865,
269,0.0057,0.2049,0.5221,0.0504,0.0015,0.2631,0,0.0516,0.1054,0.0002,0.1744,0.6552,0.1191,1.5159,3.712,0.493,5.7932,
270,0.0057,0.215,0.5512,0.0542,0.0034,0.2213,0.0001,0.0633,0.1102,0.0002,0.172,0.6398,0.1225,1.5439,4.085,0.4429,6.1433,
271,0.0062,0.2068,0.5597,0.0534,0.004,0.2175,0.0001,0.0538,0.1078,0.0003,0.1732,0.6291,0.1126,1.5255,3.5505,0.4358,5.5854,
272,0.006,0.1802,0.5448,0.0611,0.002,0.2165,0.0001,0.0591,0.1075,0.0002,0.1775,0.6375,0.1153,1.4944,3.8394,0.4768,5.8854,
273,0.0057,0.2232,0.5687,0.0539,0.002,0.2205,0,0.0652,0.1075,0.0001,0.166,0.6255,0.1048,1.536,3.7491,0.4812,5.8417,
274,0.0057,0.2083,0.5776,0.0542,0.0017,0.225,0.0001,0.062,0.1129,0.0003,0.1713,0.645,0.1086,1.5569,4.1898,0.3886,6.2101,
275,0.0063,0.2043,0.5613,0.0557,0.0017,0.224,0.0001,0.0542,0.1093,0.0002,0.1657,0.6257,0.1154,1.5242,3.7853,0.5058,5.8909,
276,0.0057,0.2013,0.5327,0.0559,0.004,0.2521,0.0001,0.0652,0.1173,0.0002,0.1618,0.6756,0.1043,1.5283,4.0726,0.4895,6.1607,
277,0.0055,0.2004,0.5668,0.0532,0.0045,0.2256,0.0001,0.059,0.1095,0.0003,0.1824,0.6503,0.1133,1.5443,3.9117,0.4374,5.9665,
278,0.0058,0.217,0.5155,0.0548,0.0017,0.2647,0,0.0651,0.1074,0.0003,0.1709,0.6788,0.104,1.5307,4.5512,0.5718,6.7264,
279,0.0056,0.208,0.5523,0.0534,0.0042,0.2179,0.0001,0.063,0.1069,0.0002,0.1692,0.6322,0.1281,1.5389,3.6885,0.4826,5.7812,
280,0.0066,0.1861,0.57,0.0475,0.0022,0.2276,0.0001,0.0542,0.1101,0.0003,0.1688,0.6274,0.1106,1.5148,4.7725,0.5412,6.9096,
281,0.006,0.2202,0.5826,0.0537,0.0016,0.2298,0.0001,0.0527,0.1065,0.0002,0.1667,0.6211,0.1205,1.5608,4.269,0.5578,6.4626,
282,0.0058,0.2216,0.5584,0.0506,0.0036,0.2303,0.0001,0.0558,0.1141,0.0002,0.1758,0.6459,0.1238,1.568,4.0484,0.5481,6.235,
283,0.0059,0.2092,0.5767,0.0512,0.0038,0.2202,0.0001,0.0676,0.1114,0.0002,0.1727,0.6439,0.1138,1.5629,4.7917,0.5813,7.0095,
284,0.0057,0.2107,0.573,0.0556,0.0019,0.2207,0.0001,0.0661,0.1107,0.0002,0.1761,0.6461,0.109,1.5581,4.1982,0.5181,6.356,
285,0.0058,0.2273,0.5359,0.0559,0.0016,0.2085,0.0001,0.0601,0.1035,0.0002,0.1665,0.6071,0.1164,1.5016,3.7665,0.4261,5.77,
286,0.0059,0.2166,0.5762,0.0541,0.0015,0.2139,0.0001,0.068,0.1056,0.0002,0.1693,0.6244,0.1143,1.5459,3.5476,0.3934,5.56,
287,0.0057,0.2057,0.5255,0.0561,0.0022,0.2255,0.0001,0.0575,0.1119,0.0002,0.1651,0.6295,0.1099,1.4848,4.2347,0.5209,6.315,
288,0.0065,0.2523,0.5849,0.0599,0.0019,0.2167,0,0.065,0.118,0.0002,0.1553,0.6301,0.1113,1.5964,4.2393,0.3727,6.2864,
289,0.0056,0.2212,0.5764,0.0511,0.0016,0.2159,0.0001,0.0614,0.1067,0.0002,0.1698,0.6157,0.1185,1.5486,4.4223,0.5777,6.6184,
290,0.0057,0.2158,0.5194,0.0531,0.004,0.207,0.0001,0.0535,0.1101,0.0002,0.1715,0.6108,0.1112,1.4729,3.7026,0.4862,5.7323,
291,0.0057,0.1958,0.5263,0.0547,0.0019,0.2151,0,0.0625,0.1059,0.0002,0.1675,0.6193,0.1096,1.4643,3.6219,0.4372,5.5931,
292,0.0059,0.2035,0.5562,0.0529,0.0018,0.299,0.0001,0.0618,0.1322,0.0002,0.1637,0.73,0.1132,1.6166,4.1928,0.5591,6.4425,
293,0.006,0.2189,0.5588,0.0526,0.0035,0.2083,0.0001,0.0697,0.1106,0.0002,0.2681,0.7236,0.1092,1.6257,3.8639,0.5117,6.0743,
294,0.0057,0.2042,0.5247,0.051,0.0036,0.2133,0.0001,0.0513,0.1088,0.0003,0.1837,0.6238,0.1179,1.4893,3.597,0.3579,5.5206,
295,0.0061,0.2192,0.5226,0.0514,0.0015,0.254,0.0001,0.0528,0.1074,0.0002,0.1704,0.6473,0.1139,1.5172,3.8892,0.5281,6.0099,
296,0.006,0.178,0.5775,0.0548,0.0021,0.2279,0,0.0658,0.1101,0.0003,0.1726,0.6507,0.1188,1.5469,4.0672,0.5375,6.2292,
297,0.0059,0.2159,0.5209,0.0522,0.0017,0.212,0,0.0608,0.1122,0.0002,0.169,0.6261,0.1122,1.4885,4.2876,0.4698,6.3208,
298,0.0056,0.2081,0.5384,0.0523,0.0017,0.2187,0.0001,0.0622,0.1083,0.0002,0.1722,0.6269,0.1215,1.5081,3.7436,0.4479,5.774,
299,0.0056,0.2063,0.5205,0.0546,0.0039,0.2221,0.0001,0.069,0.1114,0.0003,0.1741,0.6534,0.1179,1.5107,3.6331,0.4407,5.6569,
300,0.0058,0.2086,0.5362,0.0539,0.0043,0.214,0,0.0726,0.1089,0.0002,0.1717,0.6375,0.1032,1.4986,3.6486,0.4516,5.6698,
301,0.0058,0.2089,0.6393,0.0552,0.0018,0.2644,0,0.0629,0.1098,0.0002,0.1686,0.6733,0.112,1.6478,4.5697,0.521,6.8101,
302,0.0058,0.2156,0.5978,0.0513,0.0032,0.2181,0,0.0523,0.1218,0.0002,0.1698,0.6251,0.1126,1.5628,4.1231,0.4907,6.2463,
303,0.0058,0.2015,0.5483,0.0531,0.0016,0.2099,0.0001,0.0632,0.1109,0.0002,0.2333,0.6842,0.1227,1.5719,3.2698,0.4628,5.3753,
304,0.0064,0.2457,0.5941,0.0529,0.0021,0.2213,0.0001,0.0627,0.1102,0.0002,0.1674,0.6329,0.1127,1.6203,3.7471,0.4217,5.8732,
305,0.0058,0.2143,0.566,0.0593,0.0039,0.2204,0.0001,0.0545,0.1744,0.0003,0.1672,0.6945,0.1199,1.6095,4.2948,0.5211,6.4984,
306,0.0057,0.2115,0.5679,0.055,0.0045,0.2217,0.0001,0.0576,0.1114,0.0003,0.168,0.6368,0.1145,1.546,3.7745,0.5228,5.9212,
307,0.006,0.2216,0.5511,0.0553,0.0062,0.2235,0.0001,0.0573,0.1111,0.0002,0.1684,0.6365,0.1059,1.5355,4.4365,0.5272,6.5726,
308,0.0061,0.2063,0.5825,0.0559,0.0035,0.2699,0.0001,0.066,0.1111,0.0002,0.1733,0.6932,0.1297,1.6281,4.2534,0.4894,6.4442,
309,0.0057,0.2074,0.5406,0.0507,0.0018,0.2178,0.0001,0.0651,0.1138,0.0002,0.1773,0.6463,0.1031,1.5105,4.2624,0.5017,6.3498,
310,0.006,0.2039,0.5546,0.0522,0.0042,0.2237,0.0001,0.0676,0.1148,0.0002,0.1818,0.6602,0.1205,1.556,3.4178,0.398,5.4442,
311,0.0056,0.2066,0.5372,0.0525,0.0023,0.2249,0.0001,0.0549,0.1118,0.0003,0.171,0.6326,0.1201,1.5127,4.2808,0.5395,6.4083,
312,0.006,0.0974,0.5661,0.0568,0.002,0.2259,0,0.0571,0.1124,0.0002,0.1631,0.6334,0.1107,1.4273,4.0086,0.5489,6.0647,
313,0.0057,0.2202,0.5692,0.0522,0.0017,0.2256,0.0001,0.0643,0.1117,0.0002,0.1728,0.6451,0.1202,1.5719,3.2882,0.4269,5.3631,
314,0.0057,0.2003,0.5695,0.049,0.0042,0.2193,0.0001,0.0655,0.1116,0.0002,0.1834,0.649,0.1201,1.5586,4.2822,0.5901,6.505,
315,0.0061,0.1985,0.5604,0.0593,0.0041,0.2233,0.0001,0.0585,0.1158,0.0003,0.1712,0.6575,0.1229,1.553,3.0613,0.3972,5.0882,
316,0.0057,0.2053,0.558,0.0526,0.0043,0.2656,0.0001,0.0554,0.1113,0.0003,0.1654,0.6679,0.1184,1.5635,3.9146,0.3702,5.9227,
317,0.0056,0.2192,0.5388,0.0537,0.0018,0.2287,0.0001,0.0555,0.1251,0.0002,0.1821,0.6614,0.1041,1.5374,3.518,0.3954,5.5212,
318,0.0057,0.206,0.5366,0.0557,0.0039,0.2174,0.0001,0.0646,0.1258,0.0002,0.1626,0.642,0.1145,1.5134,4.3921,0.5192,6.4968,
319,0.0055,0.2084,0.5436,0.0538,0.0048,0.2255,0.0001,0.0627,0.1131,0.0002,0.1597,0.6338,0.1015,1.503,4.2363,0.5337,6.347,
320,0.0061,0.2808,0.5746,0.0533,0.0042,0.2261,0.0001,0.0584,0.1151,0.0002,0.1706,0.6437,0.1112,1.6272,4.3641,0.4461,6.512,
321,0.0059,0.2125,0.5863,0.0508,0.0051,0.2704,0.0001,0.0536,0.1144,0.0003,0.161,0.6683,0.1029,1.5891,4.1194,0.4444,6.2242,
322,0.0058,0.2229,0.549,0.0559,0.0037,0.2253,0.0001,0.0696,0.1136,0.0002,0.1713,0.6541,0.1228,1.5656,4.1178,0.538,6.2943,
323,0.0059,0.2052,0.5412,0.0611,0.0019,0.2212,0.0001,0.0671,0.1149,0.0003,0.1637,0.6481,0.1229,1.5308,4.2424,0.5174,6.3617,
324,0.0056,0.2098,0.5439,0.0538,0.0017,0.2573,0,0.0591,0.1081,0.0002,0.1977,0.6925,0.1161,1.5761,3.9738,0.5441,6.1669,
325,0.0062,0.2107,0.5777,0.0552,0.0037,0.2274,0.0001,0.065,0.1084,0.0002,0.1638,0.6408,0.107,1.5533,3.9597,0.4786,6.0681,
326,0.0056,0.2029,0.536,0.0516,0.0039,0.2766,0.0001,0.0648,0.1142,0.0003,0.1824,0.7156,0.1145,1.5824,3.8055,0.4601,5.9207,
327,0.0058,0.0916,0.5782,0.0598,0.0018,0.2586,0,0.0746,0.1216,0.0003,0.1802,0.7111,0.1227,1.5166,3.7674,0.4774,5.8319,
328,0.006,0.18,0.5955,0.0522,0.0023,0.2777,0.0001,0.0546,0.1157,0.0002,0.1632,0.685,0.1107,1.5893,4.0386,0.3901,6.092,
329,0.0057,0.2293,0.6054,0.0458,0.0019,0.2757,0.0002,0.0813,0.1114,0.0002,0.169,0.7033,0.1122,1.6682,3.6053,0.4235,5.7684,
330,0.0058,0.202,0.5731,0.0548,0.0056,0.2643,0,0.065,0.1896,0.0002,0.1556,0.7468,0.121,1.6578,3.3064,0.3401,5.375,
331,0.0058,0.2033,0.559,0.0566,0.0038,0.2187,0,0.0621,0.1084,0.0002,0.1688,0.6337,0.1115,1.5251,3.5203,0.4389,5.554,
332,0.0058,0.2163,0.522,0.055,0.0016,0.2117,0.0001,0.0507,0.1063,0.0002,0.1718,0.607,0.0996,1.4616,3.3249,0.4003,5.2569,
333,0.0059,0.1977,0.5106,0.0514,0.0032,0.2593,0.0001,0.0635,0.1099,0.0002,0.162,0.66,0.117,1.4969,4.1896,0.5293,6.2923,
334,0.0061,0.2037,0.5401,0.0542,0.0015,0.2589,0,0.0611,0.1036,0.0002,0.1732,0.6616,0.1113,1.534,4.3725,0.5414,6.5187,
335,0.0059,0.1718,0.5415,0.049,0.0036,0.2136,0.0001,0.0585,0.1099,0.0002,0.1678,0.6114,0.1084,1.4447,4.1575,0.5108,6.1834,
336,0.0066,0.1808,0.6056,0.0585,0.002,0.276,0.0001,0.0721,0.1096,0.0002,0.1698,0.7064,0.1309,1.6438,4.2306,0.5758,6.5349,
337,0.0062,0.1108,0.5615,0.0553,0.002,0.2778,0.0001,0.0576,0.1126,0.0002,0.1659,0.6891,0.1103,1.4879,4.2981,0.5224,6.3834,
338,0.006,0.1996,0.5503,0.0527,0.0017,0.2646,0.0001,0.0647,0.114,0.0002,0.1738,0.7026,0.1159,1.5826,4.013,0.5353,6.2055,
339,0.0058,0.3151,0.5602,0.0563,0.0019,0.2169,0.0001,0.0592,0.1114,0.0002,0.1757,0.6389,0.1205,1.6491,3.7146,0.4677,5.9035,
340,0.0056,0.2137,0.5208,0.0573,0.0036,0.219,0,0.0666,0.1115,0.0002,0.1918,0.6654,0.1243,1.5418,3.5,0.4438,5.557,
341,0.0059,0.2046,0.5738,0.0544,0.0035,0.2214,0.0001,0.0566,0.1265,0.0002,0.1621,0.6401,0.1107,1.5471,4.0668,0.5487,6.2343,
342,0.0058,0.1935,0.5422,0.0524,0.0038,0.2702,0.0001,0.0588,0.1123,0.0002,0.18,0.6973,0.1181,1.5651,4.1438,0.551,6.3323,
343,0.0055,0.2108,0.5468,0.0575,0.0045,0.2718,0.0001,0.0645,0.112,0.0002,0.1694,0.6974,0.121,1.5902,4.1494,0.5118,6.3224,
344,0.0061,0.0908,0.5789,0.0551,0.0019,0.2281,0,0.057,0.1103,0.0002,0.1703,0.637,0.1232,1.449,4.1374,0.4979,6.1595,
345,0.0059,0.2125,0.5725,0.0555,0.0017,0.28,0.0001,0.0553,0.1121,0.0003,0.1642,0.6856,0.1065,1.5929,3.8079,0.4665,5.9417,
346,0.0058,0.2174,0.5632,0.0584,0.0042,0.2708,0.0001,0.0707,0.1114,0.0003,0.17,0.7033,0.1081,1.6058,3.8833,0.5418,6.1023,
347,0.0059,0.2069,0.561,0.0598,0.0017,0.2659,0,0.0632,0.1112,0.0002,0.1649,0.6807,0.1233,1.591,3.6301,0.4544,5.7471,
348,0.006,0.2106,0.5376,0.0541,0.0049,0.2767,0.0001,0.0646,0.1092,0.0002,0.1641,0.6892,0.1117,1.5679,4.1342,0.5035,6.2764,
349,0.0061,0.2022,0.5598,0.0494,0.0055,0.2685,0.0001,0.0591,0.1076,0.0002,0.1672,0.6722,0.1164,1.5686,3.9302,0.5387,6.1094,
350,0.0056,0.2075,0.6529,0.063,0.004,0.2238,0.0001,0.0573,0.1092,0.0002,0.1821,0.6559,0.1138,1.6464,4.0147,0.5304,6.2664,
351,0.0058,0.2117,0.5191,0.0515,0.0014,0.2077,0.0001,0.0635,0.112,0.0002,0.2659,0.7158,0.1331,1.5979,3.7804,0.5299,5.9783,
352,0.006,0.1791,0.5767,0.0608,0.0041,0.2642,0.0001,0.0551,0.1089,0.0002,0.1649,0.6734,0.1066,1.5527,3.9105,0.4846,6.0272,
353,0.0058,0.2135,0.6876,0.0572,0.0017,0.2184,0.0001,0.0962,0.1196,0.0003,0.1721,0.6832,0.1144,1.7149,4.2445,0.517,6.5499,
354,0.0058,0.2122,0.587,0.0586,0.0019,0.276,0.0001,0.0669,0.1149,0.0002,0.1644,0.7001,0.1202,1.635,4.2002,0.377,6.2827,
355,0.0058,0.2042,0.5571,0.0556,0.0027,0.273,0,0.056,0.1118,0.0002,0.2355,0.7508,0.1038,1.6317,4.0269,0.4311,6.1613,
356,0.0058,0.2124,0.5491,0.0603,0.0064,0.2757,0.0001,0.0589,0.123,0.0002,0.1888,0.7293,0.1137,1.6191,3.7785,0.4977,5.9701,
357,0.0059,0.2059,0.5564,0.0566,0.0039,0.2148,0,0.0576,0.1131,0.0001,0.1609,0.6194,0.1234,1.5185,3.9911,0.5524,6.1351,
358,0.0056,0.2136,0.5563,0.0556,0.0038,0.2742,0.0001,0.0763,0.1254,0.0002,0.1758,0.7283,0.1146,1.629,4.0046,0.4211,6.1303,
359,0.0059,0.2177,0.5477,0.0526,0.0042,0.2648,0,0.055,0.1095,0.0002,0.1605,0.6624,0.1129,1.5579,3.9173,0.5235,6.0728,
360,0.006,0.1822,0.5903,0.053,0.0018,0.2292,0.0001,0.0614,0.1083,0.0002,0.1693,0.637,0.1034,1.5341,4.3999,0.5426,6.5496,
361,0.006,0.2262,0.5724,0.056,0.0049,0.2263,0.0001,0.0632,0.1104,0.0003,0.1752,0.6561,0.1302,1.6003,4.3283,0.5327,6.5325,
362,0.0056,0.2084,0.5247,0.0601,0.0045,0.2653,0.0001,0.0632,0.1129,0.0002,0.1683,0.6915,0.1196,1.5609,3.9012,0.5472,6.0825,
363,0.0059,0.1988,0.5523,0.0549,0.0061,0.2678,0.0001,0.0652,0.1082,0.0001,0.1722,0.688,0.1202,1.5764,4.0255,0.4301,6.1069,
364,0.0058,0.2138,0.5522,0.0534,0.0059,0.2412,0.0001,0.0588,0.109,0.0002,0.1717,0.656,0.1142,1.5553,4.3987,0.4382,6.466,
365,0.0056,0.2126,0.5258,0.0543,0.0057,0.2841,0.0001,0.057,0.1107,0.0002,0.1763,0.7065,0.1055,1.5632,3.9123,0.5241,6.0716,
366,0.006,0.207,0.5501,0.0551,0.0016,0.2398,0.0001,0.0581,0.1279,0.0003,0.1658,0.6661,0.1301,1.5702,4.4862,0.5306,6.662,
367,0.006,0.2295,0.542,0.0536,0.0044,0.272,0.0001,0.0558,0.1247,0.0002,0.1697,0.699,0.1235,1.6105,4.269,0.4915,6.443,
368,0.006,0.1735,0.555,0.0552,0.0043,0.2245,0.0001,0.0651,0.1246,0.0002,0.167,0.6582,0.1237,1.5288,3.553,0.5368,5.698,
369,0.0068,0.1749,0.6031,0.0524,0.0016,0.2655,0.0001,0.0663,0.1105,0.0003,0.1624,0.675,0.1068,1.5788,4.2599,0.4372,6.3531,
370,0.0056,0.1719,0.5864,0.0555,0.0026,0.2746,0,0.0565,0.1266,0.0002,0.1793,0.7105,0.1221,1.607,4.3711,0.5452,6.5982,
371,0.006,0.2107,0.6389,0.0537,0.0043,0.2673,0.0001,0.0589,0.1144,0.0003,0.1619,0.6788,0.1171,1.6613,3.8505,0.5113,6.0947,
372,0.0057,0.209,0.5771,0.0558,0.0044,0.2741,0.0001,0.1604,0.1155,0.0002,0.171,0.8073,0.1078,1.7162,4.1589,0.4307,6.3784,
373,0.0064,0.2052,0.5311,0.0544,0.0015,0.2654,0.0001,0.0566,0.1257,0.0002,0.18,0.7023,0.1212,1.5741,4.3182,0.5251,6.4894,
374,0.0057,0.2101,0.567,0.0533,0.0038,0.2666,0.0001,0.0565,0.112,0.0002,0.1663,0.6761,0.1096,1.5784,3.8964,0.4394,5.9892,
375,0.0061,0.2085,0.5545,0.0517,0.0044,0.2276,0.0001,0.0734,0.1268,0.0003,0.1775,0.6786,0.113,1.5704,4.0855,0.3148,6.0424,
376,0.0058,0.188,0.5441,0.0458,0.0039,0.2316,0.0002,0.0701,0.1116,0.0004,0.1642,0.647,0.2284,1.6282,4.18,0.5451,6.437,
377,0.0061,0.22,0.5588,0.058,0.0018,0.2697,0.0001,0.0648,0.1215,0.0002,0.1659,0.6945,0.1137,1.6044,4.1958,0.5265,6.4053,
378,0.006,0.2229,0.5435,0.0535,0.0017,0.2712,0.0001,0.0571,0.1281,0.0003,0.1745,0.7023,0.1158,1.598,4.2128,0.5196,6.4004,
379,0.0058,0.2048,0.5473,0.0539,0.0037,0.2176,0.0001,0.0609,0.1086,0.0002,0.1689,0.6277,0.1161,1.5105,4.2794,0.5168,6.3773,
380,0.0058,0.2049,0.5624,0.0569,0.0019,0.2191,0.0001,0.058,0.1089,0.0003,0.1861,0.6456,0.1174,1.5503,3.9656,0.4495,6.0409,
381,0.006,0.2122,0.5234,0.0556,0.0046,0.22,0,0.0643,0.1121,0.0002,0.169,0.64,0.123,1.5142,3.6766,0.5238,5.789,
382,0.0055,0.2102,0.5614,0.053,0.0038,0.2238,0,0.0639,0.1106,0.0002,0.1615,0.6338,0.1102,1.5301,4.3196,0.5132,6.4386,
383,0.0057,0.2067,0.5744,0.0527,0.0042,0.2713,0.0001,0.0595,0.1101,0.0003,0.173,0.6882,0.116,1.6007,3.9848,0.4433,6.0993,
384,0.006,0.1797,0.5781,0.0563,0.0023,0.224,0.0001,0.0648,0.121,0.0003,0.1603,0.6476,0.1014,1.525,4.4357,0.5353,6.5743,
385,0.0059,0.2173,0.5639,0.0563,0.0049,0.2205,0.0001,0.0647,0.1255,0.0003,0.1816,0.6714,0.1174,1.5863,4.0236,0.5039,6.1869,
386,0.0056,0.2098,0.5659,0.0551,0.0045,0.226,0.0001,0.0582,0.1238,0.0002,0.1693,0.6501,0.1141,1.5584,4.414,0.4704,6.5189,
387,0.0061,0.2096,0.5354,0.0483,0.0038,0.2671,0,0.0609,0.1234,0.0002,0.174,0.6888,0.1184,1.5668,4.1066,0.5331,6.2808,
388,0.0056,0.2058,0.5196,0.052,0.0046,0.2679,0.0001,0.0679,0.1283,0.0003,0.1692,0.7097,0.1164,1.5654,3.8139,0.5157,5.9648,
389,0.0058,0.2077,0.6722,0.0551,0.0056,0.2285,0.0001,0.0628,0.1237,0.0002,0.167,0.657,0.1176,1.6676,4.1438,0.4478,6.3372,
390,0.0059,0.2128,0.5422,0.0572,0.002,0.3224,0.0001,0.0563,0.1141,0.0003,0.1685,0.7368,0.1246,1.6333,4.4635,0.5062,6.6731,
391,0.0059,0.2055,0.5621,0.0511,0.0035,0.2275,0.0001,0.0624,0.1114,0.0003,0.2529,0.725,0.1177,1.6298,3.8018,0.4645,5.9669,
392,0.006,0.188,0.5676,0.0531,0.0022,0.2611,0.0001,0.0552,0.1096,0.0002,0.1712,0.6653,0.1075,1.547,3.9533,0.4511,6.0288,
393,0.0063,0.2066,0.6147,0.0607,0.0018,0.275,0,0.0558,0.1092,0.0002,0.2029,0.7167,0.1213,1.678,4.1881,0.5614,6.5091,
394,0.0063,0.2112,0.5572,0.0518,0.0016,0.2963,0.0001,0.0696,0.1117,0.0002,0.1724,0.7151,0.1099,1.6078,4.4389,0.5438,6.669,
395,0.0061,0.2151,0.5981,0.0563,0.0022,0.2238,0.0001,0.0562,0.227,0.0002,0.1724,0.7541,0.1088,1.6959,3.7488,0.491,6.0106,
396,0.0057,0.2075,0.5624,0.0593,0.0041,0.2202,0.0001,0.0701,0.1119,0.0001,0.1636,0.6451,0.1162,1.5513,4.0716,0.5522,6.2484,
397,0.006,0.2112,0.5501,0.0527,0.0036,0.2214,0.0001,0.0567,0.1253,0.0002,0.1708,0.6444,0.1158,1.5373,4.3791,0.5415,6.5338,
398,0.0057,0.2146,0.5383,0.0533,0.0065,0.2655,0.0001,0.0535,0.1107,0.0002,0.1698,0.6757,0.1126,1.557,4.3525,0.5333,6.5148,
399,0.0057,0.2089,0.5318,0.0623,0.0021,0.2255,0.0002,0.0645,0.1257,0.0002,0.166,0.6635,0.1087,1.5254,4.2359,0.4954,6.3314,
400,0.0061,0.0834,0.5639,0.051,0.0022,0.2251,0.0001,0.0735,0.1216,0.0002,0.1822,0.6772,0.1264,1.4712,4.3166,0.5073,6.3664,
401,0.0057,0.2121,0.5571,0.0606,0.0022,0.2718,0.0001,0.0662,0.1244,0.0003,0.1672,0.711,0.1096,1.6044,4.3676,0.5417,6.5851,
402,0.0057,0.2233,0.5775,0.0531,0.0038,0.2695,0.0001,0.0653,0.126,0.0002,0.1612,0.6945,0.1178,1.629,4.3345,0.502,6.537,
403,0.0062,0.206,0.5409,0.0519,0.0017,0.2546,0.0001,0.0566,0.126,0.0002,0.1736,0.6804,0.1262,1.5695,4.2823,0.5546,6.4802,
404,0.0059,0.2186,0.5429,0.0503,0.0021,0.272,0.0001,0.0629,0.1276,0.0003,0.1796,0.7106,0.116,1.6042,4.1844,0.5096,6.3757,
405,0.0064,0.2112,0.579,0.0557,0.0025,0.2851,0.0001,0.0666,0.1381,0.0002,0.1744,0.7377,0.1141,1.6604,4.4514,0.5194,6.7045,
406,0.0061,0.2058,0.5629,0.052,0.0037,0.2786,0.0001,0.0595,0.1228,0.0002,0.1703,0.6995,0.1106,1.5948,4.2331,0.5111,6.4153,
407,0.0064,0.2143,0.573,0.0533,0.0061,0.2787,0.0001,0.0685,0.1274,0.0002,0.1626,0.7134,0.1176,1.6339,4.2421,0.5837,6.5321,
408,0.006,0.264,0.5592,0.0641,0.0025,0.2716,0.0001,0.057,0.1303,0.0001,0.1646,0.7064,0.1024,1.6528,4.4624,0.5381,6.7265,
409,0.0062,0.2142,0.5746,0.0581,0.002,0.2693,0.0001,0.0587,0.1275,0.0003,0.1731,0.7056,0.1143,1.6268,4.3974,0.5107,6.6102,
410,0.0057,0.2163,0.559,0.0567,0.0018,0.2756,0.0001,0.0584,0.1274,0.0002,0.1727,0.7093,0.1091,1.6095,4.5131,0.5738,6.7697,
411,0.0062,0.1001,0.5677,0.0531,0.0017,0.2705,0.0001,0.0656,0.1255,0.0002,0.175,0.7016,0.1191,1.5082,4.3682,0.5476,6.5003,
412,0.0062,0.2155,0.5663,0.0545,0.0017,0.2568,0,0.0643,0.1331,0.0002,0.1661,0.6865,0.1186,1.6012,3.9598,0.568,6.2014,
413,0.0058,0.2127,0.5306,0.0521,0.0033,0.2624,0,0.051,0.1239,0.0003,0.1719,0.6732,0.0997,1.5298,4.3328,0.5177,6.4512,
414,0.0092,0.2113,0.5542,0.0511,0.0016,0.2639,0,0.053,0.1228,0.0002,0.1598,0.6608,0.1185,1.5617,4.0672,0.5402,6.2416,
415,0.006,0.2052,0.5323,0.0534,0.0015,0.2508,0.0001,0.0628,0.123,0.0002,0.1668,0.6678,0.1083,1.5262,3.9886,0.5588,6.1454,
416,0.006,0.089,0.5704,0.0575,0.004,0.2746,0.0001,0.0633,0.1149,0.0002,0.178,0.7101,0.1122,1.5007,4.2814,0.4911,6.3487,
417,0.0059,0.2167,0.572,0.054,0.0065,0.2792,0.0001,0.0606,0.1279,0.0002,0.1738,0.719,0.1145,1.644,4.2879,0.506,6.5129,
418,0.0057,0.2155,0.5381,0.0634,0.0018,0.2761,0.0001,0.0635,0.1261,0.0002,0.1699,0.7168,0.1018,1.5876,4.3856,0.5102,6.5573,
419,0.006,0.2094,0.5621,0.0513,0.0018,0.2686,0.0001,0.0668,0.1282,0.0002,0.1814,0.7175,0.1135,1.6185,4.5081,0.5098,6.7142,
420,0.0062,0.2148,0.5418,0.0528,0.0016,0.2618,0.0001,0.0595,0.1235,0.0002,0.1695,0.6785,0.1085,1.5592,4.5184,0.5844,6.7379,
421,0.0059,0.2083,0.5397,0.0556,0.0033,0.2565,0.0001,0.0514,0.1267,0.0002,0.1653,0.6676,0.1093,1.5365,4.0986,0.4933,6.1985,
422,0.0058,0.2649,0.52,0.0494,0.004,0.2295,0.0001,0.0622,0.1361,0.0002,0.1653,0.6606,0.1213,1.5824,4.4336,0.572,6.6616,
423,0.0063,0.2136,0.6033,0.0534,0.0018,0.2716,0.0001,0.0717,0.1296,0.0002,0.1818,0.7268,0.1091,1.6685,4.5043,0.5227,6.7681,
424,0.0065,0.1814,0.572,0.0549,0.0077,0.2819,0.0001,0.0567,0.1146,0.0002,0.1661,0.6986,0.1052,1.5783,4.1025,0.5587,6.3193,
425,0.0057,0.1188,0.5878,0.058,0.0019,0.2828,0.0001,0.0639,0.1338,0.0002,0.1742,0.7312,0.114,1.5691,4.5921,0.5668,6.8031,
426,0.0064,0.2062,0.5417,0.0558,0.0039,0.2831,0.0001,0.0578,0.1363,0.0003,0.1785,0.7319,0.1236,1.6191,4.3797,0.5794,6.6513,
427,0.0057,0.199,0.5681,0.0512,0.0048,0.2841,0.0001,0.0634,0.1352,0.0003,0.1716,0.7279,0.1213,1.6298,4.3305,0.5288,6.5638,
428,0.0063,0.2065,0.5609,0.0456,0.0038,0.224,0.0001,0.0564,0.1431,0.0002,0.1773,0.665,0.1286,1.5777,4.1994,0.5336,6.3831,
429,0.006,0.2673,0.5427,0.0509,0.0045,0.2591,0,0.0654,0.1357,0.0003,0.1731,0.7021,0.1218,1.6468,4.6069,0.5629,6.8912,
430,0.0058,0.2998,0.562,0.0578,0.0022,0.2251,0.0001,0.0609,0.123,0.0002,0.1719,0.6567,0.1107,1.6472,4.3793,0.563,6.6629,
431,0.0058,0.21,0.6779,0.0587,0.0035,0.2218,0.0001,0.0659,0.1251,0.0003,0.1697,0.6642,0.1212,1.6886,4.3933,0.5717,6.7237,
432,0.0065,0.194,0.5508,0.0502,0.0023,0.2572,0.0001,0.0592,0.1109,0.0002,0.1593,0.6554,0.117,1.5359,4.665,0.5077,6.7936,
433,0.0058,0.1995,0.5975,0.0582,0.0043,0.2946,0.0001,0.0667,0.1255,0.0002,0.1805,0.7491,0.1241,1.687,4.4312,0.5404,6.7326,
434,0.006,0.2256,0.5732,0.0567,0.0022,0.2743,0.0001,0.0567,0.1304,0.0002,0.1866,0.7213,0.1136,1.6509,4.4208,0.5224,6.6664,
435,0.0059,0.2002,0.5303,0.0612,0.0037,0.2252,0,0.0647,0.1237,0.0002,0.1677,0.6599,0.1156,1.5232,3.8772,0.4913,5.9663,
436,0.0064,0.1664,0.5743,0.0467,0.0017,0.2219,0,0.0536,0.1307,0.0001,0.1705,0.6373,0.1132,1.5126,4.1262,0.4999,6.2091,
437,0.0059,0.205,0.6412,0.0588,0.0072,0.2359,0.0001,0.0542,0.1217,0.0003,0.1741,0.6708,0.1048,1.6367,4.0159,0.4698,6.1925,
438,0.0056,0.2063,0.5657,0.0536,0.0019,0.2195,0.0001,0.0606,0.1218,0.0003,0.1587,0.631,0.226,1.6445,4.4768,0.5785,6.7717,
439,0.0058,0.2112,0.5259,0.0596,0.0041,0.2225,0.0001,0.0626,0.1264,0.0003,0.1629,0.666,0.1247,1.5419,4.2474,0.4637,6.3245,
440,0.0061,0.1747,0.5765,0.0565,0.0041,0.2246,0.0001,0.0683,0.1075,0.0002,0.1569,0.6334,0.117,1.5213,4.4803,0.5721,6.6476,
441,0.006,0.2158,0.6263,0.0523,0.0024,0.2897,0.0001,0.0665,0.1241,0.0002,0.1778,0.7312,0.1353,1.7289,4.3952,0.5134,6.7113,
442,0.0063,0.1692,0.5805,0.0603,0.007,0.2273,0.0001,0.065,0.1224,0.0002,0.1679,0.6647,0.109,1.5377,4.2856,0.5735,6.4704,
443,0.006,0.2089,0.5443,0.0522,0.0042,0.2248,0.0001,0.0537,0.1258,0.0002,0.166,0.6429,0.1184,1.5326,4.2694,0.5676,6.4408,
444,0.0056,0.209,0.5282,0.0593,0.002,0.3268,0.0001,0.0696,0.133,0.0002,0.1715,0.7778,0.1088,1.6391,4.5651,0.5588,6.8365,
445,0.0059,0.2059,0.5583,0.0537,0.0042,0.2272,0,0.1627,0.1112,0.0002,0.1753,0.7517,0.1116,1.6435,4.2338,0.5596,6.5086,
446,0.0059,0.2087,0.5176,0.0604,0.0027,0.222,0.0001,0.0523,0.1152,0.0002,0.1756,0.643,0.1131,1.4987,4.0079,0.5068,6.0826,
447,0.0059,0.2051,0.5175,0.0595,0.004,0.2148,0.0001,0.0621,0.1244,0.0002,0.1646,0.6464,0.1118,1.4931,4.1308,0.5557,6.2517,
448,0.006,0.1952,0.674,0.0611,0.0059,0.2329,0.0001,0.0567,0.1172,0.0002,0.1583,0.6493,0.113,1.6523,4.3791,0.5675,6.6731,
449,0.0061,0.2133,0.6945,0.0619,0.0021,0.2498,0,0.0585,0.1158,0.0002,0.2074,0.7122,0.1325,1.7706,4.3034,0.4957,6.6439,
450,0.006,0.2061,0.5488,0.0543,0.0043,0.3441,0.0002,0.0746,0.1353,0.0003,0.1671,0.7991,0.1324,1.7057,4.2337,0.5482,6.5596,
451,0.0057,0.2056,0.5408,0.0564,0.0037,0.2162,0.0001,0.0554,0.1256,0.0002,0.2672,0.7382,0.1114,1.6096,3.8078,0.5421,6.0285,
452,0.0059,0.1945,0.5356,0.0524,0.0017,0.2148,0,0.0582,0.1119,0.0002,0.1869,0.6379,0.1226,1.5047,4.2984,0.5752,6.4481,
453,0.0058,0.2207,0.5378,0.0514,0.0016,0.217,0.0001,0.0538,0.1222,0.0002,0.176,0.6373,0.0982,1.5131,4.2984,0.5504,6.4321,
454,0.0057,0.2121,0.5421,0.0565,0.0062,0.2159,0.0001,0.0704,0.1245,0.0002,0.1701,0.6608,0.1016,1.5304,4.285,0.5518,6.4365,
455,0.0056,0.2073,0.5339,0.0617,0.0049,0.2255,0.0001,0.0626,0.1247,0.0002,0.1662,0.6608,0.1282,1.5475,4.2454,0.5274,6.3903,
456,0.0061,0.1832,0.5604,0.0548,0.0041,0.239,0.0001,0.0602,0.1136,0.0002,0.1589,0.6445,0.2146,1.6222,4.5336,0.565,6.7962,
457,0.0056,0.2127,0.6041,0.0574,0.002,0.2273,0.0001,0.0797,0.1288,0.0002,0.1776,0.6911,0.2434,1.7709,4.2895,0.5516,6.6847,
458,0.0059,0.2167,0.5957,0.0538,0.0076,0.2313,0.0001,0.06,0.1249,0.0002,0.1678,0.6671,0.111,1.6067,4.2196,0.548,6.446,
459,0.006,0.2277,0.5529,0.0529,0.002,0.2184,0.0001,0.0594,0.1118,0.0002,0.1748,0.6373,0.1208,1.5595,4.2193,0.5053,6.3586,
460,0.0059,0.2196,0.5323,0.0555,0.0066,0.2291,0.0001,0.058,0.1272,0.0003,0.1744,0.6717,0.112,1.5504,4.2308,0.5165,6.3674,
461,0.0058,0.2146,0.58,0.0523,0.0028,0.22,0.0001,0.0642,0.122,0.0002,0.1687,0.645,0.1236,1.5842,4.3504,0.5529,6.5617,
462,0.006,0.2127,0.5323,0.0575,0.0036,0.262,0.0001,0.0539,0.1282,0.0003,0.1649,0.6842,0.1168,1.5595,4.0814,0.5139,6.2274,
463,0.0057,0.2095,0.5178,0.0533,0.0038,0.2161,0,0.0623,0.1119,0.0001,0.1635,0.6214,0.109,1.4709,4.3043,0.5145,6.3617,
464,0.0061,0.0942,0.5579,0.0528,0.0017,0.235,0.0001,0.0577,0.1128,0.0002,0.1769,0.6532,0.118,1.4421,4.3113,0.5382,6.3665,
465,0.0057,0.205,0.5762,0.055,0.0048,0.2243,0,0.063,0.1254,0.0003,0.1608,0.652,0.1058,1.5536,4.3295,0.5445,6.5004,
466,0.0058,0.22,0.5897,0.0577,0.0041,0.2278,0.0001,0.0684,0.1269,0.0002,0.1816,0.682,0.1102,1.6177,4.2383,0.5161,6.4463,
467,0.0057,0.2138,0.5223,0.0501,0.0016,0.212,0.0001,0.0615,0.1203,0.0002,0.1581,0.6133,0.109,1.4742,4.2211,0.4966,6.2647,
468,0.0061,0.2094,0.572,0.0524,0.0042,0.2342,0.0001,0.0606,0.1281,0.0003,0.1578,0.6537,0.1093,1.5629,4.2068,0.512,6.3563,
469,0.0058,0.2047,0.522,0.0563,0.0046,0.2251,0.0001,0.0631,0.1235,0.0002,0.1734,0.6627,0.1244,1.529,4.2855,0.5395,6.4267,
470,0.006,0.2033,0.5415,0.0543,0.0041,0.2223,0.0001,0.0663,0.1268,0.0002,0.1674,0.6595,0.1133,1.5342,4.2789,0.5434,6.4294,
471,0.0059,0.1966,0.5217,0.0519,0.0019,0.2197,0,0.0627,0.1155,0.0003,0.1717,0.6371,0.1176,1.4869,4.0901,0.4973,6.1512,
472,0.0134,0.186,0.591,0.0515,0.0018,0.2314,0.0001,0.0668,0.1142,0.0003,0.1776,0.6627,0.1218,1.5889,4.4479,0.5693,6.6858,
473,0.0061,0.2227,0.5485,0.0549,0.0016,0.2165,0.0001,0.0573,0.1237,0.0002,0.1808,0.6589,0.1251,1.5725,4.1991,0.5843,6.4325,
474,0.006,0.2125,0.5626,0.0528,0.0048,0.2168,0.0001,0.0532,0.128,0.0002,0.1687,0.641,0.1198,1.5506,4.1842,0.5852,6.3895,
475,0.006,0.1941,0.551,0.0539,0.0037,0.2251,0.0001,0.0578,0.125,0.0002,0.179,0.6601,0.1127,1.5327,4.1392,0.4653,6.2109,
476,0.0061,0.2343,0.5685,0.0546,0.0036,0.2257,0.0001,0.067,0.1276,0.0002,0.1737,0.675,0.1198,1.6155,4.2264,0.5238,6.4368,
477,0.006,0.2033,0.6379,0.0612,0.0052,0.2649,0.0001,0.057,0.1217,0.0002,0.1626,0.6881,0.1131,1.6569,4.1786,0.5147,6.4262,
478,0.0062,0.2108,0.532,0.0527,0.0036,0.258,0.0001,0.1574,0.1111,0.0003,0.179,0.778,0.1173,1.6588,4.1187,0.4921,6.3429,
479,0.0057,0.2041,0.5583,0.0573,0.0039,0.2359,0,0.0657,0.1267,0.0002,0.1615,0.6684,0.1264,1.5718,4.1621,0.4833,6.287,
480,0.006,0.2068,0.5926,0.0584,0.0019,0.2268,0.0001,0.0619,0.1191,0.0002,0.1655,0.6497,0.113,1.5811,4.3127,0.5189,6.4912,
481,0.0066,0.224,0.5554,0.0611,0.0077,0.2306,0.0001,0.0621,0.1117,0.0003,0.2183,0.7151,0.1107,1.6254,4.3264,0.5568,6.5888,
482,0.0065,0.2056,0.5626,0.055,0.0023,0.3072,0,0.0547,0.1229,0.0003,0.1674,0.7267,0.1198,1.6308,4.3034,0.5238,6.5334,
483,0.0056,0.2123,0.5461,0.0518,0.0037,0.2693,0.0001,0.0615,0.1225,0.0002,0.2837,0.8098,0.1248,1.7093,4.1699,0.4474,6.3985,
484,0.006,0.2038,0.5588,0.0494,0.0018,0.2744,0.0001,0.06,0.1272,0.0002,0.1806,0.7088,0.1105,1.5973,3.9856,0.4604,6.1162,
485,0.0059,0.2128,0.5379,0.0601,0.0019,0.2276,0.0001,0.0689,0.1243,0.0003,0.1825,0.6797,0.1068,1.5558,4.1875,0.4972,6.3177,
486,0.0057,0.2142,0.5843,0.0562,0.004,0.2212,0.0001,0.0634,0.1255,0.0002,0.1636,0.6484,0.1189,1.5816,4.1851,0.5121,6.3515,
487,0.0056,0.2072,0.5435,0.0555,0.0043,0.2624,0.0001,0.0634,0.1237,0.0003,0.1627,0.6892,0.1133,1.5688,4.3016,0.5122,6.455,
488,0.0062,0.0918,0.5559,0.0543,0.002,0.2399,0.0001,0.0681,0.1127,0.0002,0.1749,0.6694,0.1235,1.4589,3.9823,0.5274,6.0451,
489,0.006,0.2119,0.5384,0.0662,0.0069,0.2874,0.0001,0.0641,0.1275,0.0002,0.1616,0.7339,0.1109,1.6116,4.2312,0.4557,6.3726,
490,0.0062,0.2152,0.5737,0.0502,0.0022,0.27,0.0001,0.0769,0.1271,0.0002,0.1828,0.7234,0.1148,1.6472,4.2178,0.5141,6.4517,
491,0.0057,0.2136,0.5535,0.0521,0.004,0.2662,0,0.0665,0.1259,0.0002,0.165,0.6927,0.1194,1.596,4.201,0.508,6.3748,
492,0.0055,0.2139,0.5558,0.0586,0.0044,0.2653,0.0002,0.0733,0.1215,0.0003,0.1645,0.7053,0.1167,1.6094,4.257,0.5261,6.4678,
493,0.0062,0.2177,0.5465,0.054,0.0039,0.2636,0,0.0635,0.1259,0.0003,0.1784,0.7025,0.1195,1.6029,4.1708,0.498,6.3451,
494,0.006,0.2109,0.5337,0.0589,0.0036,0.2623,0,0.0607,0.1254,0.0002,0.1636,0.6907,0.1125,1.5639,4.2532,0.5224,6.411,
495,0.006,0.2006,0.5545,0.0507,0.0015,0.2499,0.0001,0.0748,0.1163,0.0002,0.186,0.6959,0.1103,1.577,4.192,0.558,6.4009,
496,0.0061,0.2469,0.5492,0.0492,0.0042,0.288,0.0001,0.0621,0.1156,0.0003,0.1589,0.6945,0.1109,1.622,4.3806,0.5503,6.6244,
497,0.0059,0.2152,0.5605,0.0522,0.0023,0.3009,0.0001,0.0653,0.1251,0.0002,0.1807,0.7442,0.101,1.6383,3.5661,0.5336,5.8107,
498,0.0058,0.2079,0.5642,0.0532,0.0021,0.2742,0.0001,0.0634,0.1236,0.0003,0.1615,0.694,0.1173,1.5999,4.4296,0.5295,6.6319,
499,0.0061,0.2025,0.5495,0.0581,0.0024,0.2208,0.0001,0.0643,0.1219,0.0002,0.1648,0.6444,0.1209,1.5342,4.2602,0.5748,6.442,
500,0.0058,0.2162,0.5443,0.0557,0.004,0.226,0.0001,0.0564,0.1182,0.0002,0.176,0.6557,0.1216,1.5526,4.3208,0.5294,6.4744,
501,0.006,0.1978,0.5452,0.0534,0.0051,0.2273,0.0001,0.0637,0.1249,0.0002,0.167,0.6599,0.1058,1.5222,4.3512,0.5414,6.4868,
502,0.0056,0.2292,0.562,0.053,0.0017,0.2661,0.0001,0.0636,0.1146,0.0002,0.1733,0.6869,0.0975,1.5913,4.3945,0.5066,6.5657,
503,0.0059,0.2064,0.5489,0.0532,0.0057,0.2708,0.0001,0.0558,0.1245,0.0002,0.1661,0.6928,0.1111,1.5773,4.1754,0.5159,6.3399,
504,0.0061,0.0839,0.5758,0.0594,0.004,0.2712,0,0.0622,0.111,0.0003,0.1556,0.6805,0.1029,1.4616,4.5937,0.5767,6.7102,
505,0.0061,0.1028,0.567,0.0645,0.0041,0.2384,0.0001,0.0578,0.1264,0.0002,0.172,0.6817,0.1323,1.4992,4.3856,0.5365,6.4976,
506,0.0061,0.2002,0.5739,0.0577,0.0043,0.2637,0.0001,0.0632,0.1304,0.0001,0.1728,0.7085,0.1159,1.6147,4.1746,0.5834,6.4467,
507,0.0055,0.2493,0.5639,0.0567,0.004,0.2644,0.0001,0.0618,0.1264,0.0002,0.1602,0.6904,0.1078,1.6396,4.0918,0.5607,6.3625,
508,0.0059,0.2053,0.5664,0.0557,0.0022,0.2722,0,0.0561,0.122,0.0003,0.1752,0.6998,0.1187,1.6056,4.0529,0.5336,6.2619,
509,0.0058,0.2104,0.561,0.0544,0.0038,0.2868,0.0001,0.0623,0.129,0.0002,0.1788,0.7285,0.1108,1.6255,4.2699,0.52,6.4847,
510,0.0059,0.2108,0.5863,0.0565,0.004,0.2246,0.0001,0.068,0.1215,0.0002,0.1613,0.6509,0.1221,1.5833,4.3428,0.5326,6.5292,
511,0.0058,0.2064,0.5399,0.0536,0.004,0.2672,0.0001,0.0525,0.1223,0.0002,0.172,0.6833,0.1027,1.5477,3.9592,0.5731,6.1504,
512,0.0061,0.2686,0.5712,0.0578,0.0023,0.2671,0,0.0696,0.1113,0.0002,0.1666,0.6871,0.1238,1.6704,4.3447,0.5138,6.6001,
513,0.0059,0.2092,0.5337,0.0473,0.0018,0.3831,0.0001,0.0755,0.1122,0.0002,0.1826,0.8162,0.1039,1.6767,4.3601,0.4577,6.5661,
514,0.0059,0.2147,0.5417,0.0536,0.0017,0.2197,0.0001,0.0638,0.1233,0.0002,0.2192,0.6933,0.1253,1.589,4.1376,0.5815,6.3802,
515,0.0058,0.2095,0.5715,0.0524,0.0042,0.2811,0.0001,0.0653,0.1326,0.0002,0.1623,0.7114,0.1212,1.6307,3.9137,0.5075,6.1257,
516,0.0056,0.2158,0.5419,0.0601,0.0032,0.2711,0.0001,0.0673,0.1243,0.0002,0.1637,0.7039,0.1125,1.5907,3.9564,0.5055,6.1248,
517,0.0057,0.2079,0.5439,0.0547,0.0037,0.2623,0.0001,0.0643,0.1238,0.0002,0.1724,0.6969,0.1063,1.5721,4.268,0.4723,6.3818,
518,0.0063,0.2087,0.5588,0.0523,0.0049,0.2253,0.0001,0.0642,0.114,0.0003,0.1753,0.6568,0.1136,1.5553,3.7817,0.3508,5.7582,
519,0.0057,0.2177,0.5397,0.0599,0.0046,0.2233,0,0.0623,0.1248,0.0002,0.1692,0.6566,0.1187,1.5458,4.3044,0.5194,6.4456,
